,recording_msid,track_metadata.mbid_mapping.recording_mbid,artists,full_artists,full_track_name
0,27e28615-13a7-4601-b3ac-2f10be98e7f6,d42bff45-1634-420a-a8eb-7e52aa1b88c2,Wind Walkers,Wind Walkers,Feeding the Gods - Wind Walkers
1,09619b3a-2bad-426f-8a21-170e2ece8afc,522694e6-e9fa-4c23-95c3-eaa802c85b44,Wind Walkers,Wind Walkers,Euphoria (What a Feeling) - Wind Walkers
2,a02b7f45-4185-4ab3-9745-385c9aeccfbb,9e78a65d-6c2b-4590-8dc8-14729d7079f7,Wind Walkers,Wind Walkers,Eating My Heart Out - Wind Walkers
3,5b1b5035-0ec8-42f3-8f01-a5a186ba18ff,36dbf0bb-c439-4f99-b4bd-11c8f03d5d5b,Wind Walkers,Wind Walkers,Drowning Hymns - Wind Walkers
4,d4cc99c4-1b64-4f7f-ac64-581afd8fa36e,82704d01-be95-4d42-8155-bb0a3322c734,Wind Walkers,Wind Walkers,Dissipate - Wind Walkers
5,7bbd5592-c209-4507-8d6f-b4d64882594e,598967b9-eb12-4dcf-b4ba-c19de63935c0,Wind Walkers,Wind Walkers,Dead Talk - Wind Walkers
6,0f676c2f-640b-487e-8a87-ab97a6368031,aafaf137-8777-461d-8eaa-48cd12b94d5a,Wind Walkers,Wind Walkers,Bodybag - Wind Walkers
7,154d955e-ccb6-4511-afd4-460cc97209ef,bd9f7083-d8c5-420e-871a-4319a0840e9e,Wind Walkers,Wind Walkers,The Overlook - Wind Walkers
8,7a3e0dbc-2dca-48b5-9e98-2f7ae19e7ea8,b82c266c-23ec-479f-9061-53156fb5d10a,Wind Walkers,Wind Walkers,The End Aesthetic - Wind Walkers
9,ccf23c3a-8a81-481f-b28f-92e67ed6dc42,2c1089da-b4ad-4eb2-8623-593970e4c433,Wind Walkers,Wind Walkers,The Bends - Wind Walkers
10,b0155224-8f93-47fb-89c7-6eef1f6cb3d8,d23c5d7e-1670-4356-bca6-4512da33f9a0,Wind Walkers,Wind Walkers,Sink Into Me - Wind Walkers
11,5571de94-da60-4390-88ff-94b8381d754e,53933b89-d9e9-49ec-85f5-aa1a822f8655,Wind Walkers,Wind Walkers,Silk & Static - Wind Walkers
12,8af7e691-a27f-410b-b88a-da44af860aed,028fbea0-6994-483c-8f03-4fa3b3acc70a,Wind Walkers,Wind Walkers,Losing My Color - Wind Walkers
13,3c4cca53-e11e-4d04-9c19-05930259bd96,9fe166f6-d058-404d-a027-aa3aebb4a7b2,Wind Walkers,Wind Walkers,Hereditary - Wind Walkers
14,2999bff2-b94b-4cbb-a364-a96502981c38,4ffcaf69-23c2-4403-af44-5413675696c0,Highly Suspect,Highly Suspect,Midnight Demon Club - Highly Suspect
15,de1118ce-6b21-4ad3-9b9e-acbcf65686f6,3b8c7e73-cbc4-405e-bd1d-e24d9c380225,All Time Low,All Time Low,Pretty Venom (interlude) - All Time Low
16,8e33223f-145c-4605-ad04-952f351cca08,771672c2-ccbf-4da4-b0a7-33b3482c1586,Bazzi,Bazzi,Beautiful - Bazzi
17,6e058060-132f-45e0-902f-ef7615e1c0e2,2232b4a4-1563-43a7-b813-bdd3d82e1cb4,Pierce the Veil,Pierce the Veil,Dive In - Pierce the Veil
18,7f398d7d-1d14-4ca4-979a-5f9a9365f5d0,796d61e5-9315-4140-b6f1-39a69338703b,Pierce the Veil,Pierce the Veil,Bulls in the Bronx - Pierce the Veil
19,0d1502e7-c55f-47a2-bc45-4fbb166579f2,6a00dc79-886a-4a66-9fa7-2a752b6c25d6,The Home Team,The Home Team,Loud - The Home Team
20,1acc7e56-7150-4766-ae87-b16426a3cc3c,f3f44d7c-0a28-4fcd-9eb7-0837acdb702a,Travis Scott,Travis Scott  feat.  Justin Bieber  &  Young Thug ,Maria I’m Drunk - Travis Scott  feat.  Justin Bieber  &  Young Thug 
20,1acc7e56-7150-4766-ae87-b16426a3cc3c,f3f44d7c-0a28-4fcd-9eb7-0837acdb702a,Justin Bieber,Travis Scott  feat.  Justin Bieber  &  Young Thug ,Maria I’m Drunk - Travis Scott  feat.  Justin Bieber  &  Young Thug 
20,1acc7e56-7150-4766-ae87-b16426a3cc3c,f3f44d7c-0a28-4fcd-9eb7-0837acdb702a,Young Thug,Travis Scott  feat.  Justin Bieber  &  Young Thug ,Maria I’m Drunk - Travis Scott  feat.  Justin Bieber  &  Young Thug 
21,8343fa04-132e-41d8-b91b-b08a00285488,58301927-8817-4237-83e3-d932cfa5cee7,Drake,Drake,Search & Rescue - Drake
22,3edacf7c-a776-49ba-9949-a49d3c5918c9,f8827ec4-3723-40fe-b790-ea67c8cbe42b,Arizona Zervas,Arizona Zervas,FML - Arizona Zervas
23,589f7a70-20d2-47d2-916a-d428305648df,df22e60b-2a3d-4b51-b210-c4fed4f6a1df,Bryson Tiller,Bryson Tiller,Exchange - Bryson Tiller
24,0dada5b6-36a8-4aaf-89e4-f1068e930970,c7ce75d5-4e1e-49f4-b9ac-fd69576674f3,Boogie,Boogie,Self Destruction - Boogie
25,2538a2fe-a38e-41b8-ad61-7c38d8da5ceb,db752e4c-7756-4723-9bdf-6ae7940d654a,Joey Bada$$,Joey Bada$$,Land of the Free - Joey Bada$$
26,c270d5e6-258a-4f5d-87b1-75afa9e7909b,,,,Bitcoin - YungManny
27,ae04a3c6-6152-4f9a-acb4-9bed9fbbd5cd,d0907b81-04f5-4dad-9c4a-af53100374b8,JID,JID,WRK - JID
28,8e7f491f-2259-479b-9ba2-111ba85110f5,5d8d4a87-cecf-43e4-b2f1-4b2e12eedb05,Kanye West,Kanye West,Famous - Kanye West
29,96367cb9-a46a-4a67-8688-a51c9ce472f8,8926d38f-feac-4a3f-a1f4-591f0f25e2f4,Future,"Future ,  Metro Boomin ,  Travis Scott  &  Playboi Carti ","Type Shit - Future ,  Metro Boomin ,  Travis Scott  &  Playboi Carti "
29,96367cb9-a46a-4a67-8688-a51c9ce472f8,8926d38f-feac-4a3f-a1f4-591f0f25e2f4,Metro Boomin,"Future ,  Metro Boomin ,  Travis Scott  &  Playboi Carti ","Type Shit - Future ,  Metro Boomin ,  Travis Scott  &  Playboi Carti "
29,96367cb9-a46a-4a67-8688-a51c9ce472f8,8926d38f-feac-4a3f-a1f4-591f0f25e2f4,Travis Scott,"Future ,  Metro Boomin ,  Travis Scott  &  Playboi Carti ","Type Shit - Future ,  Metro Boomin ,  Travis Scott  &  Playboi Carti "
29,96367cb9-a46a-4a67-8688-a51c9ce472f8,8926d38f-feac-4a3f-a1f4-591f0f25e2f4,Playboi Carti,"Future ,  Metro Boomin ,  Travis Scott  &  Playboi Carti ","Type Shit - Future ,  Metro Boomin ,  Travis Scott  &  Playboi Carti "
30,4eabca02-2370-4d0a-a0ac-efc8d4f66f73,a4b91bee-5506-437a-8e67-25fc4818ae72,A$AP Ferg,A$AP Ferg  feat.  Future ,New Level - A$AP Ferg  feat.  Future 
30,4eabca02-2370-4d0a-a0ac-efc8d4f66f73,a4b91bee-5506-437a-8e67-25fc4818ae72,Future,A$AP Ferg  feat.  Future ,New Level - A$AP Ferg  feat.  Future 
31,00775bdb-6cee-46bb-aec6-022cbcece8dd,e4e590fb-5115-4a6a-a5f6-699220e2040c,Slaves,Slaves,True Colors - Slaves
32,28d40ffb-f1c6-4e05-aa36-7382e860e141,5d7fe999-f088-495f-b32b-6da2694224a0,Rain City Drive,Rain City Drive  &  Dayseeker ,Medicate Me - Rain City Drive  &  Dayseeker 
32,28d40ffb-f1c6-4e05-aa36-7382e860e141,5d7fe999-f088-495f-b32b-6da2694224a0,Dayseeker,Rain City Drive  &  Dayseeker ,Medicate Me - Rain City Drive  &  Dayseeker 
33,adbf0797-6b5d-42ff-95ab-c24112ca1af3,68848fb5-1eaa-4072-b7ae-a2ab09104d0b,Sleep Token,Sleep Token,Provider - Sleep Token
34,fccc1f72-bfe5-41e0-9ef1-359fd3e275d5,c13b998e-50d0-4671-8912-d079e85a577e,Sleep Token,Sleep Token,Even in Arcadia - Sleep Token
35,54d5a06a-2ac6-403f-a51d-d828579c8a3d,fd0f1ec4-b075-4de4-8781-577eabcf9a2e,Sleep Token,Sleep Token,Take Me Back to Eden - Sleep Token
36,8f7edc81-14f9-4703-9699-2dfdc0dbb5fe,94b94e05-747c-4ef3-9342-aa35862516aa,Sleep Token,Sleep Token,Caramel - Sleep Token
37,4d981c1d-8650-4a26-9afb-07b29dfde681,2dd93701-b790-4134-8c31-5eeee950ee4a,Dayseeker,Dayseeker,Burial Plot - Dayseeker
38,3850dba0-d15d-4db0-a70f-dfc2d7149ab6,ac750bcc-5fb5-4d56-97fc-573a8f3c0267,Bring Me the Horizon,Bring Me the Horizon  feat.  Nova Twins ,1x1 - Bring Me the Horizon  feat.  Nova Twins 
38,3850dba0-d15d-4db0-a70f-dfc2d7149ab6,ac750bcc-5fb5-4d56-97fc-573a8f3c0267,Nova Twins,Bring Me the Horizon  feat.  Nova Twins ,1x1 - Bring Me the Horizon  feat.  Nova Twins 
39,327818ca-0790-4df7-a2b9-1628aaf14305,dce08173-d582-4928-8dc7-d001030eef1b,Pierce the Veil,Pierce the Veil,I Don’t Care If You’re Contagious - Pierce the Veil
40,95b32879-f64d-4266-acd1-2bd3b6184058,9f26dd50-aff9-4071-b074-1c41d9846555,Sleep Token,Sleep Token,Chokehold - Sleep Token
41,ffd21fe9-4c3b-4782-8ce2-6bae48237309,a3262258-9aa4-457d-a71b-5e7971a12610,Sleep Token,Sleep Token,Dangerous - Sleep Token
42,c5470704-079d-4289-b0a6-af0aa247cb78,502bf7e1-bdbe-49a1-8654-26609f3397e7,Pierce the Veil,Pierce the Veil,Shared Trauma - Pierce the Veil
43,f68586a4-918c-4c5e-bfd6-40ba6f29150f,6ef74c82-74ce-4866-940c-07d25c8b9342,Pierce the Veil,Pierce the Veil,Even When I’m Not With You - Pierce the Veil
44,3e4bb67a-bbf7-4447-b1ec-819859d8c616,e45fe983-eaa5-455c-b6f3-998ec1e4e4a8,Pierce the Veil,Pierce the Veil,Today I Saw the Whole World - Pierce the Veil
45,71ad58b1-cab6-46ed-80ba-b64f455eb0f7,e4946782-3ee7-42c5-a62b-384ac3ae0259,Pierce the Veil,Pierce the Veil,Texas Is Forever - Pierce the Veil
46,fd55c6c7-ceea-4271-863a-2a758199d269,34fc829e-d9ac-4377-bc0e-77ba7a7a0ce8,Bring Me the Horizon,Bring Me the Horizon  feat.  AURORA ,liMOusIne - Bring Me the Horizon  feat.  AURORA 
46,fd55c6c7-ceea-4271-863a-2a758199d269,34fc829e-d9ac-4377-bc0e-77ba7a7a0ce8,AURORA,Bring Me the Horizon  feat.  AURORA ,liMOusIne - Bring Me the Horizon  feat.  AURORA 
47,cf88800b-9dff-4ce7-adb1-346daf6add3f,c691f7de-e2cb-4c51-ad71-b8a8999550b4,Wind Walkers,Wind Walkers,Hangfire - Wind Walkers
48,63fbb554-3803-458c-9627-817f3f6bb309,020630c0-978b-4b5c-9e91-ccc2e5227df1,Rain City Drive,Rain City Drive,Cutting It Close - Rain City Drive
49,e1e8bd67-8702-4c59-aa1a-ee809d89ae5f,7d867ce0-1190-4277-ba06-b941c3dde497,Bring Me the Horizon,Bring Me the Horizon,What You Need - Bring Me the Horizon
50,9000e711-de15-4244-b1fa-da1e86c42ea4,58c0ca9d-dfa4-4d73-8ece-22c3b733de28,Bring Me the Horizon,Bring Me the Horizon,Run - Bring Me the Horizon
51,08327cee-20e1-41e0-9c0a-8f4ed23bfef6,66adcb12-68a5-4922-81f8-0aca64e01588,Pierce the Veil,Pierce the Veil,Besitos - Pierce the Veil
52,3d539d30-5db8-4e93-90e7-8126c1b96e60,,,,MARTYR - Ekoh feat. Dayseeker
53,c988e3bf-ab89-46b9-b440-9d32e1fb909f,7bb24606-6ef6-4f0a-ba79-aa10b5526907,Dayseeker,Dayseeker,Nocturnal Remedy - Dayseeker
54,73b1f42f-bf5b-4318-8c9e-99ae3166066d,c8fe72d2-e311-4d70-956d-bb46dbfce32e,Sleep Token,Sleep Token,Ascensionism - Sleep Token
55,6419fd7f-3eb1-47fa-9633-ee38e583d88f,fa263813-9106-43f5-88d0-7c978705e758,Dayseeker,Dayseeker,Shapeshift - Dayseeker
56,4a15d887-08ac-4c9e-972d-dca21cf3ed7b,1c9dacce-a180-48a2-8efd-504c485689c8,Slaves,Slaves,Talk to a Friend - Slaves
57,273fecfe-1e0b-44ab-8640-8cfd67c7f826,863dd3b3-c525-427c-a0fb-faa75b1dde37,Bring Me the Horizon,Bring Me the Horizon,Can You Feel My Heart - Bring Me the Horizon
58,bd67c261-dfbe-4e83-afbd-9511ee073761,97fd9e63-a12d-42eb-b47f-8420276f4c73,Sleep Token,Sleep Token,The Offering - Sleep Token
59,de94eadc-bcce-40bd-8181-5a094ee98a48,f353928a-8651-4cd3-b1a1-0177b4d04000,Pierce the Veil,Pierce the Veil,Flawless Execution - Pierce the Veil
60,e18b7f25-99f4-4e88-af08-0061ac5c16f9,f1ffbd05-d86b-402f-baf3-2e6bfb54f96c,Sleep Token,Sleep Token,Look to Windward - Sleep Token
61,2582a255-71cc-424c-967f-39284ce27bd7,9a37994c-8896-43e5-92ea-4135934300fc,Nerv,Nerv,Bad Habits - Nerv
62,bec571d6-ac46-4aed-ac5f-679c40fa4e92,1f518ebe-3784-4929-9d8a-f50d75bb1b1e,Nerv,Nerv,Blue - Nerv
63,52b6a81c-0efd-45b5-866f-f393566404ef,147b2c34-2e4d-4dfb-9a39-fa45a069e790,Slaves,Slaves,My Soul Is Empty and Full of White Girls - Slaves
64,44b4fc55-7ab7-4418-9f6b-c9c442b51ec1,ddaa5dec-bc3c-4945-89ec-3b311a989b30,Dayseeker,Dayseeker,Without Me - Dayseeker
65,fa9e2875-f894-4585-8964-a956ceb0b429,b17e9b74-68b0-4905-a8d1-73101780fc73,Dayseeker,Dayseeker,Soulburn - Dayseeker
66,1e27b66a-35f7-4cf7-82be-60ca4373dfca,c863c606-405d-488e-b06b-2a4e954c7239,PINKNOISE,PINKNOISE  &  Wind Walkers ,RAIN - PINKNOISE  &  Wind Walkers 
66,1e27b66a-35f7-4cf7-82be-60ca4373dfca,c863c606-405d-488e-b06b-2a4e954c7239,Wind Walkers,PINKNOISE  &  Wind Walkers ,RAIN - PINKNOISE  &  Wind Walkers 
67,ea237775-0500-443f-b059-59ca97426b67,d10a9d57-f7c4-434f-97c4-eb80c6c784a0,Bring Me the Horizon,Bring Me the Horizon,R.i.p. (duskCOre RemIx) - Bring Me the Horizon
68,d46c9742-c5e0-47c2-846f-79a0d319176e,44167d9c-9cbb-4d40-adab-5e6946e8a50a,Dayseeker,Dayseeker,Creature in the Black Night - Dayseeker
69,3581b664-90f3-4f8c-bc27-572e6cf449ef,8cf642f6-93a6-4e1a-a180-797301700060,Pierce the Veil,Pierce the Veil,Stained Glass Eyes and Colorful Tears - Pierce the Veil
70,be275d45-bb19-413c-baf1-4a386b67bb2f,bda7507c-1aad-46d1-a68e-a6a68f81a056,Pierce the Veil,Pierce the Veil,Gold Medal Ribbon - Pierce the Veil
71,78ce93a7-ad0f-446f-a42b-9526348a4cf4,2e29167c-e217-41c3-a343-b1f699011c0c,Dayseeker,Dayseeker,Crooked Soul - Dayseeker
72,311bdc7b-153a-46b9-b6eb-46e5962380cd,4822a9e2-6c7d-4c89-8793-297e72105492,Sleep Token,Sleep Token,Rain - Sleep Token
73,3d17359c-77d7-4ac9-8b19-febea60d807c,8e57019e-b2b8-4965-a442-63993c3d1216,Pierce the Veil,Pierce the Veil,A Match Into Water - Pierce the Veil
74,cb435660-2046-4b63-824c-890684bef70d,78d299f7-a090-4ffd-b896-c3c135d55a0d,Sleep Token,Sleep Token,The Apparition - Sleep Token
75,d00a0f1b-ee5f-453f-879a-746af89ed779,c6f53ca7-aa86-4290-a6e4-496b8aec9cb6,Sleep Token,Sleep Token,Give - Sleep Token
76,8eaf5595-986c-42f3-bb80-979a56698194,69af97b4-3e71-43d6-9993-2c5a93092731,Bring Me the Horizon,Bring Me the Horizon,Parasite Eve - Bring Me the Horizon
77,f6990ee3-4a3e-430a-bca1-1b9db810756f,127842b6-6a9e-44ad-9ec0-27b451df7362,Bring Me the Horizon,Bring Me the Horizon,Teardrops - Bring Me the Horizon
78,178bde0b-c07f-42bc-b3d1-05087493e2a8,b6f19762-1124-4919-9445-dd081fa87428,Dayseeker,Dayseeker,Bloodlust - Dayseeker
79,6bd2658e-a1ff-4723-abc6-24133ea00ba4,64cde045-5d03-47bc-8d9e-9789dbefc7e3,Bring Me the Horizon,Bring Me the Horizon,Follow You - Bring Me the Horizon
80,4e6b669e-574d-4577-aba6-bf37ba8932af,ee04a1cd-70da-4eb9-a1a2-b0bdde818df3,Pierce the Veil,Pierce the Veil,Currents Convulsive - Pierce the Veil
81,8ce48e68-9a09-4672-9793-20eaab4ab836,1d7efa94-d67e-4c07-83da-d807192b02cf,Bring Me the Horizon,Bring Me the Horizon,True Friends - Bring Me the Horizon
82,dc11e8f8-c069-4b63-812a-437811fcac76,6614583d-dee9-4849-a3b3-c8768ca47a2a,Dayseeker,Dayseeker,Dreamstate - Dayseeker
83,1d8fdda8-eb1a-48e7-89bd-6bbdda6557f8,d42528ce-1853-40dc-8909-23e96a91cbba,Bring Me the Horizon,Bring Me the Horizon,Doomed - Bring Me the Horizon
84,9f626b58-4ff7-494c-8edc-0da3ad6fc44c,dfa1852a-50ff-453d-a52e-f17707aa67ce,Bring Me the Horizon,Bring Me the Horizon,Shadow Moses - Bring Me the Horizon
85,7de820c2-d437-495c-911d-58524ad604eb,e89428ed-4422-4736-ba20-9142da057be3,Bring Me the Horizon,Bring Me the Horizon,LosT - Bring Me the Horizon
86,4f326212-cef0-4bc6-9387-9128842ed77d,05057303-2e91-4277-9120-d83b5cdda4cd,Sleep Token,Sleep Token,Sugar - Sleep Token
87,55954ffa-1891-4864-9319-7aa14ece7585,18361a1d-8980-476d-8fe5-c821a4ab3cd3,Wind Walkers,Wind Walkers,Almost Ecstasy - Wind Walkers
88,6c08d153-705a-45d4-8935-15e2382b7a1d,d258db36-aab2-4039-8e06-11979038ded0,Pierce the Veil,Pierce the Veil,Fast Times at Clairemont High - Pierce the Veil
89,556f4f54-2e6b-42c7-aa0a-ed2da1d434d8,2a55ad81-e868-44a9-966d-e3235270572f,Pierce the Veil,Pierce the Veil,Karma Police - Pierce the Veil
90,082c9a36-752a-4330-9584-ae712ef8bdef,109b989a-7fec-4f3b-a422-c14372d6728c,Bring Me the Horizon,Bring Me the Horizon,Blasphemy - Bring Me the Horizon
91,58d0c43e-be9a-4d29-9654-0369582c3ed9,8d864a42-2ab1-4e42-9932-4c069da48449,Slaves,Slaves,Prayers - Slaves
92,ae8e8433-9fe7-4d19-9b55-154c22befdf9,0133e675-b38f-4d23-854c-4a331f06214b,Pierce the Veil,Pierce the Veil,Phantom Power and Ludicrous Speed - Pierce the Veil
93,06b67330-e934-42c0-ba5d-119bb3624dfb,0ba8063f-6d83-45c2-bd1b-3846d923e0c3,Sleep Token,Sleep Token,Alkaline - Sleep Token
94,54d31258-35b5-4167-a6ee-292fbe4a07e5,daa72cc9-0a66-427d-b18f-2dd8df553164,Sleep Token,Sleep Token,Are You Really Okay? - Sleep Token
95,91c6d813-0670-4f21-aa2c-aaf85e893979,251f5c8d-1974-4d02-bb34-9039f6eb2492,Bring Me the Horizon,Bring Me the Horizon,Drown - Bring Me the Horizon
96,367f5a51-5d58-4b2f-a855-c66953008211,7072ec63-fdf0-4b2d-aac0-2a705a34ef0a,Bring Me the Horizon,Bring Me the Horizon,The House of Wolves - Bring Me the Horizon
97,9ba1f139-7f3c-4a19-9dbf-fb15529de00f,b5c8eed8-d086-4c5e-a16d-84e8a94400c3,Sleep Token,Sleep Token,Granite - Sleep Token
98,26a637c4-b0fd-4034-9aad-1dd592e7f060,2c11ba0a-9def-4532-b622-c3d12dce78b1,Slaves,Slaves,Heavier - Slaves
99,3125e30d-ea37-4dd6-8943-a4e2fcb4d518,7616d73a-d485-4852-abf6-6280f78b6c62,Dayseeker,Dayseeker,Pale Moonlight - Dayseeker
100,bbae7ed0-b895-4b58-8e67-9570ec68e730,ec2c781d-4709-4852-a3f2-e78082154bac,Nerv,Nerv,LOST! - Nerv
101,a93ba575-27e6-426f-9e20-e6b203c63d5f,59caab58-5a80-4f19-9f82-1ca99ba743c2,Sleep Token,Sleep Token,Damocles - Sleep Token
102,a30d2706-1059-455d-9d40-2600b86a61c8,d852abc9-c9b1-4b40-8c5e-a7fc261dc507,Sleep Token,Sleep Token,Aqua Regia - Sleep Token
103,e9e71c59-3706-4e43-b72d-5847556efe76,,,,easy exit - sace6 feat. Rain City Drive
104,8802b1e4-c1f8-450f-9ccc-bd21553b943d,184139fb-04a8-4eaf-86e3-8693a25c9a51,Bring Me the Horizon,Bring Me the Horizon,WONDERWaLL - Bring Me the Horizon
105,18e710f1-c0b1-4f5d-8e0e-7e82960b9c86,fd90d4bc-bb2d-4aa3-9de9-de4e3313053a,Sleep Token,Sleep Token,Euclid - Sleep Token
106,03f69121-b239-4459-b8e0-188e9f25b654,78659fca-ff54-4506-9935-37f93140e964,Bring Me the Horizon,Bring Me the Horizon,Happy Song - Bring Me the Horizon
107,c97d8735-4aa2-48b1-afb0-bea4dbae07b8,f21f5e67-fa0d-4c97-993f-887135d0f589,Pierce the Veil,Pierce the Veil,Death of an Executioner - Pierce the Veil
108,4865e6c8-5a6e-4ef5-8a61-1541fff62736,72c89ed9-7f92-4b8c-9ffc-e5315c31af18,Sleep Token,Sleep Token,High Water - Sleep Token
109,8e0ec33b-cdc7-440b-b55a-72d4fad61453,44db6871-6e7b-4ae6-905d-754d89f59bd3,Bring Me the Horizon,Bring Me the Horizon,Ludens - Bring Me the Horizon
110,7c1133c1-8396-448b-8a86-1dedad8752bf,9a343d9f-77c4-44af-b900-32b901890ee8,Pierce the Veil,Pierce the Veil,Disasterology - Pierce the Veil
111,e67658ea-b7f1-403f-94f3-68400bedc145,3629ee1e-9982-4a3e-aa6d-a710861b7403,Bring Me the Horizon,Bring Me the Horizon,Sleepwalking - Bring Me the Horizon
112,4ac951b3-0400-4126-ac58-048cb658f56a,53fd72e1-5de1-49aa-8588-a90d0cc1e449,Dayseeker,Dayseeker,Crawl Back to My Coffin - Dayseeker
113,1e5e5731-02a6-4b7b-aec3-f7d1bc962ea0,efff0d99-5b0b-455d-b528-9c2b26e762db,Bring Me the Horizon,Bring Me the Horizon,sugar honey ice & tea - Bring Me the Horizon
114,9d2c17a3-1279-45ad-b831-351120b30f9a,4a3a9555-12dc-4f20-873b-3070747fe933,Sleep Token,Sleep Token,Missing Limbs - Sleep Token
115,1d97e8ff-238e-42ce-a3f0-b6cc7bdb21b9,32464a50-6832-4bed-b04f-93804c667324,Pierce the Veil,Pierce the Veil,One Hundred Sleepless Nights - Pierce the Veil
116,1a8cb7ee-e5f8-4c95-beba-e9e09960571d,4005f086-8418-455f-8fb3-26e599a10047,Pierce the Veil,Pierce the Veil,Caraphernelia - Pierce the Veil
117,df902866-aa8f-4aa8-b3ff-21f0516a6d7b,a041a8dc-40ef-4331-b95b-7c0d2174bab8,Nerv,Nerv,Still Breathing - Nerv
118,dba3003d-8a59-4df9-9711-ca3e17de8d82,d1956b39-475e-4ade-8836-7f8473bb6d75,Bring Me the Horizon,Bring Me the Horizon  feat.  Dani Filth ,wonderful life - Bring Me the Horizon  feat.  Dani Filth 
118,dba3003d-8a59-4df9-9711-ca3e17de8d82,d1956b39-475e-4ade-8836-7f8473bb6d75,Dani Filth,Bring Me the Horizon  feat.  Dani Filth ,wonderful life - Bring Me the Horizon  feat.  Dani Filth 
119,0ad778ba-076a-4483-8e9e-63d0ffbdd013,d1aafb17-54ae-47d3-bcde-af2b7c6da925,Sleep Token,Sleep Token,Emergence - Sleep Token
120,246e2e7e-68e9-4ab7-97ab-ff39b7adbe38,69576cac-44de-47a8-bc94-047fc1be2aeb,Slaves,Slaves,Cursed - Slaves
121,7881dd1f-616b-4689-8906-6d47eaa59ef8,1c96e4a0-fa1e-440b-a182-f11e7bf41d6c,Nerv,Nerv,FAKE! - Nerv
122,0b1ad0d2-8fbc-400c-ae36-154abf9d66f2,de58bea3-3c64-48ed-a516-288d04545ae6,Sleep Token,Sleep Token,Vore - Sleep Token
123,bf7fc149-a3f3-4004-afb8-3ad1b9c01969,4a5e779f-c629-46e9-8014-c94b1c8a4117,Rain City Drive,Rain City Drive,Frozen - Rain City Drive
124,26eef8db-bde9-4ebd-88eb-91a61dcbb104,2b53c634-21e7-456c-9d67-8d398218601e,Slaves,Slaves,I’d Rather See Your Star Explode - Slaves
125,46c24fdf-574b-4506-84c1-55da17085d22,8552c676-60ed-456c-8ca3-86ff32f9897a,Pierce the Veil,Pierce the Veil,The New National Anthem - Pierce the Veil
126,3a5a341d-d72b-4c4a-8635-eff1ad6e6677,0888b00f-9a49-4450-a11c-938aff07bd58,Sleep Token,Sleep Token,Dark Signs - Sleep Token
127,90e4cead-78f1-47bc-b438-8faf9027e9a0,fd6e23bc-295b-40a8-a7a7-87876d10c6c5,Pierce the Veil,Pierce the Veil,The Boy Who Could Fly - Pierce the Veil
128,7daf1711-090a-458f-91a5-b9a76a7d7755,f733e175-8bd7-4a6b-90ac-060c591dd583,Pierce the Veil,Pierce the Veil,Emergency Contact - Pierce the Veil
129,4f521733-312e-4ca9-ae62-14afdde1dc3b,e1f4439b-05e4-4bb9-af7b-410d2a916360,Wind Walkers,Wind Walkers,Funeral Balloons - Wind Walkers
130,29a7a9d8-d45f-4792-b2ec-26fc8ea14fab,8713e0b9-47bc-40cd-ad62-c672e209502a,Slaves,Slaves,Let This Haunt You - Slaves
131,dd7ea9af-4ee8-4be8-88af-53993ea2f45e,20946cde-5f1e-46bc-b24f-81cccea3fd6d,Bring Me the Horizon,Bring Me the Horizon,DArkSide - Bring Me the Horizon
132,369b22b6-2dd8-48b1-9785-2641372bd348,cb03b5a4-4a7b-4223-bc3e-6fc08702b695,Pierce the Veil,Pierce the Veil  feat.  chloe moriondo ,12 Fractures - Pierce the Veil  feat.  chloe moriondo 
132,369b22b6-2dd8-48b1-9785-2641372bd348,cb03b5a4-4a7b-4223-bc3e-6fc08702b695,chloe moriondo,Pierce the Veil  feat.  chloe moriondo ,12 Fractures - Pierce the Veil  feat.  chloe moriondo 
133,12bb60da-a764-40a6-99c5-00ce05ebca16,44f35b61-3518-4954-a642-73ec85653575,Nerv,Nerv,Not the One - Nerv
134,aa03f5e2-3cdc-45bb-8e63-5c0a474a59f1,6a649da9-d322-42ec-9e4a-047b071099f2,Pierce the Veil,Pierce the Veil,Bedless - Pierce the Veil
135,f5e93e34-3978-43ac-9253-df69095686be,f255643d-fde3-41a3-a004-5daaf58e27fa,Dayseeker,Dayseeker,Cemetery Blues - Dayseeker
136,af4b8052-ce7a-4d6e-9391-1238941100b4,d57df77c-ae38-4315-912a-c060fa409801,Pierce the Veil,Pierce the Veil  feat.  Kellin Quinn ,King for a Day - Pierce the Veil  feat.  Kellin Quinn 
136,af4b8052-ce7a-4d6e-9391-1238941100b4,d57df77c-ae38-4315-912a-c060fa409801,Kellin Quinn,Pierce the Veil  feat.  Kellin Quinn ,King for a Day - Pierce the Veil  feat.  Kellin Quinn 
137,cc63c5a8-a853-4cc2-96fb-14fd0aa1da9b,0ff7a467-ead8-49b9-9ee3-5c2889b94b12,Sleep Token,Sleep Token,Higher - Sleep Token
138,c61f6aea-948a-4f4e-921d-70036e718584,a17e1a8a-eb0e-4c73-a57a-21a083223a80,Young Dolph,Young Dolph  feat.  G Herbo ,1 Scale - Young Dolph  feat.  G Herbo 
138,c61f6aea-948a-4f4e-921d-70036e718584,a17e1a8a-eb0e-4c73-a57a-21a083223a80,G Herbo,Young Dolph  feat.  G Herbo ,1 Scale - Young Dolph  feat.  G Herbo 
139,03d609b7-0657-43df-aed1-5d4891f85048,ced1dc21-a56b-44f2-8c3e-49a220ea38fa,Young Thug,Young Thug,Digits - Young Thug
140,0956a4b8-863e-4ad7-ab93-fed80983c6c7,7ce36508-48d5-4e94-9251-b23585c8fc19,Dayseeker,Dayseeker,Meet the Reaper - Dayseeker
141,50889f91-fc24-44f6-8ce7-8f4ef33f9538,bf850680-3039-48b3-ae2c-82be332265ff,Drake,Drake,Right Hand - Drake
142,284a7be2-7e31-4240-b592-daaca975f42b,73e1f9e2-852b-4845-a92d-f851042de67c,Pierce the Veil,Pierce the Veil,Yeah Boy and Doll Face - Pierce the Veil
143,3583adb9-0f4f-4701-aa2f-43c0cdfd2a6a,aef67c6b-31df-4f8f-a30a-ff269debd4c1,twenty one pilots,twenty one pilots,The Outside - twenty one pilots
144,11092eeb-c303-45d6-b4bb-b6e2325b55a6,8ead7130-7ff9-4491-9837-e16610d3ebdb,Joey Bada$$,Joey Bada$$,Paper Trail$ - Joey Bada$$
145,33b3ef35-5055-4420-994d-29b45e54d195,ed0d814a-634f-413e-a810-a79523850649,Drake,Drake,Do Not Disturb - Drake
146,1cc3333c-5d74-45af-8517-ba5c13483bbf,75e41957-1736-441a-8761-676b23ba6f5e,Joey Bada$$,Joey Bada$$,No. 99 - Joey Bada$$
147,ce3f25ef-6b22-48cb-b058-7e7874f46a84,c04b6603-cd1b-4042-a0dd-4dfe19ca1370,Jidenna,Jidenna  feat.  Nana Kwabena ,The Let Out - Jidenna  feat.  Nana Kwabena 
147,ce3f25ef-6b22-48cb-b058-7e7874f46a84,c04b6603-cd1b-4042-a0dd-4dfe19ca1370,Nana Kwabena,Jidenna  feat.  Nana Kwabena ,The Let Out - Jidenna  feat.  Nana Kwabena 
148,09b833fd-52c8-46b5-97d0-e99224b07cfc,5de222e8-71fe-42af-9abd-95a6ab228d13,6LACK,6LACK,Switch - 6LACK
149,9a17a21a-9201-4d41-b6bc-29c2ecdce9a0,8f5337a4-5ae0-4907-b714-b810a8255be2,A$AP Ferg,A$AP Ferg  feat.  A$AP Rocky ,Pups - A$AP Ferg  feat.  A$AP Rocky 
149,9a17a21a-9201-4d41-b6bc-29c2ecdce9a0,8f5337a4-5ae0-4907-b714-b810a8255be2,A$AP Rocky,A$AP Ferg  feat.  A$AP Rocky ,Pups - A$AP Ferg  feat.  A$AP Rocky 
150,8cd9bc7c-fa0a-4403-b2bf-2c31dd25df94,92cd371f-4279-492b-8e9f-5df8a9c75109,Mike Stud,Mike Stud  feat.  Marcus Stroman ,These Days (remix) - Mike Stud  feat.  Marcus Stroman 
150,8cd9bc7c-fa0a-4403-b2bf-2c31dd25df94,92cd371f-4279-492b-8e9f-5df8a9c75109,Marcus Stroman,Mike Stud  feat.  Marcus Stroman ,These Days (remix) - Mike Stud  feat.  Marcus Stroman 
151,4a3739c1-fb9e-4113-a152-bb1bcd415258,e076d6a4-c6ff-4005-ba0e-0d41574b560b,The Home Team,The Home Team,Slow Bloom - The Home Team
152,10a8f5be-d76f-422f-9799-66417e206b49,90eaf0bb-c08f-4cd2-9b4a-184b825d4911,Grayscale,Grayscale,Painkiller Weather - Grayscale
153,db9615bb-8b42-470d-adc9-fdf41fcec45d,955167b4-b23c-4a3e-826f-94d8fa916a95,Thirty Seconds to Mars,Thirty Seconds to Mars,Stuck - Thirty Seconds to Mars
154,5628cb56-f709-4e31-ad95-6871761491b4,e787e77b-9f13-483e-b621-b93465696429,CThruRio,CThruRio,BEFORE THE MORNING - CThruRio
155,79d4e390-a826-458a-b1c0-3a4f7571494b,0f2ca5c8-3ae7-46d9-a096-81d07429e92b,Bas,Bas  feat.  J. Cole ,Home Alone - Bas  feat.  J. Cole 
155,79d4e390-a826-458a-b1c0-3a4f7571494b,0f2ca5c8-3ae7-46d9-a096-81d07429e92b,J. Cole,Bas  feat.  J. Cole ,Home Alone - Bas  feat.  J. Cole 
156,03900934-136c-43aa-8191-898b31c49f7e,898059a0-753c-4943-9604-d3c0e2929d81,Kendrick Lamar,Kendrick Lamar,DNA. - Kendrick Lamar
157,8cbe3324-05be-4ade-a314-f682e06a72b1,,,,Everyday - Logic feat. Marshmello
158,68640338-9af2-466d-a100-76b555983f61,f2aea3a7-07b5-4ebb-b035-a08d29d1542d,The Neighbourhood,The Neighbourhood,Cry Baby - The Neighbourhood
159,45023ed3-6529-4b88-89dc-7cb1db8f9992,b5b6fd27-a7fa-4be7-91a1-ba397271b3b0,Tyler Childers,Tyler Childers,All Your’n - Tyler Childers
160,d8e04315-5f8e-423e-9124-64149ad2c431,abae80a9-e692-49a0-8f5a-cc05fc9f3a9f,Zach Bryan,Zach Bryan,Pink Skies - Zach Bryan
161,cf8f40bd-0009-4637-94e2-9f4c92ff1e04,bf08f362-f6ac-42ab-8f19-d840b90625f6,Zach Bryan,Zach Bryan,28 - Zach Bryan
162,442aa748-27ef-4015-92cd-18dffba6fa69,2dc21e63-6535-43a1-bc63-cbb22be1fdc3,Treaty Oak Revival,Treaty Oak Revival,Have a Nice Day - Treaty Oak Revival
163,fad7a0fb-af4e-433d-8fac-86195f549653,af5edf10-e00b-4ac2-af64-cab4ce3fafaf,Treaty Oak Revival,Treaty Oak Revival,In Between - Treaty Oak Revival
164,03473235-dbde-42a4-93df-f09be49948a6,751c8acc-8c87-4350-bbab-8468ca48a473,Morgan Wallen,Morgan Wallen,Dangerous - Morgan Wallen
165,01a936fe-47ee-41eb-a3eb-b2836ced62d0,e6633eaa-f3f3-44b3-a18e-9ca35b12517d,Kendrick Lamar,Kendrick Lamar,LUST. - Kendrick Lamar
166,431c5d9e-beb4-47c1-a992-831af6380782,3725469f-3cfa-4d47-bbf7-2159daf14f1a,J. Cole,J. Cole  feat.  Miguel ,Power Trip - J. Cole  feat.  Miguel 
166,431c5d9e-beb4-47c1-a992-831af6380782,3725469f-3cfa-4d47-bbf7-2159daf14f1a,Miguel,J. Cole  feat.  Miguel ,Power Trip - J. Cole  feat.  Miguel 
167,a5668384-d210-4fa7-8cf8-7051be5bc4ba,,,,U.O.E.N.O (Black Hippy Remix) - Kendrick Lamar
168,00dd9404-4c25-4f3a-a465-14493e14a323,3ea89063-3e1d-4a5c-8b3e-9076acbabf8b,J. Cole,J. Cole,Deja vu - J. Cole
169,738fbd9c-f386-46ab-a312-99149873d6e6,30a01df8-fb7f-4a96-808c-a8670c4da7b0,Drake,Drake  feat.  Sampha ,Too Much - Drake  feat.  Sampha 
169,738fbd9c-f386-46ab-a312-99149873d6e6,30a01df8-fb7f-4a96-808c-a8670c4da7b0,Sampha,Drake  feat.  Sampha ,Too Much - Drake  feat.  Sampha 
170,8863e2f1-d686-4071-a996-6a7be11f00f8,d5592cd3-9b12-46b1-9d6e-997427c36b82,Tory Lanez,Tory Lanez,Temperature Rising - Tory Lanez
171,1e580ede-6f06-412c-9fc1-625b0af7c81c,245dce04-ec8a-467e-9659-4ffd75f33634,Drake,Drake,Pop Style - Drake
172,eb16e806-2330-4e75-9a2a-1b3279c6887d,955962c6-7e95-4223-ba17-9103a92b624f,Leon Thomas,Leon Thomas,MUTT - Leon Thomas
173,8579608a-14b1-47bb-b9f4-814c182674b3,,,,Don't Hit Me Right Now - Bas feat. Cozz / Yung Baby Tate / Guapdad 4000 / Buddy
174,c131c621-2565-400f-b731-da101727f263,d234a716-5ba6-4239-8a94-d6cf79b54cef,Miguel,Miguel  feat.  J. Cole  &  Salaam Remi ,Come Through and Chill - Miguel  feat.  J. Cole  &  Salaam Remi 
174,c131c621-2565-400f-b731-da101727f263,d234a716-5ba6-4239-8a94-d6cf79b54cef,J. Cole,Miguel  feat.  J. Cole  &  Salaam Remi ,Come Through and Chill - Miguel  feat.  J. Cole  &  Salaam Remi 
174,c131c621-2565-400f-b731-da101727f263,d234a716-5ba6-4239-8a94-d6cf79b54cef,Salaam Remi,Miguel  feat.  J. Cole  &  Salaam Remi ,Come Through and Chill - Miguel  feat.  J. Cole  &  Salaam Remi 
175,57d854d5-eca7-4303-8b88-9807f050a862,dfdc8c05-465d-4262-9a34-3937b8e0c37f,Bryson Tiller,Bryson Tiller,Blame - Bryson Tiller
176,fffc15b2-1666-4e74-8f1f-562e1b2a6e63,8d85ff71-6da7-4905-a469-2d55a552b67c,AVOID,AVOID,Midnight Six - AVOID
177,c0374a1d-5cb0-4864-8514-803c7831dbbe,414f0366-e3f4-467d-8209-4bfc7e19535f,Nothing More,Nothing More,TIRED OF WINNING / SHIPS IN THE NIGHT - Nothing More
178,47e0170d-bc4d-4620-b583-3788999282ed,3c68e4ee-dd53-4111-8783-94215fb5e212,Boston Manor,Boston Manor,Foxglove - Boston Manor
179,a70b06ca-a293-457f-ac16-9c69ab68533b,3256e746-9dc6-4479-8428-669d71af3e7f,The Band CAMINO,The Band CAMINO,1 Last Cigarette - The Band CAMINO
180,2a617eb6-e291-49c4-af21-511c53c4dc90,0547b950-f2d4-41cd-a201-b6a3ffb7838b,Treaty Oak Revival,Treaty Oak Revival,Wrong Place Wrong Time - Treaty Oak Revival
181,63293eb9-4782-4231-b593-62a4190ac2a9,501af9e5-df3f-4fc4-8f70-b0149fabc270,Zach Bryan,Zach Bryan,Something in the Orange (Z&E’s version) - Zach Bryan
182,0925a9e4-af26-4eb6-8ec8-56ceab80aa96,c9f7b4be-5f7c-49a7-a106-84a2a7c6cb1b,Zach Bryan,Zach Bryan,Nine Ball - Zach Bryan
183,640ecacd-a0a2-4fc7-a271-e11fbcae34bf,010e7b4d-9e25-45c6-aaaa-d259f7007e99,Zach Bryan,Zach Bryan  ft.  Kacey Musgraves ,I Remember Everything - Zach Bryan  ft.  Kacey Musgraves 
183,640ecacd-a0a2-4fc7-a271-e11fbcae34bf,010e7b4d-9e25-45c6-aaaa-d259f7007e99,Kacey Musgraves,Zach Bryan  ft.  Kacey Musgraves ,I Remember Everything - Zach Bryan  ft.  Kacey Musgraves 
184,11ddbb53-86e2-419f-bd9b-0e83f9bf334a,5238c292-d607-4227-8436-333b8268a71c,Issues,Issues,Hero - Issues
185,78641650-b3f5-4a90-a358-fe4f83adc2d9,180e5337-fc37-4694-8ffa-982c9f5a5b18,Fall Out Boy,Fall Out Boy,(Coffee’s for Closers) - Fall Out Boy
186,df2aa686-7814-4dff-8df0-02c31eadc3a6,48c544b5-a9ad-4ff9-bb2a-c0869ad5b2c3,Wolves at the Gate,Wolves at the Gate,Eclipse - Wolves at the Gate
187,dd129f40-8376-4d3a-a8ef-0f57fb47eed8,,,,best case scenario - JayO
188,61e2f0d4-fe09-43e4-a375-f5ec98aa6918,ece0d46d-e6af-4d19-97cd-979f0f720eb9,Dance Gavin Dance,Dance Gavin Dance,Feels Bad Man - Dance Gavin Dance
189,b9eeb93e-399e-43b0-8c49-71c0ada06e76,0c199068-a309-4cc5-9ffa-f5498ff9c49e,HummusVacuum,HummusVacuum,The Claw Is Rigged Anyway - HummusVacuum
190,1169d76b-69c9-4e88-a4ec-a0528bc845f1,,,,Standing There - Blind Mirror
191,7c212775-e9be-4bff-9367-96da2268166d,1fe11dfb-c7b8-4586-b715-e522451a9a51,Bilmuri,Bilmuri  feat.  Brody ,ABSOLUTELYCRANKINMYMF’INHOG - Bilmuri  feat.  Brody 
191,7c212775-e9be-4bff-9367-96da2268166d,1fe11dfb-c7b8-4586-b715-e522451a9a51,Brody,Bilmuri  feat.  Brody ,ABSOLUTELYCRANKINMYMF’INHOG - Bilmuri  feat.  Brody 
192,c0b421e3-2633-4bba-afe0-c9bf19fa20b1,,,,Down South - Trap Dickey feat. Key Glock
193,03326715-5281-4ebe-91f2-d88a89aef03b,6769ead0-b1a2-4573-aa07-1ffde349dd6f,Smiley,Smiley  feat.  Drake ,Over the Top - Smiley  feat.  Drake 
193,03326715-5281-4ebe-91f2-d88a89aef03b,6769ead0-b1a2-4573-aa07-1ffde349dd6f,Drake,Smiley  feat.  Drake ,Over the Top - Smiley  feat.  Drake 
194,c4a9187e-f6b2-42e8-8da9-8560d405ebf4,0fd3ebc6-7c48-407d-9ab7-312d0ac39a41,The Home Team,The Home Team,Roommates - The Home Team
195,37dc8353-b74e-41f9-89f9-a142161b3568,08cbf725-d3d1-48e7-8629-c9117e85d8f6,Post Malone,Post Malone  feat.  21 Savage ,rockstar - Post Malone  feat.  21 Savage 
195,37dc8353-b74e-41f9-89f9-a142161b3568,08cbf725-d3d1-48e7-8629-c9117e85d8f6,21 Savage,Post Malone  feat.  21 Savage ,rockstar - Post Malone  feat.  21 Savage 
196,76d5d7c1-f1d2-460a-ab72-b9b1a4eec7fd,8500d3b2-961c-4c8e-a519-96f4bce9edb1,Bilmuri,Bilmuri,myfeelingshavefeelings - Bilmuri
197,6c7309b2-9958-4b5e-b4f8-5902dcefe5c2,791c66ae-abaa-4775-84a0-62170b910068,Emarosa,Emarosa,Set It off Like Napalm - Emarosa
198,5c2a9e5c-25d4-40aa-9a83-cac10c2112a7,,,,ARE YOU ENTERTAINED? - Sueco / Jeris Johnson
199,02a82e28-2b05-450f-a151-d33e53b45585,9ef5932a-2613-4885-9dc7-08b9a029fde6,Offset,Offset  &  JID ,Bodies - Offset  &  JID 
199,02a82e28-2b05-450f-a151-d33e53b45585,9ef5932a-2613-4885-9dc7-08b9a029fde6,JID,Offset  &  JID ,Bodies - Offset  &  JID 
200,f1c04312-dfb1-47c8-951c-02a984db16f8,ed43ac8c-97b5-4d3e-b11c-14add923fb70,The Plot in You,The Plot in You,Carved - The Plot in You
201,7341864e-d8a7-40d2-b37a-2914aab797a0,bc1043b3-1865-4205-8eb4-5272b0cc46cc,The Plot in You,The Plot in You,Pretend - The Plot in You
202,0cd60fd2-7d98-4350-8e25-7dab2b74e421,142da2a1-1b94-4729-800d-6a24bb146bc4,Ella Langley,Ella Langley  feat.  Koe Wetzel ,That’s Why We Fight - Ella Langley  feat.  Koe Wetzel 
202,0cd60fd2-7d98-4350-8e25-7dab2b74e421,142da2a1-1b94-4729-800d-6a24bb146bc4,Koe Wetzel,Ella Langley  feat.  Koe Wetzel ,That’s Why We Fight - Ella Langley  feat.  Koe Wetzel 
203,b6cfb7f9-6418-4e46-bff4-bc1b50a0f532,6b086e2b-df3b-4528-9764-4c4cad4fedbe,The Band CAMINO,The Band CAMINO,Told You So - The Band CAMINO
204,f8763601-7dbc-473c-b8ef-2887a67df5a5,16e64eb2-013b-4f7c-801d-e4e48d9ce171,Bilmuri,Bilmuri  &  Dylan Marlowe ,EMPTYHANDED - Bilmuri  &  Dylan Marlowe 
204,f8763601-7dbc-473c-b8ef-2887a67df5a5,16e64eb2-013b-4f7c-801d-e4e48d9ce171,Dylan Marlowe,Bilmuri  &  Dylan Marlowe ,EMPTYHANDED - Bilmuri  &  Dylan Marlowe 
205,e594fdba-0976-492d-ac3f-4839744c2b52,35cee1c4-93b6-49a2-86cf-5d128035ffc1,YUNGBLUD,YUNGBLUD  feat.  Machine Gun Kelly ,acting like that - YUNGBLUD  feat.  Machine Gun Kelly 
205,e594fdba-0976-492d-ac3f-4839744c2b52,35cee1c4-93b6-49a2-86cf-5d128035ffc1,Machine Gun Kelly,YUNGBLUD  feat.  Machine Gun Kelly ,acting like that - YUNGBLUD  feat.  Machine Gun Kelly 
206,9da554d3-05d5-40ca-a9fc-edd742c14554,4b76d5cd-b2cd-4feb-924c-a37ec13fd99b,Bailey Zimmerman,Bailey Zimmerman,Rock and a Hard Place - Bailey Zimmerman
207,eff97389-4fb5-4246-b7c4-90cad1aaf075,e8f7d432-0c7e-4bed-8217-6574f5663812,Redferrin,Redferrin,Lose Her For Nothin’ - Redferrin
208,55f2491e-80c0-4308-8bd6-1faab062c66e,0813ed4b-f652-4968-868f-2db10adb6c36,Mayday Parade,Mayday Parade,"When I Get Home, You're So Dead - Mayday Parade"
209,6db69648-2690-428a-961a-3a6a7c9cc31c,3f586147-16e0-41b6-b02a-a65be6226cbd,Weathers,Weathers  feat.  John the Ghost ,ALL CAPS - Weathers  feat.  John the Ghost 
209,6db69648-2690-428a-961a-3a6a7c9cc31c,3f586147-16e0-41b6-b02a-a65be6226cbd,John the Ghost,Weathers  feat.  John the Ghost ,ALL CAPS - Weathers  feat.  John the Ghost 
210,e1fe96ec-65f9-4986-b87f-2173afd77c84,740b37cb-2f63-40eb-a00c-8107a770709c,ALEXSUCKS,ALEXSUCKS,Worm in the Sun - ALEXSUCKS
211,33c533f5-c730-496b-9809-34155a68aae0,07d08093-0708-4a1a-8b18-a7e81cf0c2f3,Stand Atlantic,"Stand Atlantic  feat.  nothing,nowhere. ","deathwish - Stand Atlantic  feat.  nothing,nowhere. "
211,33c533f5-c730-496b-9809-34155a68aae0,07d08093-0708-4a1a-8b18-a7e81cf0c2f3,"nothing,nowhere.","Stand Atlantic  feat.  nothing,nowhere. ","deathwish - Stand Atlantic  feat.  nothing,nowhere. "
212,3adfe418-b404-4e3a-a7b8-e4792525c80a,8290f2d3-59ee-4806-8fda-5149de94f799,Post Malone,Post Malone  feat.  Morgan Wallen ,I Had Some Help - Post Malone  feat.  Morgan Wallen 
212,3adfe418-b404-4e3a-a7b8-e4792525c80a,8290f2d3-59ee-4806-8fda-5149de94f799,Morgan Wallen,Post Malone  feat.  Morgan Wallen ,I Had Some Help - Post Malone  feat.  Morgan Wallen 
213,1737e35c-81e0-4eb5-a8e8-056ca234a6a4,93d73271-7d5c-41e1-8bf3-2f3b00e86557,Nickelback,Nickelback,Rockstar - Nickelback
214,6ac1b4d0-8ed5-4706-83b4-988184fb159d,53a9b716-a115-42a9-aed5-d00041057a52,The Neighbourhood,The Neighbourhood  feat.  IDK ,Beautiful Oblivion - The Neighbourhood  feat.  IDK 
214,6ac1b4d0-8ed5-4706-83b4-988184fb159d,53a9b716-a115-42a9-aed5-d00041057a52,IDK,The Neighbourhood  feat.  IDK ,Beautiful Oblivion - The Neighbourhood  feat.  IDK 
215,6b55921d-9bc2-45eb-9a80-b57bf8937bf7,45deb717-d1a6-48c7-b613-9d3b4bdad267,Escape the Fate,Escape the Fate,Situations - Escape the Fate
216,1d213fda-7232-4e28-85e2-a8aebb0f2d56,340b68d4-6d0f-4e84-acf0-0927486bbbee,Sleeping With Sirens,Sleeping With Sirens,Paralyzed - Sleeping With Sirens
217,66841c46-6b47-43ae-bf13-7075245b9f46,d4d49032-87a8-4fce-a315-cb83ecf2d806,Issues,Issues,Rain - Issues
218,d47bea32-d038-44dc-8efe-8a8ca928805f,b9c6ed5a-3cf5-4be6-a663-1b20de97e46b,The Home Team,The Home Team  feat.  Jeff Loomis  &  Veil of Maya ,Danger - The Home Team  feat.  Jeff Loomis  &  Veil of Maya 
218,d47bea32-d038-44dc-8efe-8a8ca928805f,b9c6ed5a-3cf5-4be6-a663-1b20de97e46b,Jeff Loomis,The Home Team  feat.  Jeff Loomis  &  Veil of Maya ,Danger - The Home Team  feat.  Jeff Loomis  &  Veil of Maya 
218,d47bea32-d038-44dc-8efe-8a8ca928805f,b9c6ed5a-3cf5-4be6-a663-1b20de97e46b,Veil of Maya,The Home Team  feat.  Jeff Loomis  &  Veil of Maya ,Danger - The Home Team  feat.  Jeff Loomis  &  Veil of Maya 
219,a91e566a-5db7-457c-a34d-55e50bd56b73,6bd4f47e-3c19-4163-9cf6-173bbe975ccb,Sleeping With Sirens,Sleeping With Sirens,House of Matches - Sleeping With Sirens
220,38e818f3-51aa-4f8b-afc1-ceffdb90f3ac,35acf381-882e-47e9-8617-8bc51451df3f,Dance Gavin Dance,Dance Gavin Dance,Head Hunter - Dance Gavin Dance
221,80231701-12b9-4821-88c5-63b1b9d1d2a3,63f4c7ca-eb1b-4a13-8050-a0a6a1a55f9a,Wolf & Bear,Wolf & Bear,Dr. Doot - Wolf & Bear
222,214e8945-000f-4565-8b39-11484305503f,bf230e0c-e1e1-43ee-b373-a7f33e977594,The Fall of Troy,The Fall of Troy,F.C.P.R.E.M.I.X. - The Fall of Troy
223,59084db0-f0b9-408f-8cb9-e91ae0c112af,ce4d0fa8-64a9-493f-8a27-a247df9939ef,Dexter and The Moonrocks,Dexter and The Moonrocks,Freakin’ Out - Dexter and The Moonrocks
224,fb4128c0-54f6-4427-b451-a187cb707d2a,c7694326-c6b6-4385-940a-1958719b37da,Lisp,Lisp,Misery - Lisp
225,bca0effa-bde0-43b3-ab72-70297e49bf6d,,,,Red Leather - Future / Metro Boomin feat. J. Cole
226,01f07c30-af6a-4896-8e2d-b2966934511f,da4a8f8e-0904-4693-a67d-40c8e52c505d,XXXTENTACION,XXXTENTACION,Orlando - XXXTENTACION
227,c4540a4d-f080-465e-bca0-1803fe4b48c8,e41990da-dafc-41e1-b2ea-bff0e740ecae,J. Cole,J. Cole,Port Antonio - J. Cole
228,85df623d-d5c7-43b2-965b-fe00976b6068,f021e389-2a8e-4e6c-88ba-cff841cf6d3b,Bazzi,Bazzi,I Don't Think I'm Okay - Bazzi
229,80fc7c25-f165-4028-abc0-4ca16d15fdfd,84020c25-9715-47c9-bd0a-b6248095cdb8,The Neighbourhood,The Neighbourhood,Roll Call - The Neighbourhood
230,9a3ecbdd-140c-4ff2-a527-5856fec28796,ccf68834-a924-4d82-854f-8649d6d3148d,Noah Kahan,Noah Kahan,Glue Myself Shut - Noah Kahan
231,254acf0c-e61c-41fb-857d-4425aabc3484,852a77a4-727a-4182-ba1a-89953a3408be,The Neighbourhood,The Neighbourhood,Silver - The Neighbourhood
232,87eecebb-1193-4dfd-844b-25fb35b7ac07,04f01019-416a-40ef-9841-3e3374f1481b,,,A-Team - Travis Scott
233,e3f7378b-59e0-4b94-855b-50698815336f,,,,Sacrifices - EARTHGANG feat. J. Cole / Smino / Saba
234,24a811a1-5cd6-4ba8-9e98-60d0b7f2434c,d84f6c79-0b9a-474b-8b97-09154deba5ff,Childish Gambino,Childish Gambino,Feels Like Summer - Childish Gambino
235,9f68a570-3dc5-455a-9df6-946b4f389f3b,7a87fba0-a523-4c51-8527-c4bcfcd5ee63,Sam Barber,Sam Barber,Straight and Narrow - Sam Barber
236,1ba244d1-0766-464a-b6d3-f0043dfcbb07,da424587-9c4b-4560-8d62-bd5c2307b6f5,Big Sean,Big Sean  feat.  Lil Wayne  &  Jhené Aiko ,Beware - Big Sean  feat.  Lil Wayne  &  Jhené Aiko 
236,1ba244d1-0766-464a-b6d3-f0043dfcbb07,da424587-9c4b-4560-8d62-bd5c2307b6f5,Lil Wayne,Big Sean  feat.  Lil Wayne  &  Jhené Aiko ,Beware - Big Sean  feat.  Lil Wayne  &  Jhené Aiko 
236,1ba244d1-0766-464a-b6d3-f0043dfcbb07,da424587-9c4b-4560-8d62-bd5c2307b6f5,Jhené Aiko,Big Sean  feat.  Lil Wayne  &  Jhené Aiko ,Beware - Big Sean  feat.  Lil Wayne  &  Jhené Aiko 
237,eb8e0eee-febd-48c8-89b6-288957307584,adedb0ea-6b2c-4ed4-b78c-1c8486988ca2,The Neighbourhood,The Neighbourhood,Holy Ghost - The Neighbourhood
238,10eebac0-a272-4610-bad3-c2028a127208,6849bf63-6cd2-4918-833a-9b71984ea379,Dylan Gossett,Dylan Gossett,Coal - Dylan Gossett
239,07ce882b-7984-43e3-ab05-260a1d86a04c,f864c9cb-178b-4ddf-b99e-29809b82e83a,SZA,SZA,The Weekend - SZA
240,0e6f0f7a-e526-4a6a-8dbc-21ac9c76ed34,6a5d2da9-ddc8-4d38-b202-8a44ad4f5611,Bazzi,Bazzi,Sober - Bazzi
241,4147dace-577d-456f-be19-223e3da97771,c29aaa2b-5997-4542-9118-0264d3c93b14,All Time Low,All Time Low,Once in a Lifetime - All Time Low
242,061ad8d5-5bf8-4e97-bd31-0ea5dfd51d67,bc397a42-c3e0-4971-b5a1-172e1558f16e,cleopatrick,cleopatrick,VICTORIA PARK - cleopatrick
243,90e3e975-1fc8-4499-a754-f34347ee9f8e,a1e91c03-c5dc-4229-8803-42b69441c6ef,All Time Low,All Time Low  &  Avril Lavigne ,Fake as Hell - All Time Low  &  Avril Lavigne 
243,90e3e975-1fc8-4499-a754-f34347ee9f8e,a1e91c03-c5dc-4229-8803-42b69441c6ef,Avril Lavigne,All Time Low  &  Avril Lavigne ,Fake as Hell - All Time Low  &  Avril Lavigne 
244,90bf0d60-5ef8-423a-bfc5-8c71cc813fdf,40e62afc-e0a4-425a-9fa0-f1da4e5d8bd3,Imagine Dragons,Imagine Dragons,Sharks - Imagine Dragons
245,b1bec05f-39a2-4929-b8e1-3c3decf9718e,72395307-80da-4b52-8608-e598a149434e,Nickelback,Nickelback,Animals - Nickelback
246,3e2e2edc-9a1a-459f-9d2f-2f1a91d86e3c,24c0fb0d-50a5-42d9-a248-008ebd83b34a,The Unlikely Candidates,The Unlikely Candidates,Novocaine - The Unlikely Candidates
247,127bb5ad-13d4-4326-8551-a693ac71387a,70c06902-53c8-4de7-b38a-2725d8eed86b,cleopatrick,cleopatrick,youth - cleopatrick
248,9860acec-2739-41d3-a189-a5cfa083b56c,ac1fb410-5f42-43db-a7c8-96f969f8c986,Badflower,Badflower,Detroit - Badflower
249,1e0f309a-9ec1-4e2f-a808-ec9735e6e4aa,7d867ce0-1190-4277-ba06-b941c3dde497,Bring Me the Horizon,Bring Me the Horizon,What You Need - Bring Me the Horizon
250,ab475fee-443b-4c50-b92c-e85750892410,a72ee6d8-048c-4ccc-81e6-51f265dfe1d7,Arctic Monkeys,Arctic Monkeys,The Bad Thing - Arctic Monkeys
251,2655f1cc-40fd-4b82-b806-6e6dd6f435a9,0813ed4b-f652-4968-868f-2db10adb6c36,Mayday Parade,Mayday Parade,"When I Get Home, You're So Dead - Mayday Parade"
252,b8253ca2-8ec5-4edc-8f79-eeea423b87be,80a31085-3080-43e6-926e-91124633b901,Machine Gun Kelly,Machine Gun Kelly  feat.  blackbear ,make up sex - Machine Gun Kelly  feat.  blackbear 
252,b8253ca2-8ec5-4edc-8f79-eeea423b87be,80a31085-3080-43e6-926e-91124633b901,blackbear,Machine Gun Kelly  feat.  blackbear ,make up sex - Machine Gun Kelly  feat.  blackbear 
253,4e11f41c-8378-4bb6-a850-cecd09e8d8d2,26bc1124-b228-401e-8f38-5cea1625d8c2,Paramore,Paramore,Misery Business - Paramore
254,243bdadd-ec93-4c63-bc7b-8c8da71e2781,786e1009-2663-49e0-873d-f0cf06f51a25,Fall Out Boy,Fall Out Boy,"Dance, Dance - Fall Out Boy"
255,0c0ff65c-de8a-4d20-a2a0-4ab0c6a8b90c,098a16a6-f383-4b70-9550-bb272f055a11,The Band CAMINO,The Band CAMINO,What Am I Missing? - The Band CAMINO
256,939d261b-f5a1-4cf8-a925-698d623a1b37,d1c58ca6-3cf8-4ee0-9bf0-4b3747682e6a,glaive,glaive,the prom - glaive
257,ff35d26f-2be5-437d-a5b7-d80d7d5f039c,1f35c413-7aac-41ea-aa89-4c1dcd409f77,Betcha,Betcha,Heat of the Summer - Betcha
258,c1deb501-8618-4535-824a-6502f7525c98,38a549ba-ea71-4f6b-842a-dabb68629f7d,Dylan Marlowe,Dylan Marlowe  &  Dylan Scott ,Boys Back Home - Dylan Marlowe  &  Dylan Scott 
258,c1deb501-8618-4535-824a-6502f7525c98,38a549ba-ea71-4f6b-842a-dabb68629f7d,Dylan Scott,Dylan Marlowe  &  Dylan Scott ,Boys Back Home - Dylan Marlowe  &  Dylan Scott 
259,2bb2c838-63eb-4e11-b391-0ffe24403149,de6f80b9-f935-4f37-8354-45cb24bb00ca,J Cole,J Cole,Work Out - J Cole
260,5bb211b6-7146-4a6e-bcd6-b9d1d20fbad2,0ddd3308-8def-4cab-9a83-b38893144f20,The Kilans,The Kilans,Why Is It Light Out? - The Kilans
261,806146db-e9ac-4c0a-a75f-7df5e03cf811,01891a66-c613-482b-869d-f1043acc804e,Old Flame,Old Flame,Pray - Old Flame
262,6418cb2f-4401-4eb0-b41a-14f9ff0cdbae,c6fdf048-6705-4df2-808b-73d24211af26,Gerard Way,Gerard Way  feat.  Ray Toro ,Hazy Shade of Winter - Gerard Way  feat.  Ray Toro 
262,6418cb2f-4401-4eb0-b41a-14f9ff0cdbae,c6fdf048-6705-4df2-808b-73d24211af26,Ray Toro,Gerard Way  feat.  Ray Toro ,Hazy Shade of Winter - Gerard Way  feat.  Ray Toro 
263,13fbe846-dbba-4a7f-9190-f4adcf618e4f,6d90a88f-a176-48b1-9f03-fbe659afbabb,Wage War,Wage War,Godspeed - Wage War
264,48d67e47-2cc7-44c2-a9f2-092df93cbaad,c7e8fa32-99a7-4907-8acb-8e02f020eeaa,Silk Sonic,Silk Sonic,Smokin Out the Window - Silk Sonic
265,df7d28aa-597d-4250-8f32-8b487ae66487,,,,Baked Chicken - So Supa
266,a4fca829-273b-414d-99de-c79e6f7fc335,944ae9f7-5334-43d6-8a9e-8d9b9b5fb5ee,Morgan Wallen,Morgan Wallen,Wasted on You - Morgan Wallen
267,a8bcb0e5-13f9-4f67-b7ad-9abdb49307d6,e4733d45-75fa-4bf2-a0d6-9835a67e53b7,Teddy Swims,Teddy Swims,Lose Control - Teddy Swims
268,f9a2fec4-cfaf-4e9d-84bd-77c9a5e4c17f,32464a50-6832-4bed-b04f-93804c667324,Pierce the Veil,Pierce the Veil,One Hundred Sleepless Nights - Pierce the Veil
269,32679f6e-50a9-497f-b891-bed8016e6a34,42f81b9d-4b96-4480-ab22-31ab3d602d42,Arctic Monkeys,Arctic Monkeys,One for the Road - Arctic Monkeys
270,15a9faef-1e7b-4f4a-908e-5ebbb9648062,e106d2a8-ef16-4805-b0d5-e3ca818a464d,Living Colour,Living Colour,Cult of Personality - Living Colour
271,81ccba2b-b444-4c0c-bedf-ff2d7eb14aef,5012f1fb-75f7-43b5-93a5-bf93c9f278d4,Grommet,Grommet,Half in Red - Grommet
272,0b58176d-5fcb-4a6a-8de5-b0d37538a99e,40a495bf-a335-45be-ba2a-4f6ef46552b5,Chiodos,Chiodos,"Baby, You Wouldn’t Last a Minute on the Creek - Chiodos"
273,531cacc4-bc4d-44b9-9efc-32728174075f,,,,HEAD BUSSAS - Zukenee
274,a5cb6dd2-a568-47ed-89de-abf8b2c1df99,8262ff88-a3d0-451a-b000-78c62a8b373a,The Neighbourhood,The Neighbourhood  feat.  Denzel Curry ,Kill Us All - The Neighbourhood  feat.  Denzel Curry 
274,a5cb6dd2-a568-47ed-89de-abf8b2c1df99,8262ff88-a3d0-451a-b000-78c62a8b373a,Denzel Curry,The Neighbourhood  feat.  Denzel Curry ,Kill Us All - The Neighbourhood  feat.  Denzel Curry 
275,2f917627-5d6c-4d39-a322-c8647c11c920,117ea298-83ba-444a-ac60-8bd2870178c0,Panic! at the Disco,Panic! at the Disco,This Is Gospel - Panic! at the Disco
276,18bdc45a-6ae1-4264-af9e-4aa47e1470b6,7862a78b-95f9-46f6-a1c7-a78096fde2f7,Thomas Rhett,Thomas Rhett,More Time Fishin’ - Thomas Rhett
277,1fe7d3d9-cdb9-4260-aec4-c429da2f5711,822f5474-514a-4268-91a4-78973db4f9e0,HARDY,HARDY,SOLD OUT - HARDY
278,8bf98acd-d4c3-45bf-bb8f-8e63451233df,02759489-c74f-4000-9c9f-8355feb2e65e,Treaty Oak Revival,Treaty Oak Revival,Missed Call - Treaty Oak Revival
279,e0bae354-c3a1-4a0b-8aa3-4db739f93d74,8cbd3954-57f7-4325-a6a7-5508e52a0520,Luke Combs,Luke Combs,Blue Collar Boys - Luke Combs
280,ae7d02a7-a738-4ebb-9f9d-a4864c1d45ff,313783e6-b789-447e-8d5f-1b387a91ec6a,Treaty Oak Revival,Treaty Oak Revival,Port A - Treaty Oak Revival
281,7f146545-d618-48fb-8317-53844479545e,b8e90fa0-141f-40c1-9ba1-3112f5e0ddb8,YUNGBLUD,YUNGBLUD,Lowlife - YUNGBLUD
282,e6490418-7885-4816-8b0a-ef9f8752e1d3,311f6cd1-20eb-4d09-99c7-e570078aa3dd,Megan Moroney,Megan Moroney,I’m Not Pretty - Megan Moroney
283,9fbdb48f-4161-46ef-9d5d-858ee51138d6,165a6304-85aa-49c7-8933-ce4d969c2b3c,Shaboozey,Shaboozey  feat.  BigXthaPlug ,Drink Don’t Need No Mix - Shaboozey  feat.  BigXthaPlug 
283,9fbdb48f-4161-46ef-9d5d-858ee51138d6,165a6304-85aa-49c7-8933-ce4d969c2b3c,BigXthaPlug,Shaboozey  feat.  BigXthaPlug ,Drink Don’t Need No Mix - Shaboozey  feat.  BigXthaPlug 
284,711a9e96-b0a4-4de1-9510-08a948f63f87,2dcf64a5-16f1-47b7-8064-98c2ee41dacb,Darius Rucker,Darius Rucker,Wagon Wheel - Darius Rucker
285,e339ae80-f857-4d01-ac43-60a46615dee1,5f11046d-d335-4273-9c0f-6a091d84c778,Architects,Architects  feat.  Simon Neil ,Goliath - Architects  feat.  Simon Neil 
285,e339ae80-f857-4d01-ac43-60a46615dee1,5f11046d-d335-4273-9c0f-6a091d84c778,Simon Neil,Architects  feat.  Simon Neil ,Goliath - Architects  feat.  Simon Neil 
286,2d9b84e1-a987-40d7-bde0-9cdbc1250d4d,59cb7928-6b65-4940-82d4-046075f4d6fe,Like Moths to Flames,Like Moths to Flames,You Won’t Be Missed - Like Moths to Flames
287,7f75eded-0228-48d8-98ec-bbcefd47fb87,31c5b3e9-d6a3-4c0b-8a7d-cd97ac255881,ERRA,ERRA,echo sonata - ERRA
288,37494fdf-6ef6-47ed-a51e-4fdebadd0712,9d1f7b1a-b61b-4a0f-a2ad-88bfcb27765e,Dayseeker,Dayseeker,The Color Black - Dayseeker
289,a743582f-aa67-4d9a-9476-88f05eb5ae6b,a6270453-3f75-4436-8f8d-e0144a60d6f4,sace6,sace6,ego - sace6
290,fe05fb74-9523-4570-a6d9-157d62422f34,933ae3a5-2a69-48d7-a586-8388a24f37f9,Of Mice & Men,Of Mice & Men,Troubled Water - Of Mice & Men
291,9983f934-b3d9-4738-ad78-2a712799a6a0,06d82ce5-fb26-4522-957a-91645f81fa0f,Ocean Sleeper,Ocean Sleeper,King of Nothing - Ocean Sleeper
292,c5ecd751-7a61-4312-83ca-e7c62a6baf8b,51806185-eda3-4b81-a0e2-8445a4c679d3,Memphis May Fire,Memphis May Fire,Necessary Evil - Memphis May Fire
293,3f446844-a2e6-4720-87c5-4c93737d659d,c9e94634-4c89-477c-82a1-3ff6839c509f,Get Scared,Get Scared,Suffer - Get Scared
294,cfe36af9-1f35-466d-ad94-942b6b38f35c,9fb70338-01ac-4e97-abd1-1309b668a93b,Catch Your Breath,Catch Your Breath,Dark - Catch Your Breath
295,e079039d-5f85-4b00-9d15-01c07976be56,cae2841b-f02b-48b2-9ae6-4b010e8238f6,I See Stars,I See Stars,Anomaly - I See Stars
296,d8f8485f-5966-4159-8e2f-121ca0d8ccae,8f57f060-37fe-4466-a6e1-0e1537e635a6,Kami Kehoe,Kami Kehoe,DOPAMINE - Kami Kehoe
297,17044ba0-cfa0-4964-a699-91e72b3200e3,93e5f89d-94a5-4db3-ba43-fb28de47b62b,Emarosa,Emarosa,Good Enough - Emarosa
298,7ea77ec3-8089-4c06-a586-5d148fadee06,03b2b1e5-4ddf-4170-afa5-497ec49f9090,Dance Gavin Dance,Dance Gavin Dance,Surprise! I’m From Cuba. Everyone Has One Brain - Dance Gavin Dance
299,c0ae9bd8-bfbc-4126-bd4f-6919a2543120,f729e559-7677-4ced-953f-ae707a1a2f49,Issues,Issues,COMA - Issues
300,2332f9e4-46e7-4495-be03-b1155661cef8,,,,HIGH - Magnolia Park / Arrows in Action
301,855effb3-dc05-4bdc-ae0d-ee6b358c9482,7ee8fd6b-d366-4c3d-bb98-7632ad197af2,Too Close to Touch,Too Close to Touch,Until I Collapse - Too Close to Touch
302,0bb14217-0e4e-49d9-84c3-d5d3d0bb1c9b,1fb51b6e-db77-44b1-8353-c8f70b0356f0,Issues,Issues,Mad at Myself - Issues
303,708805fd-108d-4672-a0d1-15c9291b03c3,c7625692-250a-4f48-a405-84d099b30e05,Like Moths to Flames,Like Moths to Flames,Over the Garden Wall - Like Moths to Flames
304,557e7b6d-5deb-47c6-b772-014845dd5bdb,fa4c66f8-f7ae-46d5-aa9c-dd2fda27ed8b,Sleep Theory,Sleep Theory,Just a Mistake - Sleep Theory
305,f3f66741-f73d-4fbf-a80e-a46e63240cf2,7da6f27d-6454-4c2a-b2c2-05b944138e2c,Sleep Theory,Sleep Theory,Afterglow - Sleep Theory
306,38d40a2e-f226-4d03-b1e6-ee54779ff661,769c27c1-9987-4337-b4fd-3d0d301a363c,Dayseeker,Dayseeker,The Living Dead - Dayseeker
307,057a0d2f-fd0a-4100-81df-39f21355e709,6ca13c6b-0874-46f7-a938-d8a16c8e7b57,Sleep Theory,Sleep Theory,Hourglass - Sleep Theory
308,3e53a58f-60ed-450f-8296-a93befeeb0e8,6ed6b0b4-4572-4255-9318-7ba66deb6571,Gucci Mane,Gucci Mane,Lemonade - Gucci Mane
309,d0f2dde4-1581-4b8b-b7d6-8899aa430cb7,ab87f4c8-b7a2-451c-ac18-459d362a882c,Mella,Mella,Swaydif - Mella
310,d73e709a-3d78-4d29-88a8-6e436b3aa09d,,,,dame's interlude - Dame Atlas
311,60863586-5aed-4cc7-ba86-051d37e9b32e,,,,Thylacine (Devolve) - Siaynoq
312,9913fdf7-e12c-4adb-9daa-145da7b08c93,457264dd-35a4-454f-b207-d4d275228a79,The Weeknd,The Weeknd,Party Monster - The Weeknd
313,4e11e906-272f-4ab5-9fc1-62a9bc9bc1f2,,,,Say You Hate Me - Ambiverse / The Home Team
314,843d6f0e-94c5-4c8c-a174-530fe92a8206,395df270-77c9-49ef-ab19-59d0b3fe5669,156/Silence,156/Silence,Our Parting Ways - 156/Silence
315,1e7efae3-34e0-4152-80ef-d0b9469a9977,,,,Partners In Crime - Set It Off feat. Ash Costello
316,d1b0f5b9-fcdd-4da0-8658-de0e2c2eec0b,cff0feec-f786-4041-94c7-8b3e3679fd75,Dance Gavin Dance,Dance Gavin Dance,"The Robot With Human Hair, Pt. 2 1/2 - Dance Gavin Dance"
317,e6f5e237-e5c1-4d32-aae2-57fab6e41fb6,bfb0498e-4731-44ef-abbf-751c4766cbd5,Dance Gavin Dance,Dance Gavin Dance,The Importance of Cocaine - Dance Gavin Dance
318,824eb790-5848-4b81-bec8-e94744f6f822,,,,OK - Kanye West Feat. Don Toliver
319,0ed3546c-28c7-4f37-83f2-998244d2443a,b32b5744-1d56-4743-a17a-5c5ec71d75ed,Chevelle,Chevelle,The Red - Chevelle
320,4547577b-a6f7-4991-94c9-1ce07fbf2a42,4ac23353-0812-42e5-878c-1c1b6479eeca,Rihanna,Rihanna,Sex With Me - Rihanna
321,54a03582-82dd-408b-a9c6-548e564005f0,e80e3dc1-56eb-4df6-813c-db3b4995f5e2,Dance Gavin Dance,Dance Gavin Dance,Midnight at McGuffy’s - Dance Gavin Dance
322,34189da6-fecb-4963-8b6d-02bc16e4b53c,725759e6-4ba8-46ea-95f7-c3f224de08f0,XXXTENTACION,XXXTENTACION,UP LIKE AN INSOMNIAC (freestyle) - XXXTENTACION
323,ac13ebdb-ec16-4c3f-aff3-2772455a6614,,,,"not asleep, not yet - Figure Eight"
324,7f5d2bf9-cd0d-4ab1-8a7c-6402cb7c1e28,36e6a0e5-7358-4a1e-9d7a-2451b46fe467,Broadside,Broadside,Warning Signs - Broadside
325,24c0121a-e686-4f00-bc81-c2a7fc3a2225,10f0e0a6-352f-4903-92a4-50b6ff2295a6,Dance Gavin Dance,Dance Gavin Dance,It’s Safe to Say You Dig the Backseat - Dance Gavin Dance
326,20aa49d0-0cfd-4945-bb32-2a85c760e311,41e453b7-f16f-4bfc-bc99-427d21bdde45,YoungBoy Never Broke Again,YoungBoy Never Broke Again,Make No Sense - YoungBoy Never Broke Again
327,555afb1e-9456-41ef-9039-5a26ad1373d1,64cdc929-faf4-4ff8-ad33-1bfeee3db291,Key Glock,Key Glock,HARDKNOCK - Key Glock
328,2ada07cf-3224-4e2c-a5d8-e769f05955a9,8f0b7bfd-a9fd-426d-a53b-75f5d98cb00a,Lady Radiator,Lady Radiator,"Box Turtle, Magnificent Isn't She - Lady Radiator"
329,adb33e4e-3dcf-455d-94c0-d6f4ad9a6929,a07f4b0e-7923-4f34-b6a9-4e4be0be8fa0,Token,Token  &  Connor Price ,Bambi - Token  &  Connor Price 
329,adb33e4e-3dcf-455d-94c0-d6f4ad9a6929,a07f4b0e-7923-4f34-b6a9-4e4be0be8fa0,Connor Price,Token  &  Connor Price ,Bambi - Token  &  Connor Price 
330,361fa55e-5f37-47c3-a8b4-c7f6fd2d7663,71431e5d-938e-485f-883a-ddaf8c77c866,Dance Gavin Dance,Dance Gavin Dance,Evaporate - Dance Gavin Dance
331,e95b4f51-4633-4e38-a1cb-26e329419dea,,,,The Comeback - Metalwave
332,1669c8e3-fa43-493d-8b67-21f682f2a7f9,6d05c772-f89c-4a61-aa2e-41dd79c62f44,Jon Pardi,Jon Pardi,Heartache Medication - Jon Pardi
333,35ffef05-9bff-4de4-8e44-aaf5e15e9d8e,,,,Devotion (Take Me There) - Siaynoq
334,234d3bc3-1ce1-4e25-9787-151a06210202,e5a2f5bd-7a26-4597-9b1f-0abce9b4879c,Panic at the Disco,Panic at the Disco,Nine in the Afternoon - Panic at the Disco
335,62d1f13e-3adc-4d6c-a996-e5e32e62127c,,,,The Man That I Am - Book of Beart
336,37d85245-8299-42f4-a8f4-97847ad2ef7c,59f5ffef-419a-4916-adb1-0acb491c39e3,Treaty Oak Revival,Treaty Oak Revival  feat.  Muscadine Bloodline ,Misery - Treaty Oak Revival  feat.  Muscadine Bloodline 
336,37d85245-8299-42f4-a8f4-97847ad2ef7c,59f5ffef-419a-4916-adb1-0acb491c39e3,Muscadine Bloodline,Treaty Oak Revival  feat.  Muscadine Bloodline ,Misery - Treaty Oak Revival  feat.  Muscadine Bloodline 
337,7a4f1fde-f219-4fd9-bb01-a6f098f1b206,c8b98fda-4789-45bb-b99b-e4b69f5cbaa6,2 Chainz,2 Chainz  feat.  Kendrick Lamar ,Momma I Hit a Lick - 2 Chainz  feat.  Kendrick Lamar 
337,7a4f1fde-f219-4fd9-bb01-a6f098f1b206,c8b98fda-4789-45bb-b99b-e4b69f5cbaa6,Kendrick Lamar,2 Chainz  feat.  Kendrick Lamar ,Momma I Hit a Lick - 2 Chainz  feat.  Kendrick Lamar 
338,1d399ad4-55ce-4797-8048-6de0fc50b72f,8228be66-5868-43aa-a88f-2d727a941b88,Jay Rock,Jay Rock  feat.  Future ,King’s Dead - Jay Rock  feat.  Future 
338,1d399ad4-55ce-4797-8048-6de0fc50b72f,8228be66-5868-43aa-a88f-2d727a941b88,Future,Jay Rock  feat.  Future ,King’s Dead - Jay Rock  feat.  Future 
339,0e2049cb-0e36-42db-b4da-7c417e7e02d7,9c649ce0-ea55-44f6-b84f-974c997c36ee,Vince Staples,Vince Staples,Norf Norf - Vince Staples
340,b0a8014b-c182-4ab7-84a0-6bc7bb476f75,b76555ae-9712-4a80-918b-10f6f0f7e089,Adam Drake,Adam Drake,Up Sticks - Adam Drake
341,a585df1c-88ae-452f-a2ee-d57c1b875d21,9a16bb02-172e-4e40-a3f5-4330f4547ec0,Owen Riegling,Owen Riegling,Old Dirt Roads - Owen Riegling
342,079590fa-2c9c-4f9b-974d-6540223af41c,7803f71e-7d7c-4621-9165-f8fd7fca5c09,Badflower,Badflower,Sasshole - Badflower
343,c26f36ac-b25e-4639-9f96-398039dd0c12,,,,What I Need - HIGH JUNE
344,c46bf3b6-17a6-4ecd-a306-1f8948ed7847,72e4541f-8165-45a6-8983-85e52f2c6479,Grayscale,Grayscale,Dirty Bombs - Grayscale
345,9f20b135-bbc2-477d-ae43-d3563b5c4cd7,115cb8ee-ca32-4f0c-8d33-6070cc828a8e,Friday Pilots Club,Friday Pilots Club,We Don’t Wanna Talk - Friday Pilots Club
346,124844fc-bf2c-4dce-9b5f-95e23d9d2b07,818b6d55-540c-4c3c-bda7-0291e3b34c1b,All Time Low,All Time Low,Do You Want Me (Dead?) - All Time Low
347,ec4c61a7-d573-4b78-bd97-44fdc2307074,e3faae32-83b3-4a42-ae7f-6e4745dca2ba,Highly Suspect,Highly Suspect,The Sound - Highly Suspect
348,3f386d01-a663-4e64-87a5-dd57fd34ad77,13a67110-b782-461d-9c9f-4400e6cb8531,All Time Low,All Time Low,Something's Gotta Give - All Time Low
349,b57839f3-cc2a-414e-9939-b53708884efd,beeace41-6d25-4147-8184-d63a17363a72,Rascal Flatts,Rascal Flatts,Life Is a Highway - Rascal Flatts
350,b9eeb361-b491-443b-b62f-933a43f23514,,,,Ready to Go - Peached
351,df232ce3-1a13-411f-b8bf-03e8bfa7bc42,6cd38dad-148f-4381-9cf4-b75f496238c6,Machine Gun Kelly,Machine Gun Kelly  feat.  blackbear ,my ex’s best friend - Machine Gun Kelly  feat.  blackbear 
351,df232ce3-1a13-411f-b8bf-03e8bfa7bc42,6cd38dad-148f-4381-9cf4-b75f496238c6,blackbear,Machine Gun Kelly  feat.  blackbear ,my ex’s best friend - Machine Gun Kelly  feat.  blackbear 
352,66d32ca5-bab5-4ead-a513-29ecf2f62df8,20c8ffff-4c78-4102-9e07-13ab8b5c0aa4,The Band CAMINO,The Band CAMINO,Last Man in the World - The Band CAMINO
353,2d69ba98-6296-488a-ab52-07875f46b1ba,9db22a17-d40e-46f2-a07a-38554cec793e,You Me at Six,You Me at Six,Deep Cuts - You Me at Six
354,5d8f7612-9e88-4e5c-ae6d-e0c7d9ec9254,,,,Sentimental - Magic Whatever / Social House
355,5a8e3f26-cb9f-407b-bd08-67e4bdb9d9f0,aadeced3-ae64-4ef7-afce-2d72cfddfd80,Justice,Justice  &  Tame Impala ,Neverender - Justice  &  Tame Impala 
355,5a8e3f26-cb9f-407b-bd08-67e4bdb9d9f0,aadeced3-ae64-4ef7-afce-2d72cfddfd80,Tame Impala,Justice  &  Tame Impala ,Neverender - Justice  &  Tame Impala 
356,e70fd918-34b8-48e3-9170-d3b7a8e69ae4,101be464-9087-4e8e-9edb-a87ae6af706e,All Time Low,All Time Low,Sleepwalking - All Time Low
357,55986730-87c4-4ae7-b7ca-cf89325921ff,061ddd86-bfaf-497c-b5f5-b208217407aa,HOKO,HOKO,OK OK - HOKO
358,f1ddeef1-d9ec-4a03-ae83-278babaf6d61,329deec5-a896-4cc1-b5f8-1e8a5b54abbf,Highly Suspect,Highly Suspect,New California - Highly Suspect
359,0a7223e1-7a57-4d81-a453-db90851e309c,5e87a560-e5e6-4f82-9184-d0cf90421fa3,Fall Out Boy,Fall Out Boy,Stay Frosty Royal Milk Tea - Fall Out Boy
360,8ed12f85-4cfb-47c8-ae45-a1593cea6e1c,d9a0335c-9ec9-4d07-b806-1c67bebb93c1,,,Cinderella (feat. Ty Dolla $ign) - Mac Miller
361,8b8e5047-27cd-4162-aa14-ba180c436d7f,96a82e91-829d-44ec-a4f5-fa50a68141f0,Don Toliver,Don Toliver,Body - Don Toliver
362,c21187a9-46e9-49b8-b633-e6d57ff3122d,,,,For What It's Worth - Downswing feat. Colorblind
363,81c60ca3-2a31-431b-96c5-6f1523ff2b01,,,,DOG FIGHT - Coasting
364,b9eeab81-4fc3-4715-a04d-9900f409f7c4,a1af0a3b-33ea-4411-bae0-330d0a4b894f,The Home Team,The Home Team,All I’ve Ever Needed - The Home Team
365,59b5517f-6269-4efb-a4f7-91d4aa74de53,00544013-953d-4a18-bed9-8ff615ea06b8,Benny the Butcher,Benny the Butcher  feat.  India ,5 to 50 - Benny the Butcher  feat.  India 
365,59b5517f-6269-4efb-a4f7-91d4aa74de53,00544013-953d-4a18-bed9-8ff615ea06b8,India,Benny the Butcher  feat.  India ,5 to 50 - Benny the Butcher  feat.  India 
366,1638e3d7-086a-4fc1-a93f-27c2784be905,207557db-1e2d-4194-b58b-a2a6381500c7,The Plot in You,The Plot in You,You Get One - The Plot in You
367,031d7a40-30be-4683-9c02-73b36570db2a,67ebd45d-2749-4081-9991-fb5c56f0cf8f,In This Moment,In This Moment,Blood - In This Moment
368,671606d0-0a5b-426e-9c43-b95cd675ee56,df72c46a-d973-44ac-9f91-c6c63bba4938,Ambiverse,Ambiverse  &  Brian Butcher ,Say You Hate Me - Ambiverse  &  Brian Butcher 
368,671606d0-0a5b-426e-9c43-b95cd675ee56,df72c46a-d973-44ac-9f91-c6c63bba4938,Brian Butcher,Ambiverse  &  Brian Butcher ,Say You Hate Me - Ambiverse  &  Brian Butcher 
369,8160bc68-c12a-46fe-b1c3-fd631cd2264d,b81d32e7-c889-44b7-ac54-d4b41372f82e,Braden Ross,Braden Ross,watch u sleep - Braden Ross
370,9ee25331-ff38-4ead-8d5b-9bf2ff99b3da,c6253af4-dba5-4261-9c8d-46fc2744e81b,Holywatr,Holywatr,Burn the Witch - Holywatr
371,30b63804-36b1-4fe5-8d11-a065b8dcc88d,ab8c55dd-c5f5-4f5e-ab38-42920b782a83,Tyler Hubbard,Tyler Hubbard,Dancin’ in the Country - Tyler Hubbard
372,8f0a1ed8-df5d-4525-9d20-bfcbb593c288,8bc989a4-3153-46ad-bc6f-03d9558a5a7b,Chris Lane,Chris Lane,I Don’t Know About You - Chris Lane
373,bda569f3-70d4-4fda-92ee-554aec655604,5e51611c-5ced-4e76-bb75-136c4d1c1380,Julia Wolf,Julia Wolf,Last Summer - Julia Wolf
374,6a6df288-0322-44d0-8f58-7ddd37811a35,e9cb5d71-2532-4ab3-89e6-e1848a42f788,The Main Squeeze,The Main Squeeze,Karma - The Main Squeeze
375,89495fc8-8282-459b-a3c2-cb3221ad2d5c,a8672809-f566-488f-9d7f-8f2cb3fd54ee,Redferrin,Redferrin,Miss Summer - Redferrin
376,b1da04ca-663b-4f98-b958-b4f2cf761fd2,a346db4b-e6f6-4bc1-8ab1-15d92cea7f03,Dylan Scott,Dylan Scott,New Truck - Dylan Scott
377,38a08938-05b0-403f-b47a-0be633d64c79,239281b9-ef38-43ba-815b-45e712a2d4ef,Morgan Wallen,Morgan Wallen,Lies Lies Lies - Morgan Wallen
378,4b1b229b-cac5-4d67-9460-c6f6ec260234,fbe565f5-7d1f-492f-9aa3-cb08c269710c,Morgan Wallen,Morgan Wallen,180 (Lifestyle) - Morgan Wallen
379,59165b25-96b8-4074-9fb6-0011969e520a,4c63917b-ffb8-4ba3-9a68-07c262e06771,Pale Waves,Pale Waves,Lies - Pale Waves
380,91e59d1d-88f9-4dcb-a911-e15ea1bc70c7,e56db982-7cc1-4d08-9e6a-b4cdb3a61991,Zach Top,Zach Top,Bad Luck - Zach Top
381,ab909945-a0ea-4f76-8d4d-3115d4dc5cf3,1093cf79-ec35-4349-b5f4-500f12e6a10b,The Home Team,The Home Team,Brag - The Home Team
382,7ded276f-6293-4919-baa6-3c1a4fc0d880,87f0442d-b563-4b11-8011-057a1bbc64bc,Koe Wetzel,Koe Wetzel,Something to Talk About - Koe Wetzel
383,84b19038-dc63-4857-8ab5-f04167fcc648,51e56798-1613-48ed-a156-0a4f38bfae8c,Fall Out Boy,Fall Out Boy,"Sugar, We’re Goin Down - Fall Out Boy"
384,112acd1f-9e20-49ef-b209-772abc9099f7,a72ee6d8-048c-4ccc-81e6-51f265dfe1d7,Arctic Monkeys,Arctic Monkeys,The Bad Thing - Arctic Monkeys
385,07ac2e42-3818-49b3-afc1-9ef66c93bf8a,d4c08bf2-7ca9-49e8-8ba6-2c4fc9ac8e48,Beauty School Dropout,Beauty School Dropout,one night stand you - Beauty School Dropout
386,73db3879-2626-4445-ad09-05642f31fafa,fa903e6b-d783-4f7d-ba61-c4cdcc415700,Sleep Token,Sleep Token,The Summoning - Sleep Token
387,043b82c0-fca3-4faa-9516-ccca458d7ed9,e33f2a21-f4e1-400a-bf62-20ac49aaef0c,Toby Keith,Toby Keith,As Good as I Once Was - Toby Keith
388,eb5aebf9-79be-4f06-81bc-7b39e753b040,b6def08c-cc45-4bc6-8b2a-03437174a286,HARDY,HARDY,TRUCK BED - HARDY
389,30f2068f-f622-4fbf-8341-a7a1f59a5532,3554244d-155d-4e93-a42d-56b7c5b0ee26,Treaty Oak Revival,Treaty Oak Revival,Stop and Stare - Treaty Oak Revival
390,b0428f79-0a10-4f8e-a2cd-51a8829668d4,f5ebda46-381f-402e-9b64-980cd0b80b55,The Blue Stones,The Blue Stones,Don't Miss - The Blue Stones
391,cc974390-db42-4877-9067-4e2a7bc9c702,479de3c2-2950-4c26-82ea-fbd1c63f84c4,Morgan Wallen,Morgan Wallen,You Proof - Morgan Wallen
392,d328bb79-0605-4d1f-9bde-b1492827263b,3e00e410-6f74-4c5f-bbaf-33b66f5efaf6,Luke Combs,Luke Combs,Ain’t No Love in Oklahoma - Luke Combs
393,95fb29e1-d405-4ba2-ba84-fad941dbbeb8,b079306b-3cfd-49b7-b726-f372c192b9a1,Culture Wars,Culture Wars,Typical Ways - Culture Wars
394,63348830-4e68-430b-86c2-f46138bb9d57,89328140-d935-487e-9128-f1dd74877546,Nickelback,Nickelback,She Keeps Me Up - Nickelback
395,00a888c0-f2e1-4901-95c3-b33df3dfc2ce,896a3a78-518c-46af-864b-1a6103c7b2d7,The Backseat Lovers,The Backseat Lovers,Kilby Girl - The Backseat Lovers
396,902fcfa4-65c4-4ff5-b119-b511849d5572,8fe9f33c-ab92-4231-acdc-e5dbdcd28557,Zach Bryan,Zach Bryan,Dear Miss - Zach Bryan
397,6a9756d7-3b48-4582-b9af-c0faccde7b49,cae25d8d-bcff-4e36-ab90-580364090ff5,Fall Out Boy,Fall Out Boy,So Good Right Now - Fall Out Boy
398,eeb01887-9648-4982-8f89-69c75a5650a4,fa29ea7b-acff-45cf-9eb3-150faf802b15,Tim Montana,Tim Montana,Mostly Stoned - Tim Montana
399,109b43fe-ad9d-4043-a69e-71adf05afa59,eb903ff2-6b71-4e19-906d-8d05cf87de6a,George Strait,George Strait,I Got a Car - George Strait
400,702cfa16-9c11-4b48-884f-1f5c5ee8ddd6,596b7c88-0235-488c-b61f-c8bb66bdd5f0,Lainey Wilson,Lainey Wilson,Wildflowers and Wild Horses - Lainey Wilson
401,aa7e9a4a-72f3-4af6-9130-8fd815bce397,e538a339-b4d7-4d65-a4db-a7444a869aca,Redferrin,Redferrin,Mornin' Montana - Redferrin
402,3a269bb6-ebb1-4158-808a-b3b379879f58,bf73f30c-265f-4c2b-a07b-513183a752c2,Kashus Culpepper,Kashus Culpepper,Out Of My Mind - Kashus Culpepper
403,df039b79-bf24-4ad2-8033-9b49756c8780,e161c36f-efbf-4cf8-9bac-21d8cc998a13,Morgan Wallen,Morgan Wallen,Good Girl Gone Missin’ - Morgan Wallen
404,35f826ef-2b83-425e-9f02-37b94ff32c2b,c03536d4-53a0-48ba-923e-d5167d9d8581,Set It Off,Set It Off,Loose Cannon - Set It Off
405,9b222185-4054-4513-a1f6-cdeb194dc772,4958a879-f96e-41ff-b31d-700b842ac821,Jon Pardi,Jon Pardi,Friday Night Heartbreaker - Jon Pardi
406,c62c9558-0862-4fd6-a194-16c716fee3f8,62fc2f9d-76c3-46cd-813d-b20ab1fae630,Redferrin,Redferrin,Jack and Diet Coke - Redferrin
407,8819baa4-f911-4e8b-8d63-e20cfa108d60,240e9b3e-08b2-4c7e-9598-e64c2f3d8634,All Time Low,All Time Low,Calm Down - All Time Low
408,a351d264-0abc-4798-b222-b5bf0d74e557,,,,Fishin' on a River - Jake Owen
409,936531f6-5f1f-45ac-b3b6-cfc8ddbe620d,2b208548-f8ab-4402-a565-85a79bab118d,All Time Low,All Time Low  feat.  Teddy Swims ,New Religion - All Time Low  feat.  Teddy Swims 
409,936531f6-5f1f-45ac-b3b6-cfc8ddbe620d,2b208548-f8ab-4402-a565-85a79bab118d,Teddy Swims,All Time Low  feat.  Teddy Swims ,New Religion - All Time Low  feat.  Teddy Swims 
410,f557c27d-cd94-4d43-b4aa-8b4a2a3eab87,a06348fb-0384-4951-bd88-8ca95b44d15f,The Snuts,The Snuts,Hallelujah Moment - The Snuts
411,2d919ec2-5937-4660-8441-7924aa822820,59429cfc-8d95-4156-bd14-f63eaeedd660,Dance Gavin Dance,Dance Gavin Dance,The Backwards Pumpkin Song - Dance Gavin Dance
412,615b0245-b2e3-46b1-841b-74ad090ae48a,3c20d12a-26d7-4258-b7ef-e9ec08b67ffd,Grayscale,Grayscale,Just Right - Grayscale
413,2bf8df64-61d1-4971-98d2-233dc08007fe,02dca35c-af77-44ea-8045-547d671db8e5,Highly Suspect,Highly Suspect,Natural Born Killer - Highly Suspect
414,247d506a-c315-4a2b-9a6b-2829d94dcfde,34c4b1dc-b7d1-42ee-b32b-65f962fa17dd,Pierce the Veil,Pierce the Veil,So Far So Fake - Pierce the Veil
415,12d27b81-772e-4d97-ac34-b3d3f294e24a,3a756407-3ed7-41c3-bb0f-b74dbaa39d27,Jon Pardi,Jon Pardi,Your Heart or Mine - Jon Pardi
416,cccc460b-70d2-4b8b-81e4-6aae066a9f62,ce501513-c635-4912-91dc-6eff2595b6cd,joe p,joe p,Shadow in the Sun - joe p
417,676bfa1c-a10f-46d4-8a3e-062a2c8d841f,05e98511-c2ee-4a09-82f7-ad4844741b76,Ashley McBryde,Ashley McBryde,The Devil I Know - Ashley McBryde
418,bea7e431-3459-4b7a-8ccd-265ca00c9d5c,0155deef-1cd3-4142-a2cf-fbb25c027dbd,Panic! at the Disco,Panic! at the Disco,Don’t Threaten Me With a Good Time - Panic! at the Disco
419,0efab8cc-2de9-4fba-8a48-81d8a39862f2,fbb2d6eb-0a8b-4822-8e86-c5ed40a03fc7,Foo Fighters,Foo Fighters,My Hero - Foo Fighters
420,75a74814-8601-4635-bb5d-45c1200e29e5,02449738-4edb-4d57-85e6-4a326349b8dc,Brantley Gilbert,Brantley Gilbert  feat.  T.I. ,Bottoms Up (remix) - Brantley Gilbert  feat.  T.I. 
420,75a74814-8601-4635-bb5d-45c1200e29e5,02449738-4edb-4d57-85e6-4a326349b8dc,T.I.,Brantley Gilbert  feat.  T.I. ,Bottoms Up (remix) - Brantley Gilbert  feat.  T.I. 
421,9ad0e85e-1112-4c83-a455-bb8876e63b69,520478e3-3444-4fa9-892a-62518b74986b,Grayscale,Grayscale,In Violet - Grayscale
422,52d8ea16-2265-4309-bbf2-6af9cddd46ca,28e55e71-2043-4d32-83b7-9fc09eb60879,Beach Weather,Beach Weather,Seth Cohen - Beach Weather
423,d1acf1f1-44bf-4edc-874a-e4094a19d4a7,984a366d-54fd-464b-a6e9-2ab043068964,Ole 60,Ole 60,Smoke & a Light - Ole 60
424,2d932291-6c89-4830-8c3d-9edef944008f,f069fca4-97f8-4bb1-a627-8881a0bf5240,HARDY,HARDY  feat.  Morgan Wallen ,red - HARDY  feat.  Morgan Wallen 
424,2d932291-6c89-4830-8c3d-9edef944008f,f069fca4-97f8-4bb1-a627-8881a0bf5240,Morgan Wallen,HARDY  feat.  Morgan Wallen ,red - HARDY  feat.  Morgan Wallen 
425,ec6f3239-7cd7-46e8-8a11-9e86086590a1,3a914c8b-9a98-44c3-a607-5a55177de157,Dayseeker,Dayseeker,Crying While You’re Dancing - Dayseeker
426,12402be4-9c96-4015-ae28-850158223c11,155fcebf-b270-4e4c-ae87-46b061c6ac1d,Dayseeker,Dayseeker,Sleeptalk - Dayseeker
427,39daa01b-80ed-4622-bbaa-e230c2083934,50f1b4c0-2d3b-4367-8be1-c4211dafb10f,The Neighbourhood,The Neighbourhood,Blue - The Neighbourhood
428,f91dda7a-e974-489f-b335-5065d5d63452,af18b971-14d8-47c6-ba8f-714672dc8c15,The Neighbourhood,The Neighbourhood,Scary Love - The Neighbourhood
429,4aa80981-f7c9-4282-b561-6bbaa79092b1,f62ae39d-b7fc-4b66-a2dd-0cac62f45d65,Pierce the Veil,Pierce the Veil,I’m Low on Gas and You Need a Jacket - Pierce the Veil
430,968d1723-24a7-46b3-8f30-8ddd44cc12eb,429b3762-3e85-41d7-b99c-c0816444b927,Josh Ross,Josh Ross,Ain't Doin' Jack - Josh Ross
431,4033a0b0-fe30-49ce-a34e-ed49c0a8cd8a,340ad620-21e7-42f0-aea2-02da0eb99ac5,Matt Stell,Matt Stell,Breakin' in Boots - Matt Stell
432,bf41726b-c306-4c42-b914-611f7f2846da,ba20a414-eb5f-4100-8123-7ad07c221aa4,Morgan Wallen,Morgan Wallen,Last Night - Morgan Wallen
433,32cb4442-a5e5-44b9-a5a0-8c3953a04797,c32b25c0-5db2-4f71-825c-8505912cf86b,Fall Out Boy,Fall Out Boy,Fourth of July - Fall Out Boy
434,5d760d5f-64cd-4214-a23a-554fa0fdcb83,4329bcfd-8e88-4843-971d-a7205c5bc3e8,LØLØ,LØLØ,faceplant - LØLØ
435,f319bf24-aab8-43cc-81c6-ac5dc0a9a6b7,d95d02e2-1a42-4716-802d-7868ee9b375a,Fall Out Boy,Fall Out Boy,Heartbreak Feels So Good - Fall Out Boy
436,0f42392d-f678-490b-a55c-333ed49a224e,aaf402a3-ec26-4a55-9be2-f72a604bb156,Måneskin,Måneskin,BABY SAID - Måneskin
437,f771a1a9-ca6b-4ad8-9800-5bc56f248b8c,124fec9a-d3aa-4bbd-acbc-370757fccd2b,Normandie,Normandie,Blood in the Water - Normandie
438,25b000f5-4dc7-4b61-bb2e-0d0271badd80,2d87307d-0fd9-44b9-b9b6-e425856c2c59,HARDY,HARDY,the mockingbird & THE CROW - HARDY
439,a382ec58-c5a9-471d-a009-f8c8c476dfa0,aef67c6b-31df-4f8f-a30a-ff269debd4c1,twenty one pilots,twenty one pilots,The Outside - twenty one pilots
440,980818fe-8cf0-4aad-b9f5-3e7095a63042,0f787784-868a-45ac-a0cf-607fafd97e40,Treaty Oak Revival,Treaty Oak Revival,See You in Court - Treaty Oak Revival
441,14f875c9-734a-4463-9f1b-6002e454995c,8a76ba68-0fdc-4dc2-8efb-8dfd1bbcb85d,Redferrin,Redferrin,She’s Like Whiskey - Redferrin
442,c0a71c98-8000-4596-a884-fd0d228d9b5c,e4c6be53-bbe1-4ff7-91bd-8746b7b11b2d,Bailey Zimmerman,Bailey Zimmerman,Where It Ends - Bailey Zimmerman
443,83894cf4-726c-4d03-a850-fba4d2c23dc0,ada6b774-7ec6-4a75-9cdb-c2f132735c26,Tanner Adell,Tanner Adell,Whiskey Blues - Tanner Adell
444,a4f5fd65-3f0a-48be-bbf6-e0c5186ece79,4de173bb-44b8-4506-b2fc-d3ef52e456a5,Thomas Rhett,Thomas Rhett  feat.  Teddy Swims ,Somethin’ ’Bout a Woman - Thomas Rhett  feat.  Teddy Swims 
444,a4f5fd65-3f0a-48be-bbf6-e0c5186ece79,4de173bb-44b8-4506-b2fc-d3ef52e456a5,Teddy Swims,Thomas Rhett  feat.  Teddy Swims ,Somethin’ ’Bout a Woman - Thomas Rhett  feat.  Teddy Swims 
445,adad95c1-5431-40ff-9231-bfb3ff27e090,c96c125d-9ca1-4a41-a021-2333bf272e69,Morgan Wallen,Morgan Wallen,Ain’t That Some - Morgan Wallen
446,b5a5672b-8689-47b2-afd8-855d4eb2dd10,3ed1e779-7008-4619-aa3c-e36bd0c38d52,Old Dominion,Old Dominion,I Was on a Boat That Day - Old Dominion
447,0fda3a1e-232d-4f32-8d94-dd9e758a8be2,aec07661-9222-464f-9563-99611a159ae8,Scotty McCreery,Scotty McCreery,This Is It - Scotty McCreery
448,b0d7d67e-88c9-43df-9ed4-f8f83d73f0ed,253b7e25-792f-4911-a235-1674abb591c7,Austin Burke,Austin Burke,Wet Dream - Austin Burke
449,b9e9cc76-c95e-453b-bbc7-9fd37c19e91a,5fef3c38-3750-48fd-8b82-b305fd52b299,Gavin Adcock,Gavin Adcock,Last One to Know - Gavin Adcock
450,7be394ba-4012-418c-a509-477dbbbf8d59,f0687195-f87b-4749-80ae-e68c98ad2848,Koe Wetzel,Koe Wetzel,Drunk Driving - Koe Wetzel
451,534e79c5-1126-484a-ac86-a06c19db137d,bb727e29-30b5-4cf1-b92d-5735564bb881,Tyler Braden,Tyler Braden,DEVIL YOU KNOW - Tyler Braden
452,e9cf1037-c688-4244-a463-ef9535b94a4d,754ec559-3aae-45d1-9c06-88428881df19,Sleep Theory,Sleep Theory,Gone or Staying - Sleep Theory
453,fbbf95e4-0a90-406c-9d3e-a9d1a825077c,9b6a9642-c087-42d3-95fe-f8b570cf80bd,HARDY,HARDY,I AIN’T IN THE COUNTRY NO MORE - HARDY
454,024cb687-c56e-47d0-8c95-a435766a6ba6,c99bc041-5d23-4a8e-a767-7c7847d24896,Arctic Monkeys,Arctic Monkeys,R U Mine? - Arctic Monkeys
455,27353879-c102-42a8-901b-277bea9c6757,de5203f0-c078-4cca-a28f-a69255862389,Beartooth,Beartooth,Might Love Myself - Beartooth
456,0b9a25a1-072f-4700-923a-5fd970e6d7c8,f784daf1-d8aa-441b-8bfd-d0903ac21069,Fall Out Boy,Fall Out Boy,HOLD ME TIGHT OR DON’T - Fall Out Boy
457,4ba0ed83-5d59-4f04-9eb8-314d24411c65,6e49561b-e782-4745-9e0c-19ffb5078cb2,Bilmuri,Bilmuri,THE END - Bilmuri
458,67752f12-0119-48ef-b31b-60bb643f395b,,,,Mind on Fishin' - Trace Adkins
459,1ff3855c-96d3-4e2f-90da-c6bd36ace113,537472b6-ecb1-4cfd-8e93-9d7d796b2d94,Brad Paisley,Brad Paisley,I’m Gonna Miss Her - Brad Paisley
460,29dfb7e1-3105-4c75-bf84-76cd9febca9e,d9319b93-249d-4aed-953d-d57f05123c1b,Cole Swindell,Cole Swindell,She Had Me at Heads Carolina - Cole Swindell
461,70553cf6-d8f6-461e-8f56-835d3333ee9f,70b25bff-ce3d-49c5-859f-70113d12e51a,Morgan Wallen,Morgan Wallen,Thinkin’ Bout Me - Morgan Wallen
462,e7eca5e0-0b48-4d19-9068-e870f8496157,c278fad2-c00d-43d3-8172-a8985e6f39ce,Treaty Oak Revival,Treaty Oak Revival,I'm the Worst - Treaty Oak Revival
463,8fd99f9e-bfb1-455a-8395-77d7902897fb,61ac017d-7acc-4b8d-88c1-539c7b0b10f7,Riley Thomas,Riley Thomas,Cowboys Did Cocaine - Riley Thomas
464,37a5257e-659b-48f6-865e-2079ccb54556,61378808-4033-416b-8f78-9adc1cf44540,Morgan Wallen,Morgan Wallen,More Than My Hometown - Morgan Wallen
465,4731bf3e-d7cb-4e84-9c0a-a2f7a599e99b,95adf7f2-ebc4-48fd-a19f-83e6fa1aad93,Morgan Wallen,Morgan Wallen  feat.  Florida Georgia Line ,Up Down - Morgan Wallen  feat.  Florida Georgia Line 
465,4731bf3e-d7cb-4e84-9c0a-a2f7a599e99b,95adf7f2-ebc4-48fd-a19f-83e6fa1aad93,Florida Georgia Line,Morgan Wallen  feat.  Florida Georgia Line ,Up Down - Morgan Wallen  feat.  Florida Georgia Line 
466,cf8921b6-d129-4d25-ba01-1b8631dedd44,27356396-ad80-418e-97d5-418bbfefc9ae,Morgan Wallen,Morgan Wallen,7 Summers - Morgan Wallen
467,f4ccc0ff-93d8-4268-b519-fb58cdab51ae,0ea16ab7-6dae-4118-acbf-f5aa2124c0c8,Josh Meloy,Josh Meloy,Porch Light - Josh Meloy
468,5f90ea00-112d-43c9-a8c4-a8d3a4ed16c7,7c8597e0-37c9-4aab-b47a-5d0ee3a932a0,Zach Top,Zach Top,I Never Lie - Zach Top
469,4133e5ca-dbfa-4e90-9354-a87de88001d8,2fe836a2-0dcc-4a56-978c-ac1690df8dbe,blackbear,blackbear,hot girl bummer - blackbear
470,7c59cb62-2715-4032-b276-4c273ece2c1e,a12f406d-cdeb-498c-b2a9-c4779dbba9e4,Betcha,Betcha,If That's Alright - Betcha
471,357e31d7-f4b2-4080-97c0-3cc7d1042e89,99592600-f6a5-4d61-84c9-67002c202985,Bring Me the Horizon,Bring Me the Horizon,sTraNgeRs - Bring Me the Horizon
472,161a043a-a5b4-4f68-af91-8cf4ed81e249,7132d445-e60e-4209-b12c-bbf0f0ed4b0d,Mountain,Mountain,Mississippi Queen - Mountain
473,d9327cf6-a9d0-4dae-8ab4-a1671e8d8273,b9c6ed5a-3cf5-4be6-a663-1b20de97e46b,The Home Team,The Home Team  feat.  Jeff Loomis  &  Veil of Maya ,Danger - The Home Team  feat.  Jeff Loomis  &  Veil of Maya 
473,d9327cf6-a9d0-4dae-8ab4-a1671e8d8273,b9c6ed5a-3cf5-4be6-a663-1b20de97e46b,Jeff Loomis,The Home Team  feat.  Jeff Loomis  &  Veil of Maya ,Danger - The Home Team  feat.  Jeff Loomis  &  Veil of Maya 
473,d9327cf6-a9d0-4dae-8ab4-a1671e8d8273,b9c6ed5a-3cf5-4be6-a663-1b20de97e46b,Veil of Maya,The Home Team  feat.  Jeff Loomis  &  Veil of Maya ,Danger - The Home Team  feat.  Jeff Loomis  &  Veil of Maya 
474,a17974da-68f9-45cc-9bd5-59fb51a820d8,b31685a4-51b2-4f57-a83d-91271a7ca9db,Lil Baby,Lil Baby,Free Promo - Lil Baby
475,3bd9f6cb-6b22-41cc-bfdd-b2f7bd950069,f2c013bb-1f24-4d8b-8f06-110af4bb0b27,Tory Lanez,Tory Lanez,LA Confidential - Tory Lanez
476,f6356e1c-30af-44d1-a3ca-3e43371dfb81,a494c1f9-42e7-4806-a755-d75c8e68b46a,DJ Khaled,DJ Khaled  feat.  Rihanna  &  Bryson Tiller ,Wild Thoughts - DJ Khaled  feat.  Rihanna  &  Bryson Tiller 
476,f6356e1c-30af-44d1-a3ca-3e43371dfb81,a494c1f9-42e7-4806-a755-d75c8e68b46a,Rihanna,DJ Khaled  feat.  Rihanna  &  Bryson Tiller ,Wild Thoughts - DJ Khaled  feat.  Rihanna  &  Bryson Tiller 
476,f6356e1c-30af-44d1-a3ca-3e43371dfb81,a494c1f9-42e7-4806-a755-d75c8e68b46a,Bryson Tiller,DJ Khaled  feat.  Rihanna  &  Bryson Tiller ,Wild Thoughts - DJ Khaled  feat.  Rihanna  &  Bryson Tiller 
477,627094be-3aa5-4773-97ea-ef43ea5c6856,177f07b2-202c-4532-a5bb-cf9fec260056,Bryson Tiller,Bryson Tiller,Don’t - Bryson Tiller
478,7d8460f7-85b8-43a7-9c4b-ffe218cf8645,,,,X - 21 Savage feat. Future
479,c51bd662-d97e-4c67-bc3b-edacd7e02270,6af9c583-f619-4ab5-9bc0-af5f97133482,Big Sean,Big Sean,Jump Out the Window - Big Sean
480,6c82b124-0621-46e3-9401-9c8e97b94d9b,2dcc855e-04c7-4d1b-9c5f-6560da5fd709,Frank Ocean,Frank Ocean,Novacane - Frank Ocean
481,a4e0b9a6-b2b0-4e37-8456-4f395cecd66a,16b5ea61-4442-4a55-8885-0e5186133f28,Emotional Oranges,Emotional Oranges,Don't Be Lazy - Emotional Oranges
482,757742dd-7be7-44cb-a9a8-f3d534e3975f,f6e21ab2-b707-463d-bb3f-89f53e094851,The Band CAMINO,The Band CAMINO,Nostalgia - The Band CAMINO
483,04ee8d7e-8d96-4a0d-ba55-b01c5cdc5df3,58b8d7ef-706c-40a9-a36c-29c0ac4df2b8,Sheryl Crow,Sheryl Crow,Real Gone (Live) - Sheryl Crow
484,ce727148-d0c5-4685-94b2-d3cea3b52b7c,2a85a82c-cf9f-4658-b9ab-89609df029af,Måneskin,Måneskin  feat.  Tom Morello ,GOSSIP - Måneskin  feat.  Tom Morello 
484,ce727148-d0c5-4685-94b2-d3cea3b52b7c,2a85a82c-cf9f-4658-b9ab-89609df029af,Tom Morello,Måneskin  feat.  Tom Morello ,GOSSIP - Måneskin  feat.  Tom Morello 
485,d60001d7-e82d-4395-b679-b15e67cd8818,8b29fdb5-2eaf-46b3-9c20-5a5f1d0b6e4e,BRKN LOVE,BRKN LOVE,Spell - BRKN LOVE
486,f98f4c21-1dcd-4d59-bbfa-91394b196f3a,2a58293a-b7bf-4fea-80a0-e679164446c7,All Time Low,All Time Low,The Sound of Letting Go - All Time Low
487,007e5fbb-0aba-44a2-ad2d-5cce24effb0c,3c79b266-95cd-49a5-a3c0-ea324430f0ef,Set It Off,Set It Off  feat.  Ashley Costello ,Partners in Crime - Set It Off  feat.  Ashley Costello 
487,007e5fbb-0aba-44a2-ad2d-5cce24effb0c,3c79b266-95cd-49a5-a3c0-ea324430f0ef,Ashley Costello,Set It Off  feat.  Ashley Costello ,Partners in Crime - Set It Off  feat.  Ashley Costello 
488,3e15f2ce-e62c-4c22-8c8a-39ad90a79b0e,f7e37b4e-c882-4a4a-bc0a-adc809af5961,Big Sean,Big Sean  feat.  Jhené Aiko ,I Know - Big Sean  feat.  Jhené Aiko 
488,3e15f2ce-e62c-4c22-8c8a-39ad90a79b0e,f7e37b4e-c882-4a4a-bc0a-adc809af5961,Jhené Aiko,Big Sean  feat.  Jhené Aiko ,I Know - Big Sean  feat.  Jhené Aiko 
489,87e25315-9b22-49fa-8a32-1d3f2f4887c4,bf3ec338-29c0-4e57-be66-7d72234e3d6d,Gucci Mane,Gucci Mane  feat.  Drake ,Both - Gucci Mane  feat.  Drake 
489,87e25315-9b22-49fa-8a32-1d3f2f4887c4,bf3ec338-29c0-4e57-be66-7d72234e3d6d,Drake,Gucci Mane  feat.  Drake ,Both - Gucci Mane  feat.  Drake 
490,cca22310-75da-49ca-abf9-a42e2bdee764,8073eb1f-4dc7-4fc3-a4ba-51ab30383179,KYLE,KYLE,Wait On Me - KYLE
491,1129aecd-31ba-4ed3-950a-1821a309ffef,b9a49a4d-77b3-4c3c-9965-7b15669857c8,KYLE,KYLE,Doubt It - KYLE
492,028ba12f-ee6b-4f0e-998f-92a8fc775d86,77adacb8-9be1-4607-b2b7-5f98911156ad,ScHoolboy Q,ScHoolboy Q  feat.  Ty Dolla $ign  &  YG ,Lies - ScHoolboy Q  feat.  Ty Dolla $ign  &  YG 
492,028ba12f-ee6b-4f0e-998f-92a8fc775d86,77adacb8-9be1-4607-b2b7-5f98911156ad,Ty Dolla $ign,ScHoolboy Q  feat.  Ty Dolla $ign  &  YG ,Lies - ScHoolboy Q  feat.  Ty Dolla $ign  &  YG 
492,028ba12f-ee6b-4f0e-998f-92a8fc775d86,77adacb8-9be1-4607-b2b7-5f98911156ad,YG,ScHoolboy Q  feat.  Ty Dolla $ign  &  YG ,Lies - ScHoolboy Q  feat.  Ty Dolla $ign  &  YG 
493,8efffbf3-3c28-4391-a7d4-4144be66a7d8,576008e7-b365-4656-ac62-5257120ad2c8,SOB X RBE,SOB X RBE,Paramedic! - SOB X RBE
494,47339a99-34a0-48e1-9722-80c1d431cb36,45c82307-8cea-4803-a231-156cb5db8f7f,DJ Khaled,DJ Khaled  feat.  Drake ,POPSTAR - DJ Khaled  feat.  Drake 
494,47339a99-34a0-48e1-9722-80c1d431cb36,45c82307-8cea-4803-a231-156cb5db8f7f,Drake,DJ Khaled  feat.  Drake ,POPSTAR - DJ Khaled  feat.  Drake 
495,32a267f8-cb52-41f8-b1c8-09196698fdf1,fa99a2b9-0382-42f1-bfe9-197816e8895a,Khalid,Khalid,Location - Khalid
496,8151e057-61a4-4daa-bb62-def4934bf11f,e5645698-84ef-4312-9a75-ad2fd981a1d8,ScHoolboy Q,ScHoolboy Q,CrasH - ScHoolboy Q
497,16140985-5d05-4c87-ad05-d013784e8168,b9648e9e-e8b9-4db1-943e-eb1f6db72257,"Tyler, The Creator","Tyler, The Creator","EARFQUAKE - Tyler, The Creator"
498,2ff90441-01fe-48a2-bc2d-d20ec1cbf5c7,a5044dca-ef71-4795-9c76-a995e5e15d5b,Migos,Migos,T-Shirt - Migos
499,22b0386c-ea3e-4793-9806-324f4a5a2d47,e08dfd1d-9814-4002-8b96-e5c44c5af7df,Aminé,Aminé,SHINE - Aminé
500,421d70e1-c4ee-4d89-bfe5-240b089a25ae,273a1b0d-aef8-446d-b8c3-5fa6cef7f922,Usher,Usher  feat.  Juicy J ,I Don’t Mind - Usher  feat.  Juicy J 
500,421d70e1-c4ee-4d89-bfe5-240b089a25ae,273a1b0d-aef8-446d-b8c3-5fa6cef7f922,Juicy J,Usher  feat.  Juicy J ,I Don’t Mind - Usher  feat.  Juicy J 
501,3170a93b-03cb-4fca-a079-6e73e6cce286,7c3371fe-2536-45ae-8e28-87fa214f247b,Aminé,Aminé,Woodlawn - Aminé
502,85496933-4105-4a82-9ac9-d7f6413c186a,d95eae24-b1b0-46d4-84a1-58fbd01af25e,6LACK,6LACK,Free - 6LACK
503,110a3b4f-18d7-4ec4-b0d0-a71a7785646b,bc4d8e10-da70-4897-b7ec-ce1e8518de2f,ScHoolboy Q,ScHoolboy Q,THat Part (Black Hippy remix) - ScHoolboy Q
504,2fa746b4-7efb-4280-9053-96632635c9d5,cb5218b4-0e0d-4c90-9492-234c00b21010,Dreamville,"Dreamville ,  J.I.D  &  EARTHGANG  feat.  Vince Staples ","Up Up Away - Dreamville ,  J.I.D  &  EARTHGANG  feat.  Vince Staples "
504,2fa746b4-7efb-4280-9053-96632635c9d5,cb5218b4-0e0d-4c90-9492-234c00b21010,J.I.D,"Dreamville ,  J.I.D  &  EARTHGANG  feat.  Vince Staples ","Up Up Away - Dreamville ,  J.I.D  &  EARTHGANG  feat.  Vince Staples "
504,2fa746b4-7efb-4280-9053-96632635c9d5,cb5218b4-0e0d-4c90-9492-234c00b21010,EARTHGANG,"Dreamville ,  J.I.D  &  EARTHGANG  feat.  Vince Staples ","Up Up Away - Dreamville ,  J.I.D  &  EARTHGANG  feat.  Vince Staples "
504,2fa746b4-7efb-4280-9053-96632635c9d5,cb5218b4-0e0d-4c90-9492-234c00b21010,Vince Staples,"Dreamville ,  J.I.D  &  EARTHGANG  feat.  Vince Staples ","Up Up Away - Dreamville ,  J.I.D  &  EARTHGANG  feat.  Vince Staples "
505,2e8d2f30-144f-49c7-aa10-4bf406b44f1d,2f02d096-05da-4ff5-9437-ae55cb2e602d,Aminé,Aminé,Squeeze - Aminé
506,4068f87c-2d36-4287-a26b-41b9398fbeec,5f3e95c1-acea-41d2-9df0-2fc9dfc95722,Young Thug,Young Thug  feat.  J. Cole  &  Travis Scott ,The London - Young Thug  feat.  J. Cole  &  Travis Scott 
506,4068f87c-2d36-4287-a26b-41b9398fbeec,5f3e95c1-acea-41d2-9df0-2fc9dfc95722,J. Cole,Young Thug  feat.  J. Cole  &  Travis Scott ,The London - Young Thug  feat.  J. Cole  &  Travis Scott 
506,4068f87c-2d36-4287-a26b-41b9398fbeec,5f3e95c1-acea-41d2-9df0-2fc9dfc95722,Travis Scott,Young Thug  feat.  J. Cole  &  Travis Scott ,The London - Young Thug  feat.  J. Cole  &  Travis Scott 
507,26c83379-21e5-4998-95a5-1996d50a39e8,,,,Generation - Larry June feat. 2 Chainz / The Alchemist
508,27ea4223-00be-49de-9905-f5670c10b109,bee80154-c38c-450d-91c2-3bf71bcd99cf,Travis Scott,Travis Scott,through the late night - Travis Scott
509,05f8deaa-e236-4bd0-a891-01d061784e2b,2d7fe8ba-3977-4193-807f-204531e72e20,Bas,Bas  feat.  J. Cole ,Night Job - Bas  feat.  J. Cole 
509,05f8deaa-e236-4bd0-a891-01d061784e2b,2d7fe8ba-3977-4193-807f-204531e72e20,J. Cole,Bas  feat.  J. Cole ,Night Job - Bas  feat.  J. Cole 
510,9cccdcb2-ec74-4ba2-967b-7b3c56658181,82a56563-aa5f-4b8a-9c5b-fa193d9246c7,Lil Uzi Vert,Lil Uzi Vert,XO TOUR Llif3 - Lil Uzi Vert
511,2d658d97-3fd6-4b34-becd-486f1c6bb580,1371be6e-0da1-4278-bdda-607660114c57,Lil Skies,Lil Skies  feat.  Landon Cube ,Red Roses - Lil Skies  feat.  Landon Cube 
511,2d658d97-3fd6-4b34-becd-486f1c6bb580,1371be6e-0da1-4278-bdda-607660114c57,Landon Cube,Lil Skies  feat.  Landon Cube ,Red Roses - Lil Skies  feat.  Landon Cube 
512,f11ffd2f-ea6b-4f96-a367-04b6ba405ff4,8e7e8b05-a99d-40ef-86df-8c718e906f3e,SZA,SZA,Low - SZA
513,b2c4beb5-43e8-45c1-82b1-4df2c5678123,c03e3e47-280d-4c25-8a96-3d3c97d94b3f,Social House,Social House  feat.  Lil Yachty ,Magic in the Hamptons - Social House  feat.  Lil Yachty 
513,b2c4beb5-43e8-45c1-82b1-4df2c5678123,c03e3e47-280d-4c25-8a96-3d3c97d94b3f,Lil Yachty,Social House  feat.  Lil Yachty ,Magic in the Hamptons - Social House  feat.  Lil Yachty 
514,5d7d410b-32c8-4a64-bd8f-2355aa9282bc,9af0c4a5-1d3d-4fb1-854b-4f5d64d9aeda,Juice WRLD,Juice WRLD  &  Marshmello ,Come & Go - Juice WRLD  &  Marshmello 
514,5d7d410b-32c8-4a64-bd8f-2355aa9282bc,9af0c4a5-1d3d-4fb1-854b-4f5d64d9aeda,Marshmello,Juice WRLD  &  Marshmello ,Come & Go - Juice WRLD  &  Marshmello 
515,5e3ee4d6-364d-42c6-bce9-49c5a49a30d7,5404ec25-eff6-471b-a813-53e8af06b329,Harrison Gordon,Harrison Gordon,Kirby Down B - Harrison Gordon
516,7cfaa0ee-08b3-4ea6-804d-79fb028bc8c5,9c0159e5-9e52-4bb2-b943-63157bd976f2,Father John Misty,Father John Misty,She Cleans Up - Father John Misty
517,2116d8ec-5a45-404e-95b4-6c3c6abf42c6,c680e993-27c0-4f20-93ff-c527191a7518,All Time Low,All Time Low,"Dear Maria, Count Me In - All Time Low"
518,80364c19-a420-4a88-ac2b-7806db816c5a,db5e6942-2d8e-403c-a94a-c0ee7b2d2ac6,NF,NF  feat.  Cordae ,CAREFUL - NF  feat.  Cordae 
518,80364c19-a420-4a88-ac2b-7806db816c5a,db5e6942-2d8e-403c-a94a-c0ee7b2d2ac6,Cordae,NF  feat.  Cordae ,CAREFUL - NF  feat.  Cordae 
519,d9e73478-a1cd-48a3-905a-d4483d8065d6,88b816c6-3dd2-4fe5-8c53-a40aef20b9c6,Kendrick Lamar,Kendrick Lamar,6:16 in LA - Kendrick Lamar
520,9ec670a3-418a-4b9c-8e29-da09c93b9442,,,,Boost It Up - Miles Minnick feat. EGR
521,305f6ad3-81be-489e-86f5-c94299ab3cb0,ef18db45-8efa-40df-8ebe-843cc4a5c9d1,Malcolm Todd,Malcolm Todd  feat.  Omar Apollo ,Bleed - Malcolm Todd  feat.  Omar Apollo 
521,305f6ad3-81be-489e-86f5-c94299ab3cb0,ef18db45-8efa-40df-8ebe-843cc4a5c9d1,Omar Apollo,Malcolm Todd  feat.  Omar Apollo ,Bleed - Malcolm Todd  feat.  Omar Apollo 
522,614e788a-9fc8-4a2e-b0d9-9279ee52e689,b5f701a7-3625-4dee-a147-6a9817e4f7b8,Panic! at the Disco,Panic! at the Disco,"Nails for Breakfast, Tacks for Snacks - Panic! at the Disco"
523,362a7b4d-d6e5-435e-86d8-29d8b4a182b8,1acdcd91-4073-49a4-a153-5c47b58fb32e,Zach Bryan,Zach Bryan  ft.  The Lumineers ,Spotless - Zach Bryan  ft.  The Lumineers 
523,362a7b4d-d6e5-435e-86d8-29d8b4a182b8,1acdcd91-4073-49a4-a153-5c47b58fb32e,The Lumineers,Zach Bryan  ft.  The Lumineers ,Spotless - Zach Bryan  ft.  The Lumineers 
524,ef0736d3-87ce-45a0-af8b-16a0323a03d1,adab6b50-0d3d-4ae3-b19d-7d96b8d53d86,J. Cole,J. Cole,29 Intro - J. Cole
525,be6f8e2f-cea0-47c8-ad2d-383ef5bc4173,d6941262-1e59-438d-a768-3c41eaef6817,J. Cole,J. Cole,39 Intro - J. Cole
526,088b1398-2775-4a4f-89d0-98a33a35da17,,,,jupiter - almost monday feat. Jordana
527,4a8b35fc-bc0e-4e4a-9e21-e4d7d0e9f0f4,3c51e1f3-f189-4d84-88d2-90704440ace3,NOTHING MORE,NOTHING MORE,| SOUND | - NOTHING MORE
528,04af7d6e-0465-46f6-8aa2-e8dcb84892eb,,,,1111 - Luke Christopher
529,5ae8ad8f-d09c-467c-8043-9d0f6585d71f,ddbb30e4-3487-4325-b885-0d2ddb6dea70,Mali Music,Mali Music,I Believe - Mali Music
530,14e12a7c-2b77-463d-be39-fe8669668e1b,8e310e73-33d4-4b80-afaf-620d064749e7,Childish Gambino,Childish Gambino,Baby Boy - Childish Gambino
531,5aac061f-f44a-440b-96d5-58b45769e7bc,eee5b5ec-99ed-42cf-bf20-d3f157f8c289,Meek Mill,Meek Mill  feat.  Drake ,R.I.C.O. - Meek Mill  feat.  Drake 
531,5aac061f-f44a-440b-96d5-58b45769e7bc,eee5b5ec-99ed-42cf-bf20-d3f157f8c289,Drake,Meek Mill  feat.  Drake ,R.I.C.O. - Meek Mill  feat.  Drake 
532,4b181c9d-d61b-489f-b531-339569225452,71fe6ddf-a3ec-45c6-b5be-1faf2eba9a73,JID,JID,Galaxy - JID
533,acb9576b-8b00-4918-b0d0-f46867c80247,,,,HOODRAT - Kanye West / Ty Dolla $ign
534,f7c568f6-50a0-4a16-b9d3-43d07cafa1f3,66cd743a-df31-4627-a8ef-4df5721d55ef,21 Savage,"21 Savage ,  Offset  &  Metro Boomin  feat.  Travis Scott ","Ghostface Killers - 21 Savage ,  Offset  &  Metro Boomin  feat.  Travis Scott "
534,f7c568f6-50a0-4a16-b9d3-43d07cafa1f3,66cd743a-df31-4627-a8ef-4df5721d55ef,Offset,"21 Savage ,  Offset  &  Metro Boomin  feat.  Travis Scott ","Ghostface Killers - 21 Savage ,  Offset  &  Metro Boomin  feat.  Travis Scott "
534,f7c568f6-50a0-4a16-b9d3-43d07cafa1f3,66cd743a-df31-4627-a8ef-4df5721d55ef,Metro Boomin,"21 Savage ,  Offset  &  Metro Boomin  feat.  Travis Scott ","Ghostface Killers - 21 Savage ,  Offset  &  Metro Boomin  feat.  Travis Scott "
534,f7c568f6-50a0-4a16-b9d3-43d07cafa1f3,66cd743a-df31-4627-a8ef-4df5721d55ef,Travis Scott,"21 Savage ,  Offset  &  Metro Boomin  feat.  Travis Scott ","Ghostface Killers - 21 Savage ,  Offset  &  Metro Boomin  feat.  Travis Scott "
535,151a5b92-3aed-468f-8215-d472ffcd1490,9802ef13-2531-4f5a-92ac-5d23ca3c9412,Mike Shinoda,Mike Shinoda,Already Over - Mike Shinoda
536,09f86be9-9b69-4064-91ba-d3fa672cee13,1548736b-2ff2-41c8-a1a8-47c744906331,Zach Bryan,Zach Bryan,Tourniquet - Zach Bryan
537,4aff7bfd-6fe1-4801-bd35-7c66391ce5be,5d0ad515-7dce-4864-8a25-f6590e1a63c4,Ebenezer,Ebenezer,3am in London - Ebenezer
538,364e8a61-a94a-4c72-9816-16528bffa07f,773620dc-0703-47eb-8280-eb67c605d794,J. Cole,J. Cole,a p p l y i n g . p r e s s u r e - J. Cole
539,66d189a8-7f3a-4fcc-b0d6-19ed1cbce87b,a5514f2a-897d-4675-b078-f572aff05dee,JID,JID,31 (FREESTYLE) - JID
540,0c23c203-c727-4f5c-aa3d-903bea657364,d13791dd-480a-48b3-936e-a325da7484f5,Kanye West,Kanye West,Wolves - Kanye West
541,fbc37414-454b-4146-9ec4-6e8e5f33b8d2,44eb80eb-ba0f-4f01-8175-2bd9bac4568c,NOTHING MORE,NOTHING MORE,| HEAD | - NOTHING MORE
542,85e6c1fb-ab8c-45d0-af9f-f786f04a1939,2b2a309e-26d1-4985-baf0-a0f1a75802b8,Dylan Scott,Dylan Scott,What He’ll Never Have - Dylan Scott
543,293c661e-8694-4597-ade7-2bcd950b5719,594590d8-48e7-4578-86c6-7b71455df63b,J. Cole,J. Cole  feat.  Bas ,h u n g e r . o n . h i l l s i d e - J. Cole  feat.  Bas 
543,293c661e-8694-4597-ade7-2bcd950b5719,594590d8-48e7-4578-86c6-7b71455df63b,Bas,J. Cole  feat.  Bas ,h u n g e r . o n . h i l l s i d e - J. Cole  feat.  Bas 
544,9367c623-6348-4d14-a646-9f83da16ec8b,703cf7a6-1b71-4638-b24d-3a7e93677ff1,Zero 9:36,Zero 9:36,Adrenaline - Zero 9:36
545,30ae9e70-3681-4749-8928-e4d62e036b78,20129c82-815f-4b46-b9d8-116aedffa7e2,"Tyler, The Creator","Tyler, The Creator  ft.  A$AP Rocky ","Who Dat Boy - Tyler, The Creator  ft.  A$AP Rocky "
545,30ae9e70-3681-4749-8928-e4d62e036b78,20129c82-815f-4b46-b9d8-116aedffa7e2,A$AP Rocky,"Tyler, The Creator  ft.  A$AP Rocky ","Who Dat Boy - Tyler, The Creator  ft.  A$AP Rocky "
546,072da0d5-0478-485f-9a85-fc005ee2363b,acef03f0-5cb2-4856-90cf-8fa34624a088,Migos,Migos,Fight Night - Migos
547,b7bd908c-9468-433f-8585-a411e61a07be,000c3003-0e65-43b8-b273-016ef119c015,Elevation Worship,"Elevation Worship  feat.  Chris Brown ,  Brandon Lake  &  Tiffany Hudson ","Might Get Loud - Elevation Worship  feat.  Chris Brown ,  Brandon Lake  &  Tiffany Hudson "
547,b7bd908c-9468-433f-8585-a411e61a07be,000c3003-0e65-43b8-b273-016ef119c015,Chris Brown,"Elevation Worship  feat.  Chris Brown ,  Brandon Lake  &  Tiffany Hudson ","Might Get Loud - Elevation Worship  feat.  Chris Brown ,  Brandon Lake  &  Tiffany Hudson "
547,b7bd908c-9468-433f-8585-a411e61a07be,000c3003-0e65-43b8-b273-016ef119c015,Brandon Lake,"Elevation Worship  feat.  Chris Brown ,  Brandon Lake  &  Tiffany Hudson ","Might Get Loud - Elevation Worship  feat.  Chris Brown ,  Brandon Lake  &  Tiffany Hudson "
547,b7bd908c-9468-433f-8585-a411e61a07be,000c3003-0e65-43b8-b273-016ef119c015,Tiffany Hudson,"Elevation Worship  feat.  Chris Brown ,  Brandon Lake  &  Tiffany Hudson ","Might Get Loud - Elevation Worship  feat.  Chris Brown ,  Brandon Lake  &  Tiffany Hudson "
548,2f260789-9478-4f50-847b-a040f31754fe,63e50a8d-eb5c-4f02-9f1c-3cc0342e0f74,ERRA,ERRA,Pale Iris - ERRA
549,e8df9349-7b50-4d09-88bd-9237317f44a2,8423d964-87ae-4593-99fb-218de0e06f7d,NOTHING MORE,NOTHING MORE,| CARNAL | - NOTHING MORE
550,528ec99a-e68d-4da9-b323-d62cbaa1d36a,debf4f5f-9cbb-4fd2-b293-db63fc59cd28,Elevation Worship,Elevation Worship,See a Victory - Elevation Worship
551,95a7669c-e118-494d-825f-3d0f521de2b7,09c5d994-5f5f-41b6-bfbe-60cc4b2c8539,Electric Mob,Electric Mob,Devil You Know - Electric Mob
552,0baccfc5-1573-4d19-a804-1907e3099557,047b3ef5-2e1c-4a21-880a-ee2a6efa5b04,Bazzi,Bazzi,Fantasy - Bazzi
553,028311fd-5d12-4ad8-916b-e9b638d6e8ff,01552e9a-11b0-4b5d-bcd5-cd15850ebd29,Halsey,Halsey,Without Me - Halsey
554,6f631deb-58e8-46d0-8614-83719bbe8cbd,475242fc-f097-446b-87cc-9d763daa9b11,Emotional Oranges,Emotional Oranges,Personal - Emotional Oranges
555,0737c699-78ce-44f1-879c-960761b85419,1aa361d7-a8a0-4cc2-9072-161808b4e6db,Team Sleep,Team Sleep,Ever (Foreign Flag) - Team Sleep
556,1f53e934-17b0-4ccd-aac0-2511a10a51b9,d335c9a2-4889-46df-b529-2200d4a8f8d0,Bazzi,Bazzi  feat.  21 Savage ,Focus - Bazzi  feat.  21 Savage 
556,1f53e934-17b0-4ccd-aac0-2511a10a51b9,d335c9a2-4889-46df-b529-2200d4a8f8d0,21 Savage,Bazzi  feat.  21 Savage ,Focus - Bazzi  feat.  21 Savage 
557,bac48709-cd85-4087-8f51-0368fee2762b,c35a08c6-aad9-48c4-9124-c745a4d7a583,Ty Dolla $ign,Ty Dolla $ign  feat.  Lil Wayne  &  The‐Dream ,Love U Better - Ty Dolla $ign  feat.  Lil Wayne  &  The‐Dream 
557,bac48709-cd85-4087-8f51-0368fee2762b,c35a08c6-aad9-48c4-9124-c745a4d7a583,Lil Wayne,Ty Dolla $ign  feat.  Lil Wayne  &  The‐Dream ,Love U Better - Ty Dolla $ign  feat.  Lil Wayne  &  The‐Dream 
557,bac48709-cd85-4087-8f51-0368fee2762b,c35a08c6-aad9-48c4-9124-c745a4d7a583,The‐Dream,Ty Dolla $ign  feat.  Lil Wayne  &  The‐Dream ,Love U Better - Ty Dolla $ign  feat.  Lil Wayne  &  The‐Dream 
558,1072bdd9-35ba-4eec-92a0-886ad9b25ae1,652aaeaa-70dd-4870-9b1a-255d935445ab,DaBaby,DaBaby,BOP - DaBaby
559,416d520a-d1e6-4a68-9cb7-f5b6a57312b0,bda75eb1-e2bc-46b3-83fc-250d73d54004,Travis Scott,Travis Scott,CAROUSEL - Travis Scott
560,0969b17d-fd37-4a79-afb8-dd8de0e2fc96,b6e5285d-9a31-4a1e-927b-0f36107f3366,Kanye West,Kanye West,"Father Stretch My Hands, Pt. 1 - Kanye West"
561,4ad48f30-8189-48a4-9763-f84c9166b8cd,cb4293be-1af1-454d-9fa7-b698405220de,Offset,Offset  &  Metro Boomin ,Ric Flair Drip - Offset  &  Metro Boomin 
561,4ad48f30-8189-48a4-9763-f84c9166b8cd,cb4293be-1af1-454d-9fa7-b698405220de,Metro Boomin,Offset  &  Metro Boomin ,Ric Flair Drip - Offset  &  Metro Boomin 
562,4f92a731-1cb1-4881-81c5-0e32c05bef45,61009258-d2e8-46d0-9f80-758d30d25236,J. Cole,J. Cole  feat.  Lil Baby ,p r i d e . i s . t h e . d e v i l - J. Cole  feat.  Lil Baby 
562,4f92a731-1cb1-4881-81c5-0e32c05bef45,61009258-d2e8-46d0-9f80-758d30d25236,Lil Baby,J. Cole  feat.  Lil Baby ,p r i d e . i s . t h e . d e v i l - J. Cole  feat.  Lil Baby 
563,01bf316e-5355-44f7-8e7d-87c1bac7d283,1a67e215-a19e-40c9-9b12-732de134bf5f,The Weeknd,The Weeknd,Blinding Lights - The Weeknd
564,010e3ef1-f019-4f50-952f-5f4d635f4f99,0d751dff-30e6-46fd-bc75-574f973d9eac,Jeremih,Jeremih,Oui - Jeremih
565,6f16e676-948b-41f0-a8d5-8db35369f829,,,,Opps - Vince Staples feat. Yugen Blakrok
566,c2bfcdbb-fb43-4291-9f5f-945569a110cc,d4133a55-d72a-4ced-9a4d-d8afb4bd2058,Future,"Future ,  Metro Boomin  &  Kendrick Lamar ","Like That - Future ,  Metro Boomin  &  Kendrick Lamar "
566,c2bfcdbb-fb43-4291-9f5f-945569a110cc,d4133a55-d72a-4ced-9a4d-d8afb4bd2058,Metro Boomin,"Future ,  Metro Boomin  &  Kendrick Lamar ","Like That - Future ,  Metro Boomin  &  Kendrick Lamar "
566,c2bfcdbb-fb43-4291-9f5f-945569a110cc,d4133a55-d72a-4ced-9a4d-d8afb4bd2058,Kendrick Lamar,"Future ,  Metro Boomin  &  Kendrick Lamar ","Like That - Future ,  Metro Boomin  &  Kendrick Lamar "
567,0b684a4b-f565-452c-b549-8f366e19e890,5589ddb1-7466-4591-9db0-f1f7e1cd3d96,Tory Lanez,Tory Lanez,Broke in a Minute - Tory Lanez
568,f9412bf8-fbf1-44bc-a8e5-4a2440497640,dff4cb02-97d2-4790-be54-882d2cc495ba,Key Glock,Key Glock,The Grinch - Key Glock
569,b9a0dc02-22f1-43c8-902e-7b8fc8919772,bac02d21-71a5-4b75-80e9-04195711c766,Future,Future,LIL DEMON - Future
570,12e26720-2bf0-4cae-b532-cf0d12f7570c,9aaf6fdf-42d6-42bd-89f8-514d0c19edee,Future,"Future ,  Metro Boomin  &  Travis Scott ","Cinderella - Future ,  Metro Boomin  &  Travis Scott "
570,12e26720-2bf0-4cae-b532-cf0d12f7570c,9aaf6fdf-42d6-42bd-89f8-514d0c19edee,Metro Boomin,"Future ,  Metro Boomin  &  Travis Scott ","Cinderella - Future ,  Metro Boomin  &  Travis Scott "
570,12e26720-2bf0-4cae-b532-cf0d12f7570c,9aaf6fdf-42d6-42bd-89f8-514d0c19edee,Travis Scott,"Future ,  Metro Boomin  &  Travis Scott ","Cinderella - Future ,  Metro Boomin  &  Travis Scott "
571,31b8078f-d6eb-48bb-af28-0298146ada9d,74c18cd0-3048-4897-9544-f40e22d3af6e,X Ambassadors,X Ambassadors,BOOM - X Ambassadors
572,b4eb4032-8c3d-4104-a187-68acc7e4d27f,,,,Lambo Truck - Cozz feat. REASON / Childish Major
573,242c2582-a6f9-4604-a77d-f7a2edd58e6b,a32d00b3-61b9-4bc5-b24c-6509767c6bf0,ScHoolboy Q,ScHoolboy Q,Man of the Year - ScHoolboy Q
574,19f51a84-6b28-45fd-afb2-9650419cbade,c95e9d28-1240-48ab-88b0-1d26b9cc7ea3,Don Toliver,Don Toliver,After Party - Don Toliver
575,16621caa-5d19-4008-a606-6be10640df4c,eb6d86b0-c466-4d0e-8cde-2147c48aa1f5,Young Nudy,Young Nudy  feat.  21 Savage ,EA - Young Nudy  feat.  21 Savage 
575,16621caa-5d19-4008-a606-6be10640df4c,eb6d86b0-c466-4d0e-8cde-2147c48aa1f5,21 Savage,Young Nudy  feat.  21 Savage ,EA - Young Nudy  feat.  21 Savage 
576,0b5fdfb8-838d-47a0-91f9-0ec16157b549,e6957990-0ccf-45e8-b2bd-f2f06938e2f4,JID,JID  feat.  21 Savage  &  Baby Tate ,Surround Sound - JID  feat.  21 Savage  &  Baby Tate 
576,0b5fdfb8-838d-47a0-91f9-0ec16157b549,e6957990-0ccf-45e8-b2bd-f2f06938e2f4,21 Savage,JID  feat.  21 Savage  &  Baby Tate ,Surround Sound - JID  feat.  21 Savage  &  Baby Tate 
576,0b5fdfb8-838d-47a0-91f9-0ec16157b549,e6957990-0ccf-45e8-b2bd-f2f06938e2f4,Baby Tate,JID  feat.  21 Savage  &  Baby Tate ,Surround Sound - JID  feat.  21 Savage  &  Baby Tate 
577,3d6b2155-8b43-4db0-8efc-4e8e6cfe05d7,a6204c12-8ed5-4b2f-b711-c97ef96da474,Tyga,Tyga  feat.  Offset ,Taste - Tyga  feat.  Offset 
577,3d6b2155-8b43-4db0-8efc-4e8e6cfe05d7,a6204c12-8ed5-4b2f-b711-c97ef96da474,Offset,Tyga  feat.  Offset ,Taste - Tyga  feat.  Offset 
578,7dc54e09-1ed4-4f06-94cf-f0ff087b800f,293ef9b7-548e-4261-9f58-2a9b29d7faa7,The Wrecks,The Wrecks,Out of Style - The Wrecks
579,e26d403a-b510-42ee-a039-351e80570ac7,531d303e-0c09-48f9-8a46-9b55a102d4ee,Trippie Redd,Trippie Redd  feat.  Travis Scott ,Dark Knight Dummo - Trippie Redd  feat.  Travis Scott 
579,e26d403a-b510-42ee-a039-351e80570ac7,531d303e-0c09-48f9-8a46-9b55a102d4ee,Travis Scott,Trippie Redd  feat.  Travis Scott ,Dark Knight Dummo - Trippie Redd  feat.  Travis Scott 
580,ca4e1712-9bf5-4a25-8885-e84e9cfa881e,4ff9e97b-f326-440a-a820-943b68f1d938,21 Savage,21 Savage,redrum - 21 Savage
581,07082e5b-a90b-463c-8c0b-2c7db0cf72bf,a3c6af59-af56-4d61-beac-032df8fc4015,Kendrick Lamar,Kendrick Lamar,Backseat Freestyle - Kendrick Lamar
582,9de4ca6b-58d8-4d71-8c7f-6a54f4e72951,639da52f-d42c-431f-9a4c-6cc4f589754d,Kendrick Lamar,Kendrick Lamar  feat.  Lefty GunPlay ,tv off - Kendrick Lamar  feat.  Lefty GunPlay 
582,9de4ca6b-58d8-4d71-8c7f-6a54f4e72951,639da52f-d42c-431f-9a4c-6cc4f589754d,Lefty GunPlay,Kendrick Lamar  feat.  Lefty GunPlay ,tv off - Kendrick Lamar  feat.  Lefty GunPlay 
583,494ef66c-fda7-4978-8a28-30a09141840c,ee458835-f356-4b20-b6ac-03bc2f7f3d9e,The Weeknd,The Weeknd,The Hills - The Weeknd
584,18d2a03e-be8c-468f-81ad-e532be8558be,6c673cc0-fa66-4a2b-b379-8dcee437ea19,Lil Durk,Lil Durk  &  Morgan Wallen ,Broadway Girls - Lil Durk  &  Morgan Wallen 
584,18d2a03e-be8c-468f-81ad-e532be8558be,6c673cc0-fa66-4a2b-b379-8dcee437ea19,Morgan Wallen,Lil Durk  &  Morgan Wallen ,Broadway Girls - Lil Durk  &  Morgan Wallen 
585,063f09d6-6304-4e18-a11f-d59121c75641,ad1eb2af-6332-44ce-9cd9-42a5bda9ea62,Kendrick Lamar,Kendrick Lamar,i - Kendrick Lamar
586,5bb43a7c-c606-47da-b4a8-87dab084812a,e4bd65e9-0875-4f85-a473-d05630a9f724,Jidenna,Jidenna  feat.  Roman GianArthur ,Classic Man - Jidenna  feat.  Roman GianArthur 
586,5bb43a7c-c606-47da-b4a8-87dab084812a,e4bd65e9-0875-4f85-a473-d05630a9f724,Roman GianArthur,Jidenna  feat.  Roman GianArthur ,Classic Man - Jidenna  feat.  Roman GianArthur 
587,24dd599e-6032-4a5e-9f62-3dc542556493,139f50dd-4f08-4ded-84cd-246de3347c51,Famous Dex,Famous Dex,JAPAN - Famous Dex
588,1e3f0c6f-c082-45a6-bbe3-e8dc7b81a908,4fc50d4b-3ed2-42f1-b81e-fc0f6999c6a8,Joey Trap,Joey Trap,Nemo - Joey Trap
589,2c0701ce-408e-4d47-806a-cdba5c034289,7569934f-9d44-481b-a2d4-f5f1ea91e428,Nick Jonas,Nick Jonas,Champagne Problems - Nick Jonas
590,149786ce-48f3-4e98-940f-6a074c181955,a210a0dc-1e81-4a62-9d89-f80c43aa0de5,Fall Out Boy,Fall Out Boy,Centuries - Fall Out Boy
591,01a82008-338e-4b6c-b773-c4e99630546e,c405af0d-bec2-480c-95f6-d6d4373f0779,Logic,Logic,Keanu Reeves - Logic
592,7ab29ed9-0465-4a94-b81c-b03c7aefd6e1,ce44e7f7-237d-478b-9e08-1f3ad59d6eee,Chance the Rapper,Chance the Rapper,Juice - Chance the Rapper
593,df37780b-0199-4147-b13b-11c5c6a97473,f83c3a41-d758-4c3f-9a84-09cf8edb4a21,BROCKHAMPTON,BROCKHAMPTON,GOLD - BROCKHAMPTON
594,04754119-788c-425d-8408-cbdc69589ac7,d4d57d83-bb96-4865-a7ea-5d7c05110435,Drake,Drake  feat.  Young Thug ,Ice Melts - Drake  feat.  Young Thug 
594,04754119-788c-425d-8408-cbdc69589ac7,d4d57d83-bb96-4865-a7ea-5d7c05110435,Young Thug,Drake  feat.  Young Thug ,Ice Melts - Drake  feat.  Young Thug 
595,8627dea2-c57d-4b14-867f-3be812549a73,1fb6fb9d-4154-4280-ad8b-1265eb87198e,Juice WRLD,Juice WRLD  &  YoungBoy Never Broke Again ,Bandit - Juice WRLD  &  YoungBoy Never Broke Again 
595,8627dea2-c57d-4b14-867f-3be812549a73,1fb6fb9d-4154-4280-ad8b-1265eb87198e,YoungBoy Never Broke Again,Juice WRLD  &  YoungBoy Never Broke Again ,Bandit - Juice WRLD  &  YoungBoy Never Broke Again 
596,0138fb1d-a46f-448f-aeaa-94ee84a4cd96,bafa571a-abdf-4d56-9f11-603e4887bf92,J. Cole,J. Cole,WHO TF IZ U - J. Cole
597,939022b0-9e95-434d-a1e4-2fe0cf0826d6,,,,CAP - Tory Lanez
598,15916a52-a1ba-4373-95f9-ffeb1da8565c,b257df22-cdb8-4350-bb72-ca282a262920,Vince Staples,Vince Staples  feat.  Juicy J ,Big Fish - Vince Staples  feat.  Juicy J 
598,15916a52-a1ba-4373-95f9-ffeb1da8565c,b257df22-cdb8-4350-bb72-ca282a262920,Juicy J,Vince Staples  feat.  Juicy J ,Big Fish - Vince Staples  feat.  Juicy J 
599,e3ace158-f964-4caa-b4ac-2997e70e3b61,f08631f4-78c7-4fef-99e3-b915c6ecafa1,Fall Out Boy,Fall Out Boy,Love From the Other Side - Fall Out Boy
600,afd16f5b-54b8-42d7-8928-3d300053a341,b54c534a-8f2c-4309-8db9-6f7d03a052d9,Kid Ink,Kid Ink  feat.  Usher  &  Tinashe ,Body Language - Kid Ink  feat.  Usher  &  Tinashe 
600,afd16f5b-54b8-42d7-8928-3d300053a341,b54c534a-8f2c-4309-8db9-6f7d03a052d9,Usher,Kid Ink  feat.  Usher  &  Tinashe ,Body Language - Kid Ink  feat.  Usher  &  Tinashe 
600,afd16f5b-54b8-42d7-8928-3d300053a341,b54c534a-8f2c-4309-8db9-6f7d03a052d9,Tinashe,Kid Ink  feat.  Usher  &  Tinashe ,Body Language - Kid Ink  feat.  Usher  &  Tinashe 
601,05fb4897-5e99-4876-ba0f-d5f5462e89fe,a1c0a22a-8dce-4bb0-ab33-fa771a25069a,Florida Georgia Line,Florida Georgia Line,Smooth - Florida Georgia Line
602,31f411a7-a5ac-48a5-97fa-eacc1f8adb38,62081552-e33d-48b8-bbeb-81faeed464ba,twenty one pilots,twenty one pilots,Saturday - twenty one pilots
603,9d513dd1-e08f-4e20-9333-c4e1dfd20217,dfb16a59-b81d-4549-a2c6-4decf86c90e6,Lil Uzi Vert,Lil Uzi Vert,New Patek - Lil Uzi Vert
604,0d3eed51-caaa-4d6b-8262-80dcb48b1824,,,,Big shot - Kendrick Lamar feat. Travis Scott
605,2e1f827c-4622-4687-9a92-1c4b276b0155,,,,KEEP THE LIGHTS ON - Luke Christopher
606,9aa676e3-d19f-4383-a232-4436eaaaab28,ed5be156-858a-4308-b7c5-2060580c964e,ScHoolboy Q,ScHoolboy Q,Yeern 101 - ScHoolboy Q
607,34fa079b-7a8b-4f36-9c1e-c682bc15498d,87bf553b-5e09-4e3b-9ea8-440b600eb578,Morgan Wallen,Morgan Wallen,Need a Boat - Morgan Wallen
608,308aa048-867e-49f6-8cef-bc396c4b5fc5,f7376e10-07c1-49bc-8739-1faec43c43d3,All Time Low,All Time Low,Clumsy - All Time Low
609,f978b2a6-185e-44d0-83a1-dc874039c912,f6b77070-c3ca-4c19-bea5-da4c46991816,Caskets,Caskets,Lost in Echoes - Caskets
610,d68a462a-d4ce-43f4-b3e7-b8ae2beb169c,da0595ff-7a7f-464f-ac7d-d0167ebef8fd,ERRA,ERRA,further eden - ERRA
611,557dcf1d-73dc-46b6-9ce2-3093db410b0d,ff56c087-262f-4251-838c-41ee04d0f541,Archers,Archers,The Dirt - Archers
612,dc56b99f-066b-40d4-afec-288fb740fc04,a02e1d28-bdf9-4162-8e95-8d415d2e5416,Thornhill,Thornhill,Silver Swarm - Thornhill
613,8d186b5b-ee98-4f44-9f74-24e3ba16e5c7,aad10be1-3583-4c7e-8557-45f4421dad84,The Word Alive,The Word Alive,New Reality - The Word Alive
614,fc2c687c-cf38-47be-a5a6-2c84080f2384,7a9b9337-c428-4f8a-9ed0-c087ff9f1cdc,NOTHING MORE,NOTHING MORE  feat.  David Draiman ,ANGEL SONG - NOTHING MORE  feat.  David Draiman 
614,fc2c687c-cf38-47be-a5a6-2c84080f2384,7a9b9337-c428-4f8a-9ed0-c087ff9f1cdc,David Draiman,NOTHING MORE  feat.  David Draiman ,ANGEL SONG - NOTHING MORE  feat.  David Draiman 
615,815908d4-e955-4b8d-add3-85464d1ff5e7,fa5593e2-05b0-44ee-9253-8dc216db3465,AVOID,AVOID,Split (Kill It) - AVOID
616,cfb82dd7-7dbf-472f-be2e-ab4678c06c24,e356f0ee-5258-4e36-8b11-87899d4312f2,Highly Suspect,Highly Suspect,Pink Lullabye - Highly Suspect
617,2d31f870-c89a-4ad6-bbf4-47e4f09bcf87,,,,Until We Break - From Ashes To New Feat. Matty Mullins
618,b10cf5a2-5f7b-44be-b78d-ee16d7d00c90,8e88d77c-bfbf-44a4-a3b5-ef23f746ac64,I Prevail,I Prevail,Breaking Down - I Prevail
619,c4fcc722-9fae-4538-8658-1f7c4a33af5b,7236e478-3052-41a5-b411-b181f5b899d3,Sleep Theory,Sleep Theory,Static - Sleep Theory
620,02c40618-458f-4ecd-9afe-4a93ce685237,21066f2d-75c0-4cbd-94b2-9921ee80bcb5,Panic! at the Disco,Panic! at the Disco,"Build God, Then We’ll Talk - Panic! at the Disco"
621,8b01c85f-c9d3-4080-a0aa-54e0ad182a5a,3adb7da0-af37-47cc-9a28-cbb1f14a252b,ScHoolboy Q,ScHoolboy Q  feat.  6LACK ,Drunk - ScHoolboy Q  feat.  6LACK 
621,8b01c85f-c9d3-4080-a0aa-54e0ad182a5a,3adb7da0-af37-47cc-9a28-cbb1f14a252b,6LACK,ScHoolboy Q  feat.  6LACK ,Drunk - ScHoolboy Q  feat.  6LACK 
622,db3c181c-c5d4-4e5e-8a65-b8544dc4e1bb,7b5f4f0d-fbde-481b-b211-c662a835e455,Travis Scott,Travis Scott,I KNOW ? - Travis Scott
623,bfb4c82e-6813-4db6-9925-438978f9cee3,9881d7bb-ac1c-4f0d-af88-3793cf9ea288,YG,YG  feat.  Drake ,Who Do You Love? - YG  feat.  Drake 
623,bfb4c82e-6813-4db6-9925-438978f9cee3,9881d7bb-ac1c-4f0d-af88-3793cf9ea288,Drake,YG  feat.  Drake ,Who Do You Love? - YG  feat.  Drake 
624,92286711-af1c-42ef-9197-76fa1185e036,4ca9c5ee-a8e7-460e-a139-074bfb189d00,Post Malone,Post Malone  feat.  Ozzy Osbourne  &  Travis Scott ,Take What You Want - Post Malone  feat.  Ozzy Osbourne  &  Travis Scott 
624,92286711-af1c-42ef-9197-76fa1185e036,4ca9c5ee-a8e7-460e-a139-074bfb189d00,Ozzy Osbourne,Post Malone  feat.  Ozzy Osbourne  &  Travis Scott ,Take What You Want - Post Malone  feat.  Ozzy Osbourne  &  Travis Scott 
624,92286711-af1c-42ef-9197-76fa1185e036,4ca9c5ee-a8e7-460e-a139-074bfb189d00,Travis Scott,Post Malone  feat.  Ozzy Osbourne  &  Travis Scott ,Take What You Want - Post Malone  feat.  Ozzy Osbourne  &  Travis Scott 
625,89fb66c2-98fa-447b-afd5-ba1fc1f826fb,f6853a31-c3b7-4026-a590-002b9b067892,GoldLink,GoldLink  feat.  Brent Faiyaz  &  Shy Glizzy ,Crew - GoldLink  feat.  Brent Faiyaz  &  Shy Glizzy 
625,89fb66c2-98fa-447b-afd5-ba1fc1f826fb,f6853a31-c3b7-4026-a590-002b9b067892,Brent Faiyaz,GoldLink  feat.  Brent Faiyaz  &  Shy Glizzy ,Crew - GoldLink  feat.  Brent Faiyaz  &  Shy Glizzy 
625,89fb66c2-98fa-447b-afd5-ba1fc1f826fb,f6853a31-c3b7-4026-a590-002b9b067892,Shy Glizzy,GoldLink  feat.  Brent Faiyaz  &  Shy Glizzy ,Crew - GoldLink  feat.  Brent Faiyaz  &  Shy Glizzy 
626,eb4a6db9-1c82-4933-978d-3f161013addc,46db934b-84f4-45ee-b481-c8b6106a8b31,Bilmuri,Bilmuri,BLINDSIDED - Bilmuri
627,a2b944f8-4632-421a-a116-53cd816f10ba,52dc7b3e-1448-4dbc-b8fd-ca0c37bde753,The Neighbourhood,The Neighbourhood,Stupid Boy - The Neighbourhood
628,7a3e54d7-e50d-443f-ba19-8a0737638fb9,71cee15e-e570-434b-a01f-df9c86a29473,The Neighbourhood,The Neighbourhood,Greetings From Califournia - The Neighbourhood
629,ec4914ed-61d7-4f89-9bcf-a3c30e5575c3,,,,The World Will End For Us - Moral
630,2fe65230-9335-49f0-a692-0fc55d5909f3,a704a03d-2a0b-4aae-98b7-ba6a7779feba,All Time Low,All Time Low,Kill Ur Vibe - All Time Low
631,29390961-d3e6-4c70-83c3-5b6b02fca97a,665126ab-7df7-48ea-96ce-346576393ae0,The Neighbourhood,The Neighbourhood,Wiped Out! - The Neighbourhood
632,2aa4c5e5-b8f6-4a38-b9b0-b793cfab1e5b,0e4055c7-6331-4697-96f6-79da8b157a78,Set It Off,Set It Off,Why Worry - Set It Off
633,ea2be97a-426c-43bf-a745-b66811ca3b7f,633b8e86-b52c-499e-ab33-74e79c2c3c57,The Snuts,The Snuts,Deep Diving - The Snuts
634,1cedb40d-5d46-4dd8-b980-819cbe636bcb,e05db1d3-52c4-4228-90b2-31b271933c29,Paramore,Paramore,Still Into You - Paramore
635,155c227d-c8ec-47d1-a108-3d1f83b1ff46,ac358368-d470-402b-94af-684b83fb39a5,Chase Atlantic,Chase Atlantic,DIE FOR ME - Chase Atlantic
636,75c8cc5c-ebc7-493d-b036-778aa1be5c09,c9828509-f824-4969-b71d-5c4f27be8eec,Dinosaur Pile‐Up,Dinosaur Pile‐Up,Back Foot - Dinosaur Pile‐Up
637,ce8c4ff1-b158-4bcb-9e4d-f2962d5b23a7,15a981d9-cba1-4df7-a26f-1235a2aaca0b,The Neighbourhood,The Neighbourhood,Lovebomb - The Neighbourhood
638,691e58e4-ec03-4c88-a72a-b4f4966bfc70,8ad068c9-3b51-40bf-a954-ecd7a126fd85,AVOID,AVOID,Hostage at a Beach House Party - AVOID
639,1370df20-5df7-43d8-a2f7-20b5f405cc9c,ec73b29b-d36a-4cdc-8e40-b087aaaa5b69,Bring Me the Horizon,Bring Me the Horizon,in the dark - Bring Me the Horizon
640,b35a402e-0a07-47fc-b396-cf261be66c8c,876838ce-aa95-4e76-b4e4-d471e6d7a1f4,The Blue Stones,The Blue Stones,Good Ideas - The Blue Stones
641,067259b1-23ea-455c-b147-484ca7313682,805ac60f-6922-4bb7-8b96-27f1bb8f13a7,Nickelback,Nickelback,Skinny Little Missy - Nickelback
642,f0732cf8-253f-455a-a45c-cafd6f4b63ed,,,,When She Leaves - Siaynoq
643,be2f9c56-9a00-4e73-9f71-6700950f936c,73af60a3-6c6c-4434-849c-b72ebbe63805,AVOID,AVOID,Can't Take This Away - AVOID
644,3c441799-28bd-4e8f-9a03-8b78b7865a15,25d3db0c-6483-46cd-ab75-81937ccb161d,The Neighbourhood,The Neighbourhood,The Beach - The Neighbourhood
645,0723f71c-d9ae-46e6-abaf-6b3e8c497229,cdf4e60d-aefa-4378-bf18-fcf89506900d,Deftones,Deftones,Entombed - Deftones
646,09b9b97e-fe8d-44a4-87db-9f9e3fe9ff6c,f078699c-9b68-4040-9ba4-b1e4f7d86598,Tame Impala,Tame Impala,"New Person, Same Old Mistakes - Tame Impala"
647,024d9715-65b5-4bfc-a4e3-d5a6f9bf6ccc,6a00dc79-886a-4a66-9fa7-2a752b6c25d6,The Home Team,The Home Team,Loud - The Home Team
648,796d4656-2220-470f-bfcc-f57ded3973ed,8ac94bb8-7910-497b-97ab-910be116a7fa,Cage the Elephant,Cage the Elephant,Black Madonna - Cage the Elephant
649,d59c86e4-8899-43ed-883f-e65a0acc5ffe,2574a695-9f5a-4fad-ae66-2dbc595c7dee,Panic! at the Disco,Panic! at the Disco,King of the Clouds - Panic! at the Disco
650,4b783ac0-eb48-4a06-ba57-8cbe51ebcaa8,9e820e5e-6964-4ac0-9e43-5cbd858bb951,The Neighbourhood,The Neighbourhood,R.I.P. 2 My Youth - The Neighbourhood
651,cfd1b2fe-2d41-46c7-abca-8766a87989cd,9a79c037-0ef6-4146-81a5-8cdd8c558b9e,sombr,sombr,undressed - sombr
652,34526082-bf25-49ef-a463-924299a46809,2809007e-7e03-4dd2-9b7f-3e539d5a54f3,The Neighbourhood,The Neighbourhood,Stuck With Me - The Neighbourhood
653,51c917c9-ac59-44a8-a96a-93f2afdc807e,b436a63a-d97e-42b9-9906-4cccc395a160,cleopatrick,cleopatrick,SCARING ME - cleopatrick
654,1738794c-7383-4819-966e-d9d6182efa08,873c8751-6ca7-4770-bdab-6d95d6a2ffce,twenty one pilots,twenty one pilots,Doubt - twenty one pilots
655,1475ccdd-bec2-4a69-a246-8802cd81bf94,cb57dcb2-b31b-4d72-a5ab-52ca6e711e39,The Pack,The Pack,Oh Go - The Pack
656,a753e4a7-0a93-49c0-b972-7ebd35b6590c,0fd79d24-f1be-4de4-8d70-f013c5f357f1,Don Toliver,Don Toliver,Cardigan - Don Toliver
657,0d075805-b93a-460f-be54-3dd0a72414b7,84334baf-fce7-4d7e-a7d1-96892fb310ee,J. Cole,J. Cole,Immortal - J. Cole
658,19287eeb-7e36-4c8a-ad5d-7e637abe97a2,f403f2f0-5744-4519-8237-8cf18eb0ec25,Baby Keem,Baby Keem,STATS - Baby Keem
659,06fa4e64-b191-4a85-9767-80cf81c52ac9,d742b0c5-b398-4c78-a563-92ba4e8f6143,Noah Kahan,Noah Kahan,Orange Juice - Noah Kahan
660,0d9210f0-5a22-40c9-ae1b-1658e2cafb1a,c41e9f88-06e2-4aeb-8ed2-dd544fd9ce61,Khalid,Khalid,Better - Khalid
661,f2c69520-0408-4520-a823-0d354b984d59,d3f4de63-b15c-43a2-b7c7-9d6d4e2f532f,ScHoolboy Q,ScHoolboy Q,THank god 4 me - ScHoolboy Q
662,7deb7d6d-bb4c-4303-84c0-f89a04b2c102,d5509b6c-de77-40fa-9084-3948f3c53716,Future,Future  &  Metro Boomin ,We Don’t Trust You - Future  &  Metro Boomin 
662,7deb7d6d-bb4c-4303-84c0-f89a04b2c102,d5509b6c-de77-40fa-9084-3948f3c53716,Metro Boomin,Future  &  Metro Boomin ,We Don’t Trust You - Future  &  Metro Boomin 
663,27fce0b9-9bbf-4e04-b659-09817837dde0,7ca705fd-b07b-4434-8176-5878cc6900dc,Brett Eldredge,Brett Eldredge,Don’t Ya - Brett Eldredge
664,b8cc8197-1f7c-4e1e-8d0e-ac57864ca29b,5b31747b-b07f-4ddf-a948-d03bec964920,Morgan Wallen,Morgan Wallen,Going Down - Morgan Wallen
665,0d7c2e3f-9d6b-4ba6-817c-9032348fe2e3,b318519b-0edb-4730-9e72-23304bd602ad,Zac Brown Band,Zac Brown Band,Toes - Zac Brown Band
666,261699ec-ac9c-4d12-9523-45b88027acc4,d21b87f7-21d6-4abe-b9b2-0a27ba0ed4dd,The Neighbourhood,The Neighbourhood,Single - The Neighbourhood
667,71a719ec-a79e-4efc-b43d-0721fd31554d,57989844-fa47-4007-92ac-cd1f6ec47cc9,The Neighbourhood,The Neighbourhood,West Coast - The Neighbourhood
668,ce482a90-734d-4e65-8ae3-ec26c4637287,5547c2dc-bf3d-4f16-91a7-6b5960de6c46,Falling in Reverse,Falling in Reverse,Voices in My Head - Falling in Reverse
669,8e563522-ed01-482f-bdb9-e3dbc4a4acea,ce28bab8-a268-4043-8c53-3a60f880123f,Tory Lanez,Tory Lanez,Say It - Tory Lanez
670,6601856b-bc53-4aa6-b0f7-4b57f25e61ff,eb2a2bde-c63d-4cee-8183-3e510002b461,Foo Fighters,Foo Fighters,The Sky Is a Neighborhood - Foo Fighters
671,8024e706-de5c-487b-a705-2c19f1900e11,ef40ecd2-4105-4594-8f55-18f3bae25c76,Bas,Bas  feat.  J. Cole ,Tribe - Bas  feat.  J. Cole 
671,8024e706-de5c-487b-a705-2c19f1900e11,ef40ecd2-4105-4594-8f55-18f3bae25c76,J. Cole,Bas  feat.  J. Cole ,Tribe - Bas  feat.  J. Cole 
672,df269b86-9133-4997-91e1-1e734b56c850,261ac7b3-55d3-4be8-95e1-b9b89809c0f1,Ellie Goulding,Ellie Goulding  &  Juice WRLD ,Hate Me - Ellie Goulding  &  Juice WRLD 
672,df269b86-9133-4997-91e1-1e734b56c850,261ac7b3-55d3-4be8-95e1-b9b89809c0f1,Juice WRLD,Ellie Goulding  &  Juice WRLD ,Hate Me - Ellie Goulding  &  Juice WRLD 
673,321f8265-1a72-4a8e-82b3-1ef6a1dc55d3,09a613f7-5f9d-414a-9c4a-5c318dfe6b9a,Future,Future,Mask Off - Future
674,1b31cdbd-c370-49d0-b357-2c82fa1fc72b,8b863cf5-b4cb-4dbc-9815-af6a2a7dd1f6,J. Cole,J. Cole,Trae the Truth in Ibiza - J. Cole
675,2e256c35-4f4a-405a-a04b-8e9cd00285b7,0e29eb2f-b9fd-4b7c-bf01-a927f04a73c5,The Weeknd,The Weeknd  &  Madonna  feat.  Playboi Carti ,Popular - The Weeknd  &  Madonna  feat.  Playboi Carti 
675,2e256c35-4f4a-405a-a04b-8e9cd00285b7,0e29eb2f-b9fd-4b7c-bf01-a927f04a73c5,Madonna,The Weeknd  &  Madonna  feat.  Playboi Carti ,Popular - The Weeknd  &  Madonna  feat.  Playboi Carti 
675,2e256c35-4f4a-405a-a04b-8e9cd00285b7,0e29eb2f-b9fd-4b7c-bf01-a927f04a73c5,Playboi Carti,The Weeknd  &  Madonna  feat.  Playboi Carti ,Popular - The Weeknd  &  Madonna  feat.  Playboi Carti 
676,c2d25805-3d6d-4b35-b519-44b75f1fb3ec,89745cff-9f5d-4ae9-a719-4386c8265f60,Pell,Pell,Too Much of a Good Thing - Pell
677,71d67442-6399-4254-8380-97d830a0f712,89d34471-55e8-4c1c-934d-ed521a0012c8,Issues,Issues,Drink About It - Issues
678,43d836b0-6582-4eda-8297-c7f487eefdc8,8b9c1313-a412-4cbd-9aa4-8764ac05a1f3,Bryce Vine,Bryce Vine,Drew Barrymore - Bryce Vine
679,3d922160-f93c-46dd-9b8d-6cf3d623909d,ff684fee-8875-459f-bdd4-bb61828c7dc8,The Kid LAROI,The Kid LAROI,SHE DON’T NEED TO KNOW - The Kid LAROI
680,d35c4536-d958-4a2b-966c-363929eeb8db,cb12a5b8-8b39-4c97-96e5-10af0721c5fa,The Neighbourhood,The Neighbourhood,Zombie - The Neighbourhood
681,60ddec27-f599-4ef6-a6a1-20d6b6c8df4b,9cd2e72e-467d-46ff-9aa5-500863188b66,YSN Flow,YSN Flow,Like That - YSN Flow
682,f1ddb167-1f75-4ae7-9a5d-16a603239a90,feb6af3d-23ab-42e3-964b-3b8939cae5f5,J. Cole,J. Cole  feat.  Cam’ron ,Ready ‘24 - J. Cole  feat.  Cam’ron 
682,f1ddb167-1f75-4ae7-9a5d-16a603239a90,feb6af3d-23ab-42e3-964b-3b8939cae5f5,Cam’ron,J. Cole  feat.  Cam’ron ,Ready ‘24 - J. Cole  feat.  Cam’ron 
683,3b818816-e797-46e0-82aa-c3bcc89921ef,6759a63e-67cf-469b-8998-973051b2c875,Childish Gambino,Childish Gambino,This Is America - Childish Gambino
684,7677084f-c2a2-4ebb-815a-96c48d8ae8c7,0fbf5e4e-f7a3-43f2-abb0-453990e85355,Meek Mill,Meek Mill  feat.  Fabolous  &  Anuel AA ,Uptown Vibes - Meek Mill  feat.  Fabolous  &  Anuel AA 
684,7677084f-c2a2-4ebb-815a-96c48d8ae8c7,0fbf5e4e-f7a3-43f2-abb0-453990e85355,Fabolous,Meek Mill  feat.  Fabolous  &  Anuel AA ,Uptown Vibes - Meek Mill  feat.  Fabolous  &  Anuel AA 
684,7677084f-c2a2-4ebb-815a-96c48d8ae8c7,0fbf5e4e-f7a3-43f2-abb0-453990e85355,Anuel AA,Meek Mill  feat.  Fabolous  &  Anuel AA ,Uptown Vibes - Meek Mill  feat.  Fabolous  &  Anuel AA 
685,93e8d85c-fac2-4b55-bf5d-0432a8d9f74a,c44742a1-ef4a-4493-84d6-969ef837d125,Don Toliver,Don Toliver,No Pole - Don Toliver
686,71fb804d-f79e-4612-9583-923a34080b1c,6d75e581-54a5-4e7c-a22c-8a31c274406c,Post Malone,Post Malone,Better Now - Post Malone
687,64ec240f-fe37-458d-892f-ef348d343420,fc5a0af1-bc1f-4247-a166-824e77bc080b,Frank Ocean,Frank Ocean,Swim Good - Frank Ocean
688,b682f4d4-8b92-474d-8aa5-5236ad87d5e6,acb257b3-4a0a-4dc7-840d-59ea7662b502,Bilmuri,Bilmuri  feat.  Knox ,2016 CAVALIERS (Ohio) - Bilmuri  feat.  Knox 
688,b682f4d4-8b92-474d-8aa5-5236ad87d5e6,acb257b3-4a0a-4dc7-840d-59ea7662b502,Knox,Bilmuri  feat.  Knox ,2016 CAVALIERS (Ohio) - Bilmuri  feat.  Knox 
689,5c8977dc-d5fb-451e-9ed7-664de6a603f3,dcea7720-4413-4ada-8c07-63cfd10f5724,Sleeping With Sirens,Sleeping With Sirens,If You Can’t Hang - Sleeping With Sirens
690,adb4adce-004e-4b61-9bca-64384bdc9c50,911b128c-2d1c-449d-9e5e-9d276f039e7c,ScHoolboy Q,ScHoolboy Q  feat.  Devin Malik ,Back n Love - ScHoolboy Q  feat.  Devin Malik 
690,adb4adce-004e-4b61-9bca-64384bdc9c50,911b128c-2d1c-449d-9e5e-9d276f039e7c,Devin Malik,ScHoolboy Q  feat.  Devin Malik ,Back n Love - ScHoolboy Q  feat.  Devin Malik 
691,1168d210-923d-4b5a-95d9-f38c3fad9104,30c44951-6e46-403b-a232-ff182fbf584a,Jason Derulo,Jason Derulo,Cheyenne - Jason Derulo
692,273ae367-9b1e-447f-be82-800e33995aad,f27b1185-5016-4951-8963-076379bef97c,Post Malone,Post Malone,Hollywood’s Bleeding - Post Malone
693,1a9c2c79-7b96-4ac3-b743-5d5003dbfa5c,9ebde8bc-9b6f-401e-bcb1-945ce945f492,Dasha,Dasha,Austin - Dasha
694,60a9ee7c-9736-4a9d-b746-7b487bbbb52d,dcc1c170-2908-4206-bec8-17f6f9dc1810,Jay Rock,Jay Rock,Knock It Off - Jay Rock
695,07d1b7ac-1533-406a-b409-bc5be7929a80,ce86b918-f9d0-4fc4-ad31-6baf055153ec,Ariana Grande,Ariana Grande,"break up with your girlfriend, i’m bored - Ariana Grande"
696,50304054-e9f1-4c10-aa0f-18e3e62a37f6,ad2ad0c5-3cca-40d9-b1a5-182588339920,Paramore,Paramore,Decode - Paramore
697,52d199a0-3409-456d-b04c-607fa33a837f,ef397bc2-99f2-4a0e-a84a-d6717ac82350,ScHoolboy Q,ScHoolboy Q  feat.  Kendrick Lamar ,Collard Greens - ScHoolboy Q  feat.  Kendrick Lamar 
697,52d199a0-3409-456d-b04c-607fa33a837f,ef397bc2-99f2-4a0e-a84a-d6717ac82350,Kendrick Lamar,ScHoolboy Q  feat.  Kendrick Lamar ,Collard Greens - ScHoolboy Q  feat.  Kendrick Lamar 
698,254f97eb-902e-44d3-875b-4caffc35b9d1,27560625-383f-4477-bbbe-dbd6639d9bf2,Nothing But Thieves,Nothing But Thieves,Is Everybody Going Crazy? - Nothing But Thieves
699,3ac66fbd-0076-4b95-ac17-d341fc610c7b,3b6e7731-d1e6-413f-9048-17017ba3026e,HARDY,HARDY,JACK - HARDY
700,319a29cc-542e-4820-bb82-70abe7fcfb93,cbd99b3d-6ddb-492b-b86c-d74e4b6365db,All Time Low,All Time Low,Dirty Laundry - All Time Low
701,a6bcfa84-785b-48c1-86fe-3bbf31db8e06,7eb80338-bd63-43c0-bb4d-3b1a7f16bfa5,Conner Smith,Conner Smith,Creek Will Rise - Conner Smith
702,ed5929c5-85ba-48bc-ba3f-3088a6be309a,aa057a9c-9101-4373-91bc-2c2e876d2dc6,Inhaler,Inhaler,A Question of You - Inhaler
703,af910d7a-2fa9-4f6d-843e-570c7005e87b,cf1319e3-1ce6-48d3-83fd-fe6f1ba0ec4c,SonReal,SonReal,Everywhere We Go - SonReal
704,cd2d7f7b-0aa3-410c-a528-b7b4cca64ce1,fab6d8b7-496f-46bd-9bce-4e876e9e5e0b,Post Malone,Post Malone,92 Explorer - Post Malone
705,8fceade3-acae-4314-b91f-8af330c42340,6bf4c816-4252-4620-bffe-95cc6bb10023,Jack Harlow,Jack Harlow  feat.  JetsonMade ,I WANNA SEE SOME ASS - Jack Harlow  feat.  JetsonMade 
705,8fceade3-acae-4314-b91f-8af330c42340,6bf4c816-4252-4620-bffe-95cc6bb10023,JetsonMade,Jack Harlow  feat.  JetsonMade ,I WANNA SEE SOME ASS - Jack Harlow  feat.  JetsonMade 
706,c9b5febf-6366-4c39-8e59-6ba0e5d172c5,5ce69f81-6be5-4c89-b03e-bb4516050cec,Luniz,Luniz  feat.  Michael Marshall ,I Got 5 on It - Luniz  feat.  Michael Marshall 
706,c9b5febf-6366-4c39-8e59-6ba0e5d172c5,5ce69f81-6be5-4c89-b03e-bb4516050cec,Michael Marshall,Luniz  feat.  Michael Marshall ,I Got 5 on It - Luniz  feat.  Michael Marshall 
707,55c7aac3-5ce9-40d3-b4c9-2a173c0fb2a1,10cb9489-f6f2-4c7d-a67d-491e226976f6,Ari Lennox,Ari Lennox,BUSSIT - Ari Lennox
708,a54f51d7-5161-430a-8226-218dab6a8b0b,f2d5bc53-64d7-4776-b7c9-12e076e53fc6,Kendrick Lamar,"Kendrick Lamar  feat.  Wallie the Sensei ,  Siete7x ,  Roddy Ricch ","dodger blue - Kendrick Lamar  feat.  Wallie the Sensei ,  Siete7x ,  Roddy Ricch "
708,a54f51d7-5161-430a-8226-218dab6a8b0b,f2d5bc53-64d7-4776-b7c9-12e076e53fc6,Wallie the Sensei,"Kendrick Lamar  feat.  Wallie the Sensei ,  Siete7x ,  Roddy Ricch ","dodger blue - Kendrick Lamar  feat.  Wallie the Sensei ,  Siete7x ,  Roddy Ricch "
708,a54f51d7-5161-430a-8226-218dab6a8b0b,f2d5bc53-64d7-4776-b7c9-12e076e53fc6,Siete7x,"Kendrick Lamar  feat.  Wallie the Sensei ,  Siete7x ,  Roddy Ricch ","dodger blue - Kendrick Lamar  feat.  Wallie the Sensei ,  Siete7x ,  Roddy Ricch "
708,a54f51d7-5161-430a-8226-218dab6a8b0b,f2d5bc53-64d7-4776-b7c9-12e076e53fc6,Roddy Ricch,"Kendrick Lamar  feat.  Wallie the Sensei ,  Siete7x ,  Roddy Ricch ","dodger blue - Kendrick Lamar  feat.  Wallie the Sensei ,  Siete7x ,  Roddy Ricch "
709,0cc896cb-356f-4aaa-ae2b-ccdd19ed8a6e,c81ee488-12de-4460-ab9e-54bae8ee9ad5,Aminé,Aminé  feat.  Summer Walker ,Easy - Aminé  feat.  Summer Walker 
709,0cc896cb-356f-4aaa-ae2b-ccdd19ed8a6e,c81ee488-12de-4460-ab9e-54bae8ee9ad5,Summer Walker,Aminé  feat.  Summer Walker ,Easy - Aminé  feat.  Summer Walker 
710,68db624e-4bdc-406e-8040-63c7c04f695c,53969964-673a-4407-9396-3087be9245f6,Harry Styles,Harry Styles,As It Was - Harry Styles
711,c34b58f4-2752-46fe-87da-e110e197a2e7,d1d50789-4c34-4d66-9d57-e1e4bd593902,Pierce the Veil,Pierce the Veil,Kiss Me Now - Pierce the Veil
712,d75fa9d7-15e3-4f4b-90b3-dcaf58040c5d,f5a072b0-ca15-4ffd-85aa-3a080c71c540,Tommy Richman,Tommy Richman,DEVIL IS A LIE - Tommy Richman
713,482e38d8-7299-47c4-b590-d35a0c8f4c8e,0044ede3-98b6-4cd5-9747-d3d05e2f1a5d,SZA,SZA  feat.  Kendrick Lamar ,Doves in the Wind - SZA  feat.  Kendrick Lamar 
713,482e38d8-7299-47c4-b590-d35a0c8f4c8e,0044ede3-98b6-4cd5-9747-d3d05e2f1a5d,Kendrick Lamar,SZA  feat.  Kendrick Lamar ,Doves in the Wind - SZA  feat.  Kendrick Lamar 
714,1396fa8e-12a8-4fb1-af34-71579897d9fc,f4d006a6-54b6-494a-93ec-bfdb52e5dc2b,Drake,Drake,Blem - Drake
715,2adaa37d-5e42-4233-ba58-53eb8b8e3bee,,,,Can’t Tell It All (Remix) - Hulvey feat. Lecrae / KB
716,3c7c2cc7-bbee-443f-9fdf-4aaed47378fe,88c3eb4e-bf35-4405-bcc5-234bce0d0077,JID,JID  feat.  Johntá Austin ,Better Days - JID  feat.  Johntá Austin 
716,3c7c2cc7-bbee-443f-9fdf-4aaed47378fe,88c3eb4e-bf35-4405-bcc5-234bce0d0077,Johntá Austin,JID  feat.  Johntá Austin ,Better Days - JID  feat.  Johntá Austin 
717,2f115378-6ab3-4f16-b7c7-9de9fc7bd534,6931b3f6-f061-47e9-be15-9fde21714fe4,Lil Xan,Lil Xan,Betrayed - Lil Xan
718,07915a92-bd74-4bf3-bc0b-a8d85c8f0046,a1ff202f-f271-4646-9aac-ba7c98e3a50c,Arctic Monkeys,Arctic Monkeys,I Wanna Be Yours - Arctic Monkeys
719,7fadfa1e-6cda-45e9-975c-278c939172f6,50f1b4c0-2d3b-4367-8be1-c4211dafb10f,The Neighbourhood,The Neighbourhood,Blue - The Neighbourhood
720,0352ce28-8f8a-4b8e-9f73-d97ca635f819,af2a0bf6-07eb-464a-88fb-acdbe22c72e1,Kendrick Lamar,Kendrick Lamar,Crown - Kendrick Lamar
721,6ad27786-6295-4c18-b2d8-d4581ec18bb3,0e831736-1882-4357-b2fb-6c53ae38233b,blackbear,blackbear,idfc - blackbear
722,68da1ff3-58b5-41d4-a89a-976e4555ae03,45926cf4-b37d-41da-b80f-9af18e749027,Fousheé,Fousheé,Deep End - Fousheé
723,017ecfab-a24c-4c40-8d35-dc7b0cee6c0f,fe8b367d-78ef-4ec3-9c9a-ff3435a65d5b,Frank Ocean,Frank Ocean,Ivy - Frank Ocean
724,f0a33815-732a-4c17-89a1-3041a8b1bece,fb0e8f6a-d58e-4b22-b7fc-dd336e72f994,The Neighbourhood,The Neighbourhood,Hula Girl - The Neighbourhood
725,81b9ac50-129a-4683-a1e0-59e4dccc56cd,,,,Falling Faster - Elliot Norlander
726,1a00cab4-7d20-4b1a-860b-38321953378e,17ab3870-aab3-4a94-877f-4f4fc5459147,J. Cole,J. Cole,Change - J. Cole
727,951d2b19-1569-472f-b4a0-80339f22a955,3f88cf34-b400-4226-9dcb-f91a05d2a259,The Neighbourhood,The Neighbourhood,Crushed - The Neighbourhood
728,89e0edf1-d519-47d1-929e-70a5ea7fd2ff,,,,Girls Need Love - Summer Walker feat. Drake
729,3928db14-3425-4534-94b8-de007b454184,78e7548e-8706-4968-a38b-c35fab00d32f,cleopatrick,cleopatrick,2008 - cleopatrick
730,46ec9ab4-02e8-44a1-a084-aca8f7ca7bac,305625e9-c521-4fe6-9a1e-297be2be66b1,Erykah Badu,Erykah Badu,Didn’t Cha Know - Erykah Badu
731,77901858-b631-469e-be22-f7d9def8ec07,,,,Disgusted - Childish Major
732,53309c52-a535-4ead-a7f7-2e760c067930,3b20d418-eaa6-4bf5-8900-6b01774e31c7,Dance Gavin Dance,Dance Gavin Dance,Death of a Strawberry - Dance Gavin Dance
733,2503ffa7-7a16-42e8-868d-7840c4872d27,73accbbc-eec3-40e1-9fa0-0add913e657f,Baby Keem,Baby Keem,House Money - Baby Keem
734,7efbe987-f6bf-412c-b9fe-928040ffc9cd,ee1ab78f-dd35-4684-a67d-eb74f9d5e6ef,Nate Vickers,Nate Vickers,Over & Over - Nate Vickers
735,0f8316bf-5217-4d84-a612-c7daaf286904,a77a155a-0e2e-48ee-bfde-58577b5c1b24,Asking Alexandria,Asking Alexandria,I Won’t Give In - Asking Alexandria
736,7c8cf234-2c36-4a78-9803-e33500cf06c5,a0d4c789-afe1-4552-b078-57f8f4611a24,Fox Lake,Fox Lake  feat.  AVOID ,Freestyle - Fox Lake  feat.  AVOID 
736,7c8cf234-2c36-4a78-9803-e33500cf06c5,a0d4c789-afe1-4552-b078-57f8f4611a24,AVOID,Fox Lake  feat.  AVOID ,Freestyle - Fox Lake  feat.  AVOID 
737,a867f261-8f80-494d-965c-16cb1c240e29,77b838e6-642e-4842-8744-d67c1afed6bb,Void of Vision,Void of Vision,Oblivion - Void of Vision
738,33d176b9-e914-44f0-a8ba-23552c1d00cb,a1a1e162-1f07-4ec2-8d3b-df2758a687ab,Luke Combs,Luke Combs  feat.  Brooks & Dunn ,"1, 2 Many - Luke Combs  feat.  Brooks & Dunn "
738,33d176b9-e914-44f0-a8ba-23552c1d00cb,a1a1e162-1f07-4ec2-8d3b-df2758a687ab,Brooks & Dunn,Luke Combs  feat.  Brooks & Dunn ,"1, 2 Many - Luke Combs  feat.  Brooks & Dunn "
739,bd31fe1b-9d5b-484c-b947-324e2508f6c4,056fbf4a-a354-447f-91a9-39e0fb823a64,SZA,SZA  feat.  Travis Scott ,Love Galore - SZA  feat.  Travis Scott 
739,bd31fe1b-9d5b-484c-b947-324e2508f6c4,056fbf4a-a354-447f-91a9-39e0fb823a64,Travis Scott,SZA  feat.  Travis Scott ,Love Galore - SZA  feat.  Travis Scott 
740,a0da3740-8288-45a4-a966-fdda15826a8f,7f93991e-b5bf-477a-adfc-81327c0f8409,Treaty Oak Revival,Treaty Oak Revival,Stay Tuned - Treaty Oak Revival
741,47085d58-b856-4bfa-80dc-16830aa89066,4be8bf07-5219-42b2-9c35-191257a44dfe,Zero 9:36,Zero 9:36  feat.  Brandon Saller ,Chasing Shadows - Zero 9:36  feat.  Brandon Saller 
741,47085d58-b856-4bfa-80dc-16830aa89066,4be8bf07-5219-42b2-9c35-191257a44dfe,Brandon Saller,Zero 9:36  feat.  Brandon Saller ,Chasing Shadows - Zero 9:36  feat.  Brandon Saller 
742,a1546fe5-9797-4518-9b74-1fc3387700df,cb5af065-1cc8-4e47-915b-e6a53ea7d948,Lil Baby,Lil Baby  feat.  Travis Scott ,Stuff - Lil Baby  feat.  Travis Scott 
742,a1546fe5-9797-4518-9b74-1fc3387700df,cb5af065-1cc8-4e47-915b-e6a53ea7d948,Travis Scott,Lil Baby  feat.  Travis Scott ,Stuff - Lil Baby  feat.  Travis Scott 
743,5ab24b51-7bd0-4839-be38-72c1b8627051,1876e15b-75df-4575-b3b3-e4d3a3249c3d,Joji,Joji,PIXELATED KISSES - Joji
744,fe2da7ae-4f79-47ff-b60c-4d753060d1a7,,,,click. - Windwaker / RinRin
745,b4e3d1e4-9527-4103-9a93-6a446453c17a,f9a43bce-ce87-4432-a716-dd09cffec553,Holding Absence,Holding Absence,Gravity - Holding Absence
746,0975d7ab-c17e-4e3d-85f2-1404989d1da7,,,,Love Lies - Khalid feat. Normani
747,ab1c76e5-a505-4cbf-91fa-8a34cbba8417,4a23538f-7729-49ff-99c7-7cc72c112ce2,Sleeping With Sirens,Sleeping With Sirens,"With Ears to See, and Eyes to Hear - Sleeping With Sirens"
748,034a3516-eea9-42ff-b081-54e7d238bdd3,0d2083a9-bcd6-4bc1-a513-a9ca9c0c3cf4,Shinedown,Shinedown,DEVIL - Shinedown
749,22c42101-0c77-4e3f-92ee-f262a95e5efd,4691a43c-21a0-43fd-8231-32fe0390ee6e,J.I.D,J.I.D  feat.  Mereba ,All Bad - J.I.D  feat.  Mereba 
749,22c42101-0c77-4e3f-92ee-f262a95e5efd,4691a43c-21a0-43fd-8231-32fe0390ee6e,Mereba,J.I.D  feat.  Mereba ,All Bad - J.I.D  feat.  Mereba 
750,18d5648b-ab79-4a6f-b420-6e58de188e34,94c56fb1-228f-48db-8851-76602fb657aa,ScHoolboy Q,ScHoolboy Q  feat.  Travis Scott ,CHopstix - ScHoolboy Q  feat.  Travis Scott 
750,18d5648b-ab79-4a6f-b420-6e58de188e34,94c56fb1-228f-48db-8851-76602fb657aa,Travis Scott,ScHoolboy Q  feat.  Travis Scott ,CHopstix - ScHoolboy Q  feat.  Travis Scott 
751,0a1151ca-6891-41bd-b3f3-958920db8df8,ff87c013-ff1b-4fd0-94c5-adcaed9e60c0,Bad Omens,Bad Omens,Like a Villain - Bad Omens
752,fa7a32ef-3db3-4d29-9f0e-81831ec17205,a4e35a91-a516-45bd-a8dd-c6f90af4b52e,BIA,BIA,We On Go - BIA
753,e58a9ed5-c65d-4caa-a262-9c71b36e7329,2d53ce5b-508f-4adb-8bcd-ed9c36846f62,Bad Omens,Bad Omens,Dying to Love - Bad Omens
754,323a38bc-8b69-4a0b-abd9-0a9e492d1582,f65c2467-8d1d-4ff4-b609-030f5218f17e,Isles & Glaciers,Isles & Glaciers,Empty Sighs and Wine - Isles & Glaciers
755,fec7cfc5-fc7a-41f6-a476-ca1f66241e4e,4497f660-66a6-49b9-adb9-66e66174d7da,Panic! at the Disco,Panic! at the Disco,Mercenary - Panic! at the Disco
756,19602a66-ef98-40ec-a057-c0b53f44c4ef,e30d5f7f-c8df-47d9-9044-474f83595684,Citizen,Citizen,TIME - Citizen
757,f2a34117-ba16-4eb1-a8e7-286689b24d32,12fc7109-df16-41ab-9b68-f20e65895085,Panic! at the Disco,Panic! at the Disco,New Perspective - Panic! at the Disco
758,07ee5352-f238-4517-963b-a92be0fdb363,e8958b42-c68d-44b8-8e4b-95ab5a444056,Too Close to Touch,Too Close to Touch,Eiley - Too Close to Touch
759,10b8f8b7-3167-416c-9137-32b64ff9a5b8,,,,On Ya Mind - MellowHype
760,74affc70-577e-4665-9842-ee69cb24f0c9,5d97010b-ea62-4343-b85d-4bcac5eeae78,Kanye West,Kanye West  feat.  Clipse  &  Kenny G ,Use This Gospel - Kanye West  feat.  Clipse  &  Kenny G 
760,74affc70-577e-4665-9842-ee69cb24f0c9,5d97010b-ea62-4343-b85d-4bcac5eeae78,Clipse,Kanye West  feat.  Clipse  &  Kenny G ,Use This Gospel - Kanye West  feat.  Clipse  &  Kenny G 
760,74affc70-577e-4665-9842-ee69cb24f0c9,5d97010b-ea62-4343-b85d-4bcac5eeae78,Kenny G,Kanye West  feat.  Clipse  &  Kenny G ,Use This Gospel - Kanye West  feat.  Clipse  &  Kenny G 
761,2852fb08-7237-4ec9-ae84-877a0e7e6172,7b9ebd5c-facb-4987-b1ea-4e328a4c9140,JID,JID,Sistanem - JID
762,36d8aa8e-207b-46e2-b047-22a03ee2aa6a,4a8f46dd-3dc1-460c-950f-e5823f5ca670,Jaden Smith,Jaden Smith  feat.  A$AP Rocky ,Breakfast - Jaden Smith  feat.  A$AP Rocky 
762,36d8aa8e-207b-46e2-b047-22a03ee2aa6a,4a8f46dd-3dc1-460c-950f-e5823f5ca670,A$AP Rocky,Jaden Smith  feat.  A$AP Rocky ,Breakfast - Jaden Smith  feat.  A$AP Rocky 
763,987789f3-d30c-485d-bbc8-ff6fc53b4e79,af7f2f8b-68ce-47fd-a088-ed3a29edd96f,Deftones,Deftones,Change (In the House of Flies) - Deftones
764,0463672f-be56-4e04-8489-e8786c4cd578,fe64d64e-bf56-4084-8353-d32ce97f4f5e,The Neighbourhood,The Neighbourhood,Chip Chrome - The Neighbourhood
765,8cb61ed6-ae31-4770-9490-858051dd7e84,14076ca4-0c80-4797-9b78-a85d8a3185a4,Shinedown,Shinedown,Dead Don’t Die - Shinedown
766,28822da5-1fb3-457b-ba01-3cdf12bc0720,7cb711e2-5980-4396-9390-e3c32d524126,The Weeknd,The Weeknd,Call Out My Name - The Weeknd
767,2a0cb7a5-40d9-45ab-a6d1-fd5227502330,ae53080b-23fe-4786-aa0c-519b28d86d81,Lil Uzi Vert,Lil Uzi Vert  feat.  Oh Wonder ,The Way Life Goes - Lil Uzi Vert  feat.  Oh Wonder 
767,2a0cb7a5-40d9-45ab-a6d1-fd5227502330,ae53080b-23fe-4786-aa0c-519b28d86d81,Oh Wonder,Lil Uzi Vert  feat.  Oh Wonder ,The Way Life Goes - Lil Uzi Vert  feat.  Oh Wonder 
768,1f6e13f4-95ae-4527-8f0b-c116ba857cf8,5ed1ee67-9875-441d-b233-b5521714b17f,ScHoolboy Q,ScHoolboy Q  feat.  21 Savage ,Floating - ScHoolboy Q  feat.  21 Savage 
768,1f6e13f4-95ae-4527-8f0b-c116ba857cf8,5ed1ee67-9875-441d-b233-b5521714b17f,21 Savage,ScHoolboy Q  feat.  21 Savage ,Floating - ScHoolboy Q  feat.  21 Savage 
769,2a5efd52-3705-49e6-a864-264e8b86acca,,,,GOOD CREDIT - Playboi Carti feat. Kendrick Lamar
770,12b50178-c3f7-45cc-9f10-84fa225b3a09,f59bc7f4-bfd1-4b14-acb0-b8b6c58786c5,Lil Uzi Vert,Lil Uzi Vert,20 Min - Lil Uzi Vert
771,29b8f3d5-c041-4068-8a6e-d1d87e70f6ca,d9827fc6-36a0-4672-895b-6b8bf4a9c6bb,Rae Sremmurd,Rae Sremmurd,This Could Be Us - Rae Sremmurd
772,595bfe4a-eb3c-4f17-a738-29e587d20015,2fa305f9-9fab-40d4-85f4-1d2774186581,MadeinTYO,MadeinTYO,Uber Everywhere - MadeinTYO
773,db41a602-9fdf-4693-9956-fb34fe62bb45,a16f05b4-2644-4075-a548-9c0749105471,The Jacks,The Jacks,Threw It All Away - The Jacks
774,ca1ced49-700a-4491-8065-ebcb1b3131ed,be83f1cf-e19e-4b12-976c-fb968878e433,VOILÀ,VOILÀ,Figure You Out - VOILÀ
775,7fcc21e7-93a1-447a-a1a0-adb3f8dec12a,bd57c9bb-3a2e-42e3-840d-98a25ecf73d5,Shinedown,Shinedown,MONSTERS - Shinedown
776,1a22f70f-38f4-4d1c-b873-1342f48994e6,5bddd95d-03c5-4c9f-b241-cfc8fcaa1172,Arizona Zervas,Arizona Zervas,ROXANNE - Arizona Zervas
777,842dc625-3bed-4c2a-9cd6-44a10d2919f0,e6aa35ae-5f1b-48ab-8401-4e8be80d2e8f,¥$,¥$,BACK TO ME - ¥$
778,ba5a9aa1-0707-4981-852b-fee70ecc6a06,,,,Hate Me - Marlo The Barbarian
779,24d947ae-9a39-4a0f-9276-7e9bf20a9416,7a68ab7b-a148-4917-882d-dea45d3de0a4,Travis Scott,Travis Scott,WAKE UP - Travis Scott
780,a68aeb41-9704-4f3c-ac38-a32e9e20617a,48da9339-1248-46fd-9bb6-14dcd0a4738b,Metro Boomin,Metro Boomin  feat.  Gunna ,Space Cadet - Metro Boomin  feat.  Gunna 
780,a68aeb41-9704-4f3c-ac38-a32e9e20617a,48da9339-1248-46fd-9bb6-14dcd0a4738b,Gunna,Metro Boomin  feat.  Gunna ,Space Cadet - Metro Boomin  feat.  Gunna 
781,45c18fed-e8d9-48be-ae31-22b7d364fb7f,7cbac5db-bb4c-4f88-a0a3-54dbc6f4ba78,The Weeknd,The Weeknd  feat.  Playboi Carti ,Timeless - The Weeknd  feat.  Playboi Carti 
781,45c18fed-e8d9-48be-ae31-22b7d364fb7f,7cbac5db-bb4c-4f88-a0a3-54dbc6f4ba78,Playboi Carti,The Weeknd  feat.  Playboi Carti ,Timeless - The Weeknd  feat.  Playboi Carti 
782,b2b576b2-fcca-4c2c-b768-a8fa30eab64b,df6703d6-28b2-47e5-b0f7-b6f3b05232a2,Joey Bada$$,Joey Bada$$,Devastated - Joey Bada$$
783,0da03239-1294-4f02-9808-5a5290b9fe5d,57a44378-d499-43c8-9c38-a664413688af,J. Cole,J. Cole,"She’s Mine, Pt. 2 - J. Cole"
784,8e574377-6447-4287-87ac-186a10c52fd9,7e05b9d5-2430-426f-87a4-13890db3eac6,The Kid LAROI,The Kid LAROI,BABY I’M BACK - The Kid LAROI
785,c91e0639-95c7-46ed-8b95-ceda77edb384,c321e81c-c57c-4d83-8084-2ea9867e11b1,Traceless,Traceless,I'm Fine - Traceless
786,655152ab-f8f5-4f08-aed8-74e42244c20f,65bb5ce9-6ff9-4385-b0f1-ece6366853b5,Weezer,Weezer,Thank God for Girls - Weezer
787,26cd54b1-0092-4922-95c2-27acb499a5ec,43615315-dcb0-414c-8cfa-4fba0c6ac35f,The Neighbourhood,The Neighbourhood,Middle of Somewhere - The Neighbourhood
788,469a916a-6e38-40dc-a8e8-8f359d5d44f0,e4702a70-5d4d-438b-8883-0d29f2988f30,21 Savage,21 Savage  &  Metro Boomin ,Slidin - 21 Savage  &  Metro Boomin 
788,469a916a-6e38-40dc-a8e8-8f359d5d44f0,e4702a70-5d4d-438b-8883-0d29f2988f30,Metro Boomin,21 Savage  &  Metro Boomin ,Slidin - 21 Savage  &  Metro Boomin 
789,1c2740ea-99f2-4680-99e0-c68a1cf117dd,30d0e308-a1a0-48f6-9d91-fd136591b65b,Rain City Drive,Rain City Drive,Dying For - Rain City Drive
790,0e7944fa-4098-47fe-908d-b8c960328c5c,eda1193d-bc43-461d-a77e-1419732e8ffd,The Neighbourhood,The Neighbourhood,Dust - The Neighbourhood
791,b24b2dc9-e843-460a-bae5-37c110a98791,34129849-5ee1-464a-8147-c4275b0d0303,Baby Keem,Baby Keem  &  Travis Scott ,durag activity - Baby Keem  &  Travis Scott 
791,b24b2dc9-e843-460a-bae5-37c110a98791,34129849-5ee1-464a-8147-c4275b0d0303,Travis Scott,Baby Keem  &  Travis Scott ,durag activity - Baby Keem  &  Travis Scott 
792,33d7f542-cb6f-4eb4-8973-90091e990963,3224607d-b435-4cd1-906c-6b4f0c2d4cce,Portugal. The Man,Portugal. The Man,Dummy - Portugal. The Man
793,8030cdfe-cd30-4765-b6c2-a66284dc5348,0fd77307-430c-4b35-bf88-35f7a1aba869,Stand Atlantic,Stand Atlantic  feat.  Tom The Mail Man ,dumb - Stand Atlantic  feat.  Tom The Mail Man 
793,8030cdfe-cd30-4765-b6c2-a66284dc5348,0fd77307-430c-4b35-bf88-35f7a1aba869,Tom The Mail Man,Stand Atlantic  feat.  Tom The Mail Man ,dumb - Stand Atlantic  feat.  Tom The Mail Man 
794,257cc67d-e05f-4975-b270-5ddc109af41b,50052fc5-7a97-479a-8563-299844846ad8,Slipknot,Slipknot,Duality - Slipknot
795,3cc4768d-9381-4299-904d-e1a4e167f066,2a33c602-2e7e-433d-bf32-83e2b6928ff3,Treaty Oak Revival,Treaty Oak Revival,Ode to Bourbon - Treaty Oak Revival
796,9a940295-2da0-4bca-af14-8700eaed30a4,b3a8f8ad-e3a5-4603-8f3d-483947ccabfc,Treaty Oak Revival,Treaty Oak Revival  feat.  Gannon Fremin & CCREV ,Withdrawals - Treaty Oak Revival  feat.  Gannon Fremin & CCREV 
796,9a940295-2da0-4bca-af14-8700eaed30a4,b3a8f8ad-e3a5-4603-8f3d-483947ccabfc,Gannon Fremin & CCREV,Treaty Oak Revival  feat.  Gannon Fremin & CCREV ,Withdrawals - Treaty Oak Revival  feat.  Gannon Fremin & CCREV 
797,0791e4ed-f6c0-4406-b514-78ee153ae52d,389e5cec-5202-4c54-8690-859525851ec7,Treaty Oak Revival,Treaty Oak Revival  feat.  William Clark Green ,West Texas Degenerate - Treaty Oak Revival  feat.  William Clark Green 
797,0791e4ed-f6c0-4406-b514-78ee153ae52d,389e5cec-5202-4c54-8690-859525851ec7,William Clark Green,Treaty Oak Revival  feat.  William Clark Green ,West Texas Degenerate - Treaty Oak Revival  feat.  William Clark Green 
798,a974897b-4d74-43cd-861f-09f9a8919270,d5ed4ed6-2407-489d-8be0-b861500a915a,Treaty Oak Revival,Treaty Oak Revival,Happy Face - Treaty Oak Revival
799,7a61f2bc-3ef4-42c9-b6db-457dea07a33a,018873b9-62ca-4119-ad01-17b1655bed82,SZA,SZA,DTM (Diamond Boy) - SZA
800,3d1b2f74-96b0-4410-a85f-9d52cfe9f50c,1dc4b6c2-e680-4035-8bc3-ff4494e9b201,Catch your Breath,Catch your Breath,Dial Tone - Catch your Breath
801,6cb1f63a-e345-4beb-8a4b-42b3fd161459,f64e6dea-b276-4c2d-96e6-b56afc7eded7,Lil Tecca,Lil Tecca,Dark Thoughts - Lil Tecca
802,3cb4a663-a3f2-4713-b019-bb215d6ff261,aba14339-5d60-4d90-9baf-3083c63d761b,Russ,Russ,AINT GOIN BACK - Russ
803,2ce8485e-34e7-45f4-9d07-11608ee15fe3,54a490a8-9240-4b03-b2d8-135152b592f5,Treaty Oak Revival,Treaty Oak Revival,Fishnets - Treaty Oak Revival
804,646f2b5d-aefd-4a36-8dd6-45da519a3d08,83dfc8ac-47c3-4548-b4af-dddedafb2749,Treaty Oak Revival,Treaty Oak Revival,Bad State of Mind - Treaty Oak Revival
805,38d4425a-8007-4806-9da4-539e0210719d,7ac7e92f-d3f3-47fa-a127-ec9c36b43333,Scotty McCreery,Scotty McCreery,Cab in a Solo - Scotty McCreery
806,15356561-aa33-49e6-84de-f18151d9f48d,9f8755f0-f7b7-428a-842c-2f445ae46626,Morgan Wallen,Morgan Wallen  feat.  ERNEST ,Cowgirls - Morgan Wallen  feat.  ERNEST 
806,15356561-aa33-49e6-84de-f18151d9f48d,9f8755f0-f7b7-428a-842c-2f445ae46626,ERNEST,Morgan Wallen  feat.  ERNEST ,Cowgirls - Morgan Wallen  feat.  ERNEST 
807,aef23abb-483a-491d-803e-ee9117e87717,2b5b79ac-51fe-4fda-9f87-4bb32ae03199,Shania Twain,Shania Twain,Any Man of Mine - Shania Twain
808,5b4430c7-07d9-4de0-af26-79d025b62019,49392f65-ebcb-4719-8f4a-5203c81d499d,Bossman Dlow,Bossman Dlow  feat.  French Montana ,Mo Chicken - Bossman Dlow  feat.  French Montana 
808,5b4430c7-07d9-4de0-af26-79d025b62019,49392f65-ebcb-4719-8f4a-5203c81d499d,French Montana,Bossman Dlow  feat.  French Montana ,Mo Chicken - Bossman Dlow  feat.  French Montana 
809,5c23bd93-132c-4926-b894-f454c4422039,0439b19b-d1ce-4594-a6de-5392d97fcfad,Zac Brown Band,Zac Brown Band,Chicken Fried - Zac Brown Band
810,035cb8f1-4ee7-4b2a-a1a6-9b63f4ef8ba9,2ee17385-8083-4a0a-86bd-9da80ee2cf12,Toby Keith,Toby Keith,"Courtesy of the Red, White and Blue (The Angry American) - Toby Keith"
811,a60b11bc-ca45-4701-b7c4-ba73b3da867b,54d5760f-4101-404d-81fa-e2cf7c296a5a,Dead Poet Society,Dead Poet Society,.intoodeep. - Dead Poet Society
812,d863f4f7-3fd8-4c6e-a38a-1c473debc43b,883dcc72-af0b-4195-902a-409a933bf6ac,The Neighbourhood,The Neighbourhood  feat.  Raury ,warm - The Neighbourhood  feat.  Raury 
812,d863f4f7-3fd8-4c6e-a38a-1c473debc43b,883dcc72-af0b-4195-902a-409a933bf6ac,Raury,The Neighbourhood  feat.  Raury ,warm - The Neighbourhood  feat.  Raury 
813,227f4d83-b1b5-46c1-bfcd-f9c47dfda239,ebaf2042-3a96-483f-9876-221f8ff512b8,Kanye West,"Kanye West ,  JAY Z  &  Big Sean ","Clique - Kanye West ,  JAY Z  &  Big Sean "
813,227f4d83-b1b5-46c1-bfcd-f9c47dfda239,ebaf2042-3a96-483f-9876-221f8ff512b8,JAY Z,"Kanye West ,  JAY Z  &  Big Sean ","Clique - Kanye West ,  JAY Z  &  Big Sean "
813,227f4d83-b1b5-46c1-bfcd-f9c47dfda239,ebaf2042-3a96-483f-9876-221f8ff512b8,Big Sean,"Kanye West ,  JAY Z  &  Big Sean ","Clique - Kanye West ,  JAY Z  &  Big Sean "
814,76265aa6-e22e-45f7-ab7a-746ed384b2d1,882ae265-e549-47cd-97fd-3449ba37fe05,Bayside,Bayside,Devotion and Desire - Bayside
815,20d1c45f-975f-408b-bfb9-0918c6890cf9,,,,Favorite Color Is Blue - Robert DeLong Feat. K.Flay
816,419cb4f7-88da-4d2d-a010-f929a26a61ec,c44ac611-2fdf-4a88-a502-0914dd19f69c,Aminé,Aminé,Shimmy - Aminé
817,b8966ffc-5654-4b0c-b4ea-1973a50aafa9,014b41c6-8eb1-4268-936d-72897468f061,Sleeping With Sirens,Sleeping With Sirens,Better Off Dead - Sleeping With Sirens
818,aa428629-4b29-4421-bcc5-a83de3f7568a,,,,seeK- - P.S.A.
819,1fb99384-4a84-4f82-9fd1-1398875b8886,d2cc96ef-9f6a-4ae5-9fed-8dee8807f365,Dance Gavin Dance,Dance Gavin Dance,Lemon Meringue Tie - Dance Gavin Dance
820,2c9dec3d-32af-42be-9842-50ed9a2fa551,157ade33-f693-43ac-b267-9ee7f3ce1d27,6LACK,6LACK,Never Know - 6LACK
821,4aee411a-47e4-4e59-bf20-90fdebf1b3fb,11693a5e-1fe5-46ad-a6ed-54330e6b1053,Holywatr,Holywatr,nail polish - Holywatr
822,c79f14ff-6a71-45b8-b687-46bd58c1f174,ceb83b49-5f4f-459b-91f7-c529916fa63b,PINKNOISE,PINKNOISE,TALK TALK - PINKNOISE
823,cd524212-9b93-4b18-9813-cf27d5e866db,e3c391dc-9a67-4a4e-b979-6bf4413d70ac,Sleeping With Sirens,Sleeping With Sirens,Leave It All Behind - Sleeping With Sirens
824,657dcdfd-aff3-4017-94d3-62c47f9a9335,14e9391b-9b19-4982-863c-ab0fb1cd02db,Picturesque,Picturesque,Holding Me Down - Picturesque
825,158bc675-fc7f-4d9e-abe4-6396ff66f0f0,ca79844c-829a-4c36-80aa-6c038f18d72a,Young Nudy,Young Nudy,One Dolla - Young Nudy
826,4b1dadf6-9452-49b0-8cb5-cd24c284ef22,d1e26f15-b8bd-47a9-934d-476f9f4151b4,ScHoolboy Q,ScHoolboy Q,Attention - ScHoolboy Q
827,058cc3d1-5f42-4e9e-9504-a372e7ee5fec,9e0f4abb-0026-4e0f-8514-eff7a6260cce,J.I.D,J.I.D,Workin Out - J.I.D
828,df638ca5-0065-4314-9dbb-dd3e7f2f9fa2,ee75011b-48e8-40f2-b14c-b008cc4891dc,Meek Mill,Meek Mill  feat.  Rick Ross ,Ima Boss - Meek Mill  feat.  Rick Ross 
828,df638ca5-0065-4314-9dbb-dd3e7f2f9fa2,ee75011b-48e8-40f2-b14c-b008cc4891dc,Rick Ross,Meek Mill  feat.  Rick Ross ,Ima Boss - Meek Mill  feat.  Rick Ross 
829,7f1fc578-05e6-44b5-856d-dc089b68ddce,e4947b35-422b-4547-ad99-a107c1a40861,Bring Me the Horizon,Bring Me the Horizon,Throne - Bring Me the Horizon
830,a8b3a458-8d04-4f5f-b473-67e18d307d96,f9de0896-5398-4aff-aedb-b771e50fab21,Colorblind,Colorblind,Neversleep - Colorblind
831,09d6b39e-9eb3-4f53-bc97-efeae2a862e6,9bfac69e-f571-43f3-8f54-e3af4e41bc85,RJMrLA,RJMrLA,Hoes Come Easy - RJMrLA
832,085d818a-ccc4-4bbc-bb13-a908e0d3d04b,,,,A Wolf Dressed Up As a Sheep - Grabbitz feat. Bad Lovers Club
833,def1492f-83b8-4bc1-90cc-3ab958a9140d,5ae057d7-c968-4018-a4ea-e4baf42d3c44,Dreamville,"Dreamville ,  JID  &  J. Cole  feat.  Vince Staples ","Rembrandt…Run It Back - Dreamville ,  JID  &  J. Cole  feat.  Vince Staples "
833,def1492f-83b8-4bc1-90cc-3ab958a9140d,5ae057d7-c968-4018-a4ea-e4baf42d3c44,JID,"Dreamville ,  JID  &  J. Cole  feat.  Vince Staples ","Rembrandt…Run It Back - Dreamville ,  JID  &  J. Cole  feat.  Vince Staples "
833,def1492f-83b8-4bc1-90cc-3ab958a9140d,5ae057d7-c968-4018-a4ea-e4baf42d3c44,J. Cole,"Dreamville ,  JID  &  J. Cole  feat.  Vince Staples ","Rembrandt…Run It Back - Dreamville ,  JID  &  J. Cole  feat.  Vince Staples "
833,def1492f-83b8-4bc1-90cc-3ab958a9140d,5ae057d7-c968-4018-a4ea-e4baf42d3c44,Vince Staples,"Dreamville ,  JID  &  J. Cole  feat.  Vince Staples ","Rembrandt…Run It Back - Dreamville ,  JID  &  J. Cole  feat.  Vince Staples "
834,837b0f5a-e669-4c01-b43f-2c282da351c6,bba0c2df-70fb-4f13-b383-83eb1f1b726c,KID BRUNSWICK,KID BRUNSWICK,Heaven Without You - KID BRUNSWICK
835,5f814e10-1a0c-4761-9114-62ddd3da462a,237d4fb5-e8a5-4abd-a69c-84bc29719392,Atreyu,Atreyu,(i) - Atreyu
836,170aa595-da01-43f8-9615-ae9052177676,,,,POPPIN - Asher
837,4d72d235-78c6-44f4-ad13-a15bd4701bfc,7952930c-e936-4e8c-a1e1-9de9848e3a22,Versus Me,Versus Me,Give Me a Reason - Versus Me
838,0f03ca91-2870-476b-809e-c4dc9678ccd1,2a71edea-c17a-44a5-96e9-f602066c64d8,Royal Blood,Royal Blood,Boilermaker - Royal Blood
839,1ce13a46-598b-4ff4-b7f3-2031ac467a0b,fd948fd2-c9e8-435f-b2bc-9ed7c570fd55,Sleep Theory,Sleep Theory,Gravity - Sleep Theory
840,5958ee26-f749-4cc5-957c-e99820acf509,7e1ba78d-80b6-4c6c-8467-d6aaf5f47115,Bring Me the Horizon,Bring Me the Horizon,YOUtopia - Bring Me the Horizon
841,606c499e-12eb-4e1d-a1ca-4ca3cd45f3cf,057c8042-8030-4070-b01b-b11b00817a0d,Panic! at the Disco,Panic! at the Disco,"Hey Look Ma, I Made It - Panic! at the Disco"
842,a9c8a8e7-6226-4c3b-a114-2e6b0c48edfc,2190bfe5-e811-48d9-a4da-1123e2fde3d4,Pierce the Veil,Pierce the Veil,"Damn the Man, Save the Empire - Pierce the Veil"
843,08f29947-f007-4dd8-becd-bb74f89e56ba,acd5b8bd-70f0-4d34-abb9-a5b8c62d4f36,Nothing More,Nothing More,SPIRITS - Nothing More
844,0837ac39-3537-405a-880e-e5c4abadb6ce,2e48f30b-7ad2-4fea-97f1-edef65565d7c,Kanye West,Kanye West,Black Skinhead - Kanye West
845,06edd5da-7a8c-4f36-86b9-49ecc0ce0a8e,50ad339d-30b4-4074-bc24-b2b02a3e42f9,Nicki Minaj,Nicki Minaj,Barbie Tingz - Nicki Minaj
846,8e48c117-45ed-42b1-b325-8bb50f4951af,,,,Pure Water - Migos / Mustard
847,7d32352c-4959-49e6-b244-aee3a2c26d47,05b394e8-3b2c-4cc4-9a2c-cbe2814d362c,Travis Scott,Travis Scott  feat.  Kendrick Lamar ,goosebumps - Travis Scott  feat.  Kendrick Lamar 
847,7d32352c-4959-49e6-b244-aee3a2c26d47,05b394e8-3b2c-4cc4-9a2c-cbe2814d362c,Kendrick Lamar,Travis Scott  feat.  Kendrick Lamar ,goosebumps - Travis Scott  feat.  Kendrick Lamar 
848,0ea6b56e-490b-4ada-96c0-8f3e271fe2f3,e40c1caa-27e3-4dcc-a845-7dbbd7b54c49,A$AP Ferg,A$AP Ferg,Plain Jane - A$AP Ferg
849,00d1c358-cb83-4cfa-9cdd-e3d8cb43480b,398bf241-7d57-4993-860b-1f9ef496c97f,Kendrick Lamar,Kendrick Lamar,HUMBLE. - Kendrick Lamar
850,18f4e0ca-124a-40ee-b3fb-d2cf3627b0e1,fdebc7bc-27df-4316-b944-f0187235c617,J. Cole,J. Cole  feat.  Kendrick Lamar ,Forbidden Fruit - J. Cole  feat.  Kendrick Lamar 
850,18f4e0ca-124a-40ee-b3fb-d2cf3627b0e1,fdebc7bc-27df-4316-b944-f0187235c617,Kendrick Lamar,J. Cole  feat.  Kendrick Lamar ,Forbidden Fruit - J. Cole  feat.  Kendrick Lamar 
851,2a45aaef-f0c9-460a-a454-ac576f7fc765,da4e5458-4c94-4e6c-9d9f-df459df86a78,A$AP Rocky,A$AP Rocky,Babushka Boi - A$AP Rocky
852,20e92305-c0b8-4c7e-9037-d58b3e6b821b,346c5920-4b36-4472-9447-139d2c9e4560,Travis Scott,Travis Scott,5% TINT - Travis Scott
853,3fe4800e-1ab9-45c8-ab5b-dde7a01741b9,40e73510-02e1-4669-8581-a97aa3f0e5a4,JID,JID  &  Kenny Mason ,Dance Now - JID  &  Kenny Mason 
853,3fe4800e-1ab9-45c8-ab5b-dde7a01741b9,40e73510-02e1-4669-8581-a97aa3f0e5a4,Kenny Mason,JID  &  Kenny Mason ,Dance Now - JID  &  Kenny Mason 
854,1522762b-4a4a-4f0b-8db3-6418de101bbc,5fb534a4-11a6-4a8d-bafc-431d0bb8de69,Travis Scott,Travis Scott,STARGAZING - Travis Scott
855,50022d56-868c-44c0-aae0-2cd2c83c93d9,ac78bdda-b144-4645-8fb6-846c7d6d0018,A$AP Rocky,A$AP Rocky,Lord Pretty Flacko Jodye 2 (LPFJ2) - A$AP Rocky
856,8fc6fe79-ea37-4faf-b39b-db9c8ce09d47,6297be40-7cc6-4d2f-acc8-3f67715d7f92,Drake,Drake  feat.  21 Savage ,Jimmy Cooks - Drake  feat.  21 Savage 
856,8fc6fe79-ea37-4faf-b39b-db9c8ce09d47,6297be40-7cc6-4d2f-acc8-3f67715d7f92,21 Savage,Drake  feat.  21 Savage ,Jimmy Cooks - Drake  feat.  21 Savage 
857,47cecc8a-c48a-4073-9a11-33f4030d1546,2a81a3ba-e27f-4d4d-9068-ee993d94d866,Metro Boomin,Metro Boomin  feat.  21 Savage ,10 Freaky Girls - Metro Boomin  feat.  21 Savage 
857,47cecc8a-c48a-4073-9a11-33f4030d1546,2a81a3ba-e27f-4d4d-9068-ee993d94d866,21 Savage,Metro Boomin  feat.  21 Savage ,10 Freaky Girls - Metro Boomin  feat.  21 Savage 
858,ad7911dd-2258-4385-8d4c-9fc1d271aa80,a0a38516-c9c3-4a05-a2bf-523b6ca219ab,Kendrick Lamar,Kendrick Lamar  &  SZA ,All the Stars - Kendrick Lamar  &  SZA 
858,ad7911dd-2258-4385-8d4c-9fc1d271aa80,a0a38516-c9c3-4a05-a2bf-523b6ca219ab,SZA,Kendrick Lamar  &  SZA ,All the Stars - Kendrick Lamar  &  SZA 
859,21e46233-9be8-447e-929f-501c323f82a9,,,,Can’t Be Crete Boy - Lil Yachty / Veeze
860,8890a0a8-6abd-4d84-82ec-47b90f812031,dd6a88f0-7f98-46fe-b7bc-89ed8499b617,Lil Yachty,Lil Yachty  feat.  NBA Youngboy ,NBAYOUNGBOAT - Lil Yachty  feat.  NBA Youngboy 
860,8890a0a8-6abd-4d84-82ec-47b90f812031,dd6a88f0-7f98-46fe-b7bc-89ed8499b617,NBA Youngboy,Lil Yachty  feat.  NBA Youngboy ,NBAYOUNGBOAT - Lil Yachty  feat.  NBA Youngboy 
861,66c54e8c-51ee-41df-a36e-c487991c61ce,fa08bc80-85f8-4562-8127-b8f77754c566,Logic,Logic,Tetris - Logic
862,c29e99a8-c0ae-4d24-ae21-9049556cb74b,5abce923-5360-4f1b-af80-5c521050cd12,Bishop Briggs,Bishop Briggs,White Flag - Bishop Briggs
863,21127e11-4704-4f2e-8e1b-30cf9486f7f5,63bd200f-f320-40af-87aa-c598df8e5526,Dorothy,Dorothy,Black Sheep - Dorothy
864,31549727-5c64-41ba-85a4-dc537b5865a0,4fda2886-a689-4218-943f-568520bc1caa,Jonas Brothers,Jonas Brothers,Cool - Jonas Brothers
865,3fa78ed9-5ec5-43a6-98ba-681e81a4dbfe,1305cbda-a203-4194-9d7b-12ce2779f49c,J.I.D,J.I.D,LAUDER - J.I.D
866,22322f17-99ab-492f-a120-f9b9a28c79ad,1851b8d7-f2c7-48f0-8b94-4df0b047cb27,Crossfade,Crossfade,Cold - Crossfade
867,3cbf7e8f-53ab-421a-8c08-d53cc639df6b,d6b8465c-384d-444a-8015-1d7405cbb743,Dance Gavin Dance,Dance Gavin Dance,We Own the Night - Dance Gavin Dance
868,1b0088c8-561c-4f9a-908d-4fc1ff0fa36d,1b53241e-5233-4be1-947b-2106fcadc89c,XXXTENTACION,XXXTENTACION,Revenge - XXXTENTACION
869,5755f299-fbc0-432b-9b74-21dc9d71a018,a170e2e6-de48-4781-9ed5-4147c5928fc8,J. Cole,J. Cole,Lion King On Ice - J. Cole
870,3b13cc19-e217-44ea-96bf-344bbf93052f,f110dbe1-6124-4b8b-b19e-159ab8194eef,Sleep Theory,Sleep Theory,Enough - Sleep Theory
871,1a777306-123a-4b20-996f-f02152f55bc8,8eccc484-bba1-4ca0-8600-41c8be9976a9,Drake,Drake,Passionfruit - Drake
872,6ba36cf1-2e62-48ac-91f2-ffc69ca18bd8,b9ba7418-87c7-4c89-acd7-9dd5cddec7cf,Eminem,Eminem,My Mom - Eminem
873,1f753b18-42c0-4c77-a94b-44081764eb9c,19a57520-a314-4656-bc2f-8be8d014dd13,Sam Hunt,Sam Hunt,Body Like a Back Road - Sam Hunt
874,3871626e-b20a-457c-a960-576dd9140bfa,52a0345e-497d-479e-99ca-f869f45dfefc,Tory Lanez,Tory Lanez,The Color Violet - Tory Lanez
875,681cb817-e2e0-4c77-a8b0-7334db1d2304,19e1e5a4-e9ce-4649-b428-17f5b4223532,Childish Gambino,Childish Gambino  feat.  Problem ,IV. Sweatpants - Childish Gambino  feat.  Problem 
875,681cb817-e2e0-4c77-a8b0-7334db1d2304,19e1e5a4-e9ce-4649-b428-17f5b4223532,Problem,Childish Gambino  feat.  Problem ,IV. Sweatpants - Childish Gambino  feat.  Problem 
876,a8f29fc6-2b48-4d34-9ca1-55c5f1483346,21842c0b-b4ac-4418-878c-4f377032f0fe,Kendrick Lamar,Kendrick Lamar  feat.  Drake ,Poetic Justice - Kendrick Lamar  feat.  Drake 
876,a8f29fc6-2b48-4d34-9ca1-55c5f1483346,21842c0b-b4ac-4418-878c-4f377032f0fe,Drake,Kendrick Lamar  feat.  Drake ,Poetic Justice - Kendrick Lamar  feat.  Drake 
877,c3e6f992-5a3f-4483-bd6c-198436c216c3,6d5175cc-573b-4c29-9054-91604c6d8834,Beartooth,Beartooth,Riptide - Beartooth
878,0262f5a2-3e0b-4d6d-b630-fe4cf1f1fa63,a7ab04f2-f12a-4ebc-bad1-5ee15c9f7718,Catch Your Breath,Catch Your Breath,Shame on Me - Catch Your Breath
879,2d980d17-45d2-49be-a4bb-1b397cb8426f,f58928ac-63c8-436e-bd13-e884c76a0d85,JID,JID  feat.  Ravyn Lenae  &  Eryn Allen Kane ,Lauder Too - JID  feat.  Ravyn Lenae  &  Eryn Allen Kane 
879,2d980d17-45d2-49be-a4bb-1b397cb8426f,f58928ac-63c8-436e-bd13-e884c76a0d85,Ravyn Lenae,JID  feat.  Ravyn Lenae  &  Eryn Allen Kane ,Lauder Too - JID  feat.  Ravyn Lenae  &  Eryn Allen Kane 
879,2d980d17-45d2-49be-a4bb-1b397cb8426f,f58928ac-63c8-436e-bd13-e884c76a0d85,Eryn Allen Kane,JID  feat.  Ravyn Lenae  &  Eryn Allen Kane ,Lauder Too - JID  feat.  Ravyn Lenae  &  Eryn Allen Kane 
880,04ca0103-b69a-4f05-8301-0f78491bc3b7,bd421cc1-a85e-46dc-86ee-315ad01fdb99,twenty one pilots,twenty one pilots,Level of Concern - twenty one pilots
881,93ab95ba-60a7-4295-856a-0d49435378c0,e81739ba-7306-45fc-9c9c-61e686c8c983,A$AP Rocky,A$AP Rocky,Trunks - A$AP Rocky
882,60a6ea09-c3aa-43e1-9836-e2456fe6d180,3f48cd54-494a-40ae-9d46-6abfb807818e,Kendrick Lamar,Kendrick Lamar  feat.  Dody6 ,hey now - Kendrick Lamar  feat.  Dody6 
882,60a6ea09-c3aa-43e1-9836-e2456fe6d180,3f48cd54-494a-40ae-9d46-6abfb807818e,Dody6,Kendrick Lamar  feat.  Dody6 ,hey now - Kendrick Lamar  feat.  Dody6 
883,f31fad7c-ae01-43da-9599-e8ceecd69fc8,519cca86-4b33-4c09-85e5-f455ab5d7f4e,sace6,sace6,devotion - sace6
884,7a2fbad0-811a-48a5-88d7-c75da1e87715,02bfc4e8-4a7c-4ba1-a1d5-1c7cd8f97b36,The Neighbourhood,The Neighbourhood,Mama Drama - The Neighbourhood
885,d0a2e5ce-6a34-41b5-9c1c-9376eacb2695,,,,Savior - Kendrick Lamar feat. Baby Keem / Sam Dew
886,c42736d3-c584-43bc-baec-c0fc7c3daa0f,97b56114-29a7-4157-a0f4-698f405f5b3d,Tory Lanez,Tory Lanez,Luv - Tory Lanez
887,54f00f0f-0a3e-4e4a-9707-835c0ecbc6b2,6d74686a-8ae7-4b2b-910e-b0ded32dc83f,Post Malone,Post Malone,Saint‐Tropez - Post Malone
888,546b7ae4-25eb-4d28-bf7a-dd3b0c8f5482,de6a09fe-f5c2-433e-824a-d1e5e5187170,Logic,Logic,Pardon My Ego - Logic
889,b3922b8f-76ce-4ce0-8e58-355529e37636,7164d3f9-adde-4c19-979f-a168129e6b36,Dayseeker,Dayseeker,Neon Grave - Dayseeker
890,ff38bf9f-f6e4-4cf0-b77d-a2bf1b6647a0,d6854daf-ad89-4c43-b695-9270c0b91e4f,Bring Me the Horizon,Bring Me the Horizon,Kool‐Aid - Bring Me the Horizon
891,066729e2-8968-493c-ad40-28398a23d8a7,a63c4e7e-12ef-4114-b5a8-4729484f82ce,Royal Blood,Royal Blood,Out of the Black - Royal Blood
892,f66fd616-db66-4051-ab0d-20645d183736,0549e4b8-1084-4e3d-ac7b-d93f5a560793,Conway the Machine,Conway the Machine  feat.  Ludacris  &  JID ,Scatter Brain - Conway the Machine  feat.  Ludacris  &  JID 
892,f66fd616-db66-4051-ab0d-20645d183736,0549e4b8-1084-4e3d-ac7b-d93f5a560793,Ludacris,Conway the Machine  feat.  Ludacris  &  JID ,Scatter Brain - Conway the Machine  feat.  Ludacris  &  JID 
892,f66fd616-db66-4051-ab0d-20645d183736,0549e4b8-1084-4e3d-ac7b-d93f5a560793,JID,Conway the Machine  feat.  Ludacris  &  JID ,Scatter Brain - Conway the Machine  feat.  Ludacris  &  JID 
893,5275fa52-d73f-43ae-8b0c-c591e9d5f7df,1add4052-879f-49ce-9961-8f095c800c61,A$AP Rocky,A$AP Rocky,HELICOPTER - A$AP Rocky
894,083c285d-30ab-48bb-a59c-1a873946d0ba,c0332d0f-fc68-47eb-adde-df5236c15817,Aminé,Aminé,REEL IT IN - Aminé
895,8391e0b3-b821-444f-a5ec-5f7868db53d4,370e3658-73b0-446d-930d-d6ae4c224a18,Meet Me @ the Altar,Meet Me @ the Altar,Kool - Meet Me @ the Altar
896,9b4fdce7-aeaf-47f1-92d8-0f45b66c4ab7,ca9525a4-7f0c-4878-94d5-61adbf3deffa,Polo G,Polo G,Bad Man (Smooth Criminal) - Polo G
897,4c006f5f-da98-4a00-bbdb-2e468dd26679,c6aeb303-9beb-4f93-ba95-4c57f779ea22,Swoope,Swoope,Flex - Swoope
898,0a8112a6-c7b4-4e07-a2ae-f76a7cf44f83,f0e35e73-739c-48da-a443-5acb060c0370,Highly Suspect,Highly Suspect,My Name Is Human - Highly Suspect
899,ef9cb411-7749-4d69-9620-d9b21fb0741a,fc2af32d-52fa-4004-9345-c0bb7c811ee8,Waylon Wyatt,Waylon Wyatt,O.D. - Waylon Wyatt
900,1509dd03-6762-429d-8389-64a09c63edce,54494123-9670-4b2d-83ad-85c46c8f5200,Kendrick Lamar,Kendrick Lamar,"Bitch, Don’t Kill My Vibe - Kendrick Lamar"
901,3ec22113-3bb4-4400-9bf7-d29d736672db,140c77c1-0ee7-4894-a194-a0f31144a76d,Don Broco,Don Broco,Disappear - Don Broco
902,0a579b57-0af9-4421-9b23-24b40943a244,9bbbcfe8-f2bd-49e4-94b6-97c86d20fd9b,BRKN LOVE,BRKN LOVE,Pulling Leeches - BRKN LOVE
903,02e67a1e-1c38-41c3-9b8e-055a8caefff6,1660a8a7-77bd-4aea-9f0a-bd011a756236,Get Scared,Get Scared,Don’t You Dare Forget the Sun - Get Scared
904,a3e15695-8e94-4eaa-8206-68beb9c45374,,,,Cludder Freestyle - JID
905,2e214acd-bae9-481c-a9cc-f3c749d8fa6f,580bf335-54ee-4d32-902f-866d89e3d08a,J. Cole,J. Cole,Villuminati - J. Cole
906,51b06a4f-1c7f-494b-832a-dcc99ec21115,d64f1f17-edd4-431b-be6b-8fdbde31aa2f,Falling in Reverse,Falling in Reverse,Sink or Swim - Falling in Reverse
907,2b2c970a-687f-472e-b413-bebf6ce30c31,dd9d9f3c-18d1-4111-bde6-6b9165c7eb7a,Logic,Logic,44 Bars - Logic
908,7cef7c62-d16e-4b90-b2c1-522132db9fad,ed9c219a-bf96-4932-b335-f2d0503277c7,The Plot in You,The Plot in You,Been Here Before - The Plot in You
909,0b4a689a-6666-42fb-b28f-a9d2c575b256,6141993f-bf86-421e-9959-5410ecfafc99,A$AP Rocky,A$AP Rocky  feat.  BlocBoy JB ,Bad Company - A$AP Rocky  feat.  BlocBoy JB 
909,0b4a689a-6666-42fb-b28f-a9d2c575b256,6141993f-bf86-421e-9959-5410ecfafc99,BlocBoy JB,A$AP Rocky  feat.  BlocBoy JB ,Bad Company - A$AP Rocky  feat.  BlocBoy JB 
910,05a16d67-9796-4952-bc16-182c0c040457,e076411a-162e-4754-8b4c-7d82213ca7ba,Falling in Reverse,Falling in Reverse,Stay Away - Falling in Reverse
911,2e5fab43-1524-4753-b0ed-4946da24599e,f2c1ef66-a862-4570-87c5-c9110beb51bb,Travis Scott,Travis Scott,sdp interlude - Travis Scott
912,c206fe11-f8c4-4811-8c61-1bba41048de5,a9e1c02c-3dd7-41e2-a3b6-35cb543ca9e7,Windwaker,Windwaker,SIRENS - Windwaker
913,1f7627db-ae67-49ef-8e55-fad590315354,614a2954-9e34-42d4-8da1-535e0f41c7ae,Point North,Point North,Ghost in My Home - Point North
914,6e970ebd-6887-47d2-a881-2b812b8163e4,6e83000c-9182-455c-8951-1f596c46b3b8,The Plot in You,The Plot in You,Forgotten - The Plot in You
915,75cd1107-7932-4151-b885-fe54ce288e9b,e8cd5032-45bd-4c10-b57f-b81e9ba59ba4,Lil Uzi Vert,Lil Uzi Vert,Pretty Mami - Lil Uzi Vert
916,09fdbddc-2b4c-4ff6-a356-163b32db3e66,b728dfa8-539b-421a-a6b0-f7998045024e,Rain City Drive,Rain City Drive,Blood Runs Cold - Rain City Drive
917,59ffe6ee-db7a-4fb5-99b3-7ca240610921,001f564a-3e5f-4995-bba3-1c7495c22bd1,Logic,Logic,44 More - Logic
918,d85e45e7-ad02-4af8-ba65-6189c0d0deb5,45b8ddfa-b336-4fe6-b8f4-bdaf12318d18,Lil Uzi Vert,Lil Uzi Vert,Money Longer - Lil Uzi Vert
919,5ad8e62c-9c2b-4b64-a029-7e00ccf86b3a,,,,La La Land - Bryce Vine feat. YG
920,ba4d7952-5c11-44f4-a1f5-e616bce92bba,43b1080e-cfdb-4ff6-b9b4-bbfb97bb52dc,twenty one pilots,twenty one pilots,Oldies Station - twenty one pilots
921,6a2bfdcc-eac9-4791-ae02-40b7cb3246ac,,,,Sleep Deprived - Lute / Omen feat. Mez / DaVionne
922,2b3b3a11-a84a-4098-8634-ccc6a6f1cbdf,82fb3c34-8990-4eee-a6ba-aae768a7de20,All Time Low,All Time Low,Some Kind of Disaster - All Time Low
923,b938bd40-d0bd-4792-9fcb-3f54badc6fcb,2b7687ce-508d-49a8-ad10-8ecaf0b83b15,Logic,Logic  feat.  Big Lenbo ,Young Jesus - Logic  feat.  Big Lenbo 
923,b938bd40-d0bd-4792-9fcb-3f54badc6fcb,2b7687ce-508d-49a8-ad10-8ecaf0b83b15,Big Lenbo,Logic  feat.  Big Lenbo ,Young Jesus - Logic  feat.  Big Lenbo 
924,19853d11-d971-4c86-b1dc-5ade3d41387e,26ad085e-075f-40fd-ab04-8cbae0ece311,XXXTENTACION,XXXTENTACION,Save Me - XXXTENTACION
925,bddaefab-f193-4707-a666-f66355d1f03e,90406cd0-cba3-474a-8a59-dd844859ec52,Trippie Redd,Trippie Redd  &  PARTYNEXTDOOR ,Excitement - Trippie Redd  &  PARTYNEXTDOOR 
925,bddaefab-f193-4707-a666-f66355d1f03e,90406cd0-cba3-474a-8a59-dd844859ec52,PARTYNEXTDOOR,Trippie Redd  &  PARTYNEXTDOOR ,Excitement - Trippie Redd  &  PARTYNEXTDOOR 
926,4e9fb4d2-4005-4770-bd5e-e94fefe49f8b,a451af21-a4a0-42e5-9ef7-9f0155c7e699,Action Action,Action Action,Paper Cliché - Action Action
927,e7e2bdd3-e260-4c45-90ad-61e0a12ef8d8,0379ff8a-7d59-4bf0-9b44-0b8e2612695c,SZA,SZA,Garden (Say It Like Dat) - SZA
928,d70e98be-60a8-46b5-9e0b-95337699fe25,e1a9052f-cbb8-496c-8379-98572f0af099,Jay Rock,Jay Rock  feat.  Kendrick Lamar ,Wow Freestyle - Jay Rock  feat.  Kendrick Lamar 
928,d70e98be-60a8-46b5-9e0b-95337699fe25,e1a9052f-cbb8-496c-8379-98572f0af099,Kendrick Lamar,Jay Rock  feat.  Kendrick Lamar ,Wow Freestyle - Jay Rock  feat.  Kendrick Lamar 
929,e124a06b-6a73-4dce-b183-4578f49906f9,2c12d569-01e7-41d6-8b3f-16393ebfaa69,21 Savage,21 Savage  &  Metro Boomin ,Glock in My Lap - 21 Savage  &  Metro Boomin 
929,e124a06b-6a73-4dce-b183-4578f49906f9,2c12d569-01e7-41d6-8b3f-16393ebfaa69,Metro Boomin,21 Savage  &  Metro Boomin ,Glock in My Lap - 21 Savage  &  Metro Boomin 
930,e878ebc1-071e-4d54-8c4c-9b76dbb72287,31c2a445-d153-423d-9acc-4e88d82ba4ca,Kanye West,Kanye West  feat.  Travis Scott ,Wash Us in the Blood - Kanye West  feat.  Travis Scott 
930,e878ebc1-071e-4d54-8c4c-9b76dbb72287,31c2a445-d153-423d-9acc-4e88d82ba4ca,Travis Scott,Kanye West  feat.  Travis Scott ,Wash Us in the Blood - Kanye West  feat.  Travis Scott 
931,46509f5d-baef-45a0-a0a7-fd451c0b103c,60dc45f3-f164-4a82-8631-b1ebd4c46df3,BROCKHAMPTON,BROCKHAMPTON,1998 TRUMAN - BROCKHAMPTON
932,c5afe9f5-f45c-4e7b-b165-b80260ae1a3d,,,,Yes Indeed - Lil Baby feat. Drake
933,77476f2c-ec52-4482-aa4a-75da764077d2,46d1bcbf-31d4-4047-a270-44a972556ab0,Aaron May,Aaron May,Let Go - Aaron May
934,e050ce00-286e-4bc9-927a-b3cc1e34b2c8,e7daf41f-9a81-4e2c-84e9-2cd2e0d2508c,Lil Wayne,Lil Wayne  feat.  Drake ,Believe Me - Lil Wayne  feat.  Drake 
934,e050ce00-286e-4bc9-927a-b3cc1e34b2c8,e7daf41f-9a81-4e2c-84e9-2cd2e0d2508c,Drake,Lil Wayne  feat.  Drake ,Believe Me - Lil Wayne  feat.  Drake 
935,261dec6b-ed5b-4124-8200-afa7a3881faf,9fe36530-2a56-41ee-a8ac-7d98882a549c,Julia Wolf,Julia Wolf,Loser - Julia Wolf
936,d0d44a6d-d19f-40cf-859c-b33d7ab25d3b,789dab16-d2c7-4bc3-927a-5cb73df45aa5,ALEXSUCKS,ALEXSUCKS,What’re We Doing Here - ALEXSUCKS
937,accc6b94-c220-4c28-a918-32ba8b7643db,fa88dfe8-301c-40f6-b195-8a1d7a8df07b,Deftones,Deftones,milk of the madonna - Deftones
938,e7379f8d-f327-4136-978c-abe78deb8eaf,8b691795-f8b1-4154-b81d-e02dc23a9bf0,The Plot in You,The Plot in You,Divide - The Plot in You
939,7229e595-516c-466b-9d7a-4f5cf529a237,14f77fb1-70c1-4b9c-952e-6c23f38d9d16,Gorillaz,Gorillaz,Baby Queen - Gorillaz
940,5fb19c95-d15e-469c-8daf-9edf87f184a2,28a1d37d-a6b5-4252-8b7e-f2a16af34e07,The Neighbourhood,The Neighbourhood,Nervous - The Neighbourhood
941,062a9bba-c155-43f6-be27-ce1320b355ad,34c6765e-a256-4cff-95c7-3150a288f447,Cage the Elephant,Cage the Elephant,Cigarette Daydreams - Cage the Elephant
942,19c89a9f-bd73-4499-b4f5-f10db2bbbe46,4e9f954e-df92-40d9-b68d-8abcd4eae4da,The Neighbourhood,The Neighbourhood,Sweater Weather - The Neighbourhood
943,f2feedb0-fa76-40d9-8e3f-7bcc16fed0e3,4b2f966b-c3ab-4428-bb29-e9d89d4d99bb,Pierce the Veil,Pierce the Veil,I’d Rather Die Than Be Famous - Pierce the Veil
944,2544f252-2d9c-4037-8fc3-66d5098404fd,6a649da9-d322-42ec-9e4a-047b071099f2,Pierce the Veil,Pierce the Veil,Bedless - Pierce the Veil
945,b2c8cccc-2043-41b4-b21c-9d090036c771,e512edb6-cb18-47b6-a70a-4e4ce3e9cbac,Sleeping With Sirens,Sleeping With Sirens,"In Case of Emergency, Dial 411 - Sleeping With Sirens"
946,f2af534a-4344-4e07-adf9-86495d20c483,7d0b688f-089c-4bea-8331-cd24f7f6cedc,NOTHING MORE,NOTHING MORE,RUN FOR YOUR LIFE - NOTHING MORE
947,0869ecf1-a25f-4d9d-a155-89324317063d,017de610-34d8-4db3-8f7d-7ee6ac79b0b7,Silent Theory,Silent Theory,Agony - Silent Theory
948,bbc7ff41-f500-4006-a088-70c3159cec56,236ccab4-fc8a-4e18-8e85-317340ae78b6,Noah Kahan,Noah Kahan,Stick Season - Noah Kahan
949,45b12576-7664-4a2d-a469-7a4a3f784f87,e45c2643-c646-47b4-b33f-9ac76dd5306f,J. Cole,J. Cole,3001 - J. Cole
950,eba9f422-7638-432c-bc80-b7dab6fdc06d,2f4735d9-3b02-4ac2-ba72-0312cefefa6f,Baby Keem,Baby Keem,Ca$ino - Baby Keem
951,9326684f-5368-4bf8-8b7b-c34d3088ac0a,9833925b-dc91-4a1a-8914-8dabda38f3c9,Tory Lanez,Tory Lanez,Who Needs Love - Tory Lanez
952,a91bdd9e-9e4f-4bc8-b6a2-99b03159dc92,f229d485-b75a-4477-aac7-664e61082382,Old Flame,Old Flame,Falling Down - Old Flame
953,90c05825-5e6d-42d3-a555-30c05505d054,7e6f9a23-908d-4f71-b003-e8a2fc63fdc5,Siamese,Siamese,OCEAN BED - Siamese
954,30e4cf81-4d95-462f-98fb-12cf793b8d95,2d153162-8781-49a3-b078-fcd473fef649,J. Cole,J. Cole,Miss America - J. Cole
955,d6f4bca4-91ad-49c0-ae27-96063ff965c4,e2528916-d0f1-40c9-add0-6d5e768fae94,Atreyu,Atreyu,The Beautiful Dark of Life - Atreyu
956,4788c603-e092-4154-8cb1-063037a14b8f,337396b7-eedc-4f64-b681-c25de014dd04,Pierce the Veil,Pierce the Veil,Diamonds and Why Men Buy Them - Pierce the Veil
957,0dceaa27-5fcc-4817-9701-f2fb1a2b2242,46c7368a-013a-47b6-97cc-e55e7ab25213,System of a Down,System of a Down,Chop Suey! - System of a Down
958,72bbec18-2824-4871-b051-4fd3bd287180,3d910f5e-6c46-40e4-bea6-77d0fc90cd91,Vlad Holiday,Vlad Holiday  feat.  Kacey Musgraves ,I Don't Wanna Party Anymore - Vlad Holiday  feat.  Kacey Musgraves 
958,72bbec18-2824-4871-b051-4fd3bd287180,3d910f5e-6c46-40e4-bea6-77d0fc90cd91,Kacey Musgraves,Vlad Holiday  feat.  Kacey Musgraves ,I Don't Wanna Party Anymore - Vlad Holiday  feat.  Kacey Musgraves 
959,0e441192-3bcb-4967-9e32-b600aa839f79,4be55175-5cf4-44a1-813b-66a421a5219e,The Neighbourhood,The Neighbourhood,Daddy Issues - The Neighbourhood
960,e923b1c3-14ba-4a0a-b00d-00718293989d,81917264-f8f1-4ba5-b7d6-d2731de4f4d2,Bailey Zimmerman,Bailey Zimmerman,Religiously - Bailey Zimmerman
961,0ac6f92f-d09b-471e-970a-d270fedc0314,2ec6da3b-7620-41db-b8f6-e99f41c2f6c7,Highly Suspect,Highly Suspect,Lydia - Highly Suspect
962,02960f91-4b3d-4a9e-a9f2-d80e00eea4a8,16ccd684-1ed2-402f-b673-05792487d33a,Slipknot,Slipknot,Wait and Bleed - Slipknot
963,7043a928-847d-456d-bd86-8a9c272ae88f,167b0a18-8923-4f64-82dd-30fb57e6216f,Kendrick Lamar,Kendrick Lamar,Not Like Us - Kendrick Lamar
964,3b758511-e674-4903-b501-4f55615dc7ba,1a7a40f1-94b5-404c-8b40-f5541c8bb089,Kendrick Lamar,Kendrick Lamar,m.A.A.d. city - Kendrick Lamar
965,15d2d84e-db91-4a9a-b089-c11a0f3ea870,9b75b02f-942f-4b5b-83fa-0aeab2f236de,Kendrick Lamar,Kendrick Lamar,Rich Spirit - Kendrick Lamar
966,4a37507c-28d1-4e04-b4d5-ec1d8bc9e3c4,c294757b-0430-4eb4-ae7a-6abcffb87405,Kendrick Lamar,Kendrick Lamar  featuring  Jay Rock ,Money Trees - Kendrick Lamar  featuring  Jay Rock 
966,4a37507c-28d1-4e04-b4d5-ec1d8bc9e3c4,c294757b-0430-4eb4-ae7a-6abcffb87405,Jay Rock,Kendrick Lamar  featuring  Jay Rock ,Money Trees - Kendrick Lamar  featuring  Jay Rock 
967,6dbf28f7-e970-4672-8630-1b4dcc5e2f01,b6efb873-6272-487a-953b-eb9c82937659,Kendrick Lamar,Kendrick Lamar,The Recipe (Black Hippy remix) - Kendrick Lamar
968,1c30d50d-3cce-4c0d-ab4a-8774d68e0bf8,47dc1ca1-2002-4070-ad2e-3ebe9401473d,Kendrick Lamar,Kendrick Lamar  feat.  Rihanna ,LOYALTY. - Kendrick Lamar  feat.  Rihanna 
968,1c30d50d-3cce-4c0d-ab4a-8774d68e0bf8,47dc1ca1-2002-4070-ad2e-3ebe9401473d,Rihanna,Kendrick Lamar  feat.  Rihanna ,LOYALTY. - Kendrick Lamar  feat.  Rihanna 
969,1fdc089a-12bc-4f1a-9295-a64b0b8df449,799e8b3e-2908-4e30-9855-8155ab42ed3c,Kendrick Lamar,Kendrick Lamar  feat.  AzChike ,peekaboo - Kendrick Lamar  feat.  AzChike 
969,1fdc089a-12bc-4f1a-9295-a64b0b8df449,799e8b3e-2908-4e30-9855-8155ab42ed3c,AzChike,Kendrick Lamar  feat.  AzChike ,peekaboo - Kendrick Lamar  feat.  AzChike 
970,059c12f8-8feb-4221-8de4-c010b0cfe7e1,2d584d3c-d6ce-40ec-b23a-7b29c687ac07,Kendrick Lamar,Kendrick Lamar,King Kunta - Kendrick Lamar
971,b387a932-72a3-47f7-82b3-7e17d43b3e33,0bd4048f-4096-4d9c-8b92-ba640c98c11e,King Von,King Von,How It Go - King Von
972,e2f136c3-b631-4dbc-955b-f169cd393988,,,,Sign of the Times - Jet Fuel Chemistry
973,542ebd40-0d90-4f18-b24e-e7a77538ce18,,,,Take My Time (Karina) - Siaynoq
974,ac249604-f55a-4137-9a66-90b92c071f2c,975629ad-d3a9-4ec6-81f0-c1165b034250,Nerv,Nerv,Low - Nerv
975,158befcb-83e3-4228-8289-34aaebb7229e,3e94e96a-0ba0-4249-b0e6-8e1755db9042,Falling in Reverse,Falling in Reverse,The Drug in Me Is You - Falling in Reverse
976,330a1ee9-da89-4762-8f60-799057afc568,3e24bae1-84b1-4809-9a3e-24cc80e24cb8,Bailey Zimmerman,Bailey Zimmerman,Fall in Love - Bailey Zimmerman
977,0849771d-bc00-4d8c-b97f-52680f1d167f,8171c5df-c97d-42c7-b6be-8abfa730ffa7,Alexisonfire,Alexisonfire,This Could Be Anywhere in the World - Alexisonfire
978,43f6c3fe-f85f-42ba-be32-41f66bee0575,d3fe7120-a270-440d-889e-8ec01f50f687,AVOID,AVOID,COWABUNGA - AVOID
979,13390496-7c4d-4abb-bbe5-eb51ea2ddd25,034e6489-111b-4d0e-980f-86e8b8575daf,Emarosa,Emarosa,The Game Played Right - Emarosa
980,1baa08ac-b841-4b88-8d96-d8c9d5ebee45,0389942c-b4a1-4cad-81cd-4e74de72236d,Dance Gavin Dance,Dance Gavin Dance,The Jiggler - Dance Gavin Dance
981,490a2cc0-1077-4db5-bb7c-fe6835b7cc8d,8015af97-6b01-4a23-b8d1-ed202072f431,Kashus Culpepper,Kashus Culpepper,After Me? - Kashus Culpepper
982,cd1e7b07-ca8f-43d9-82e2-45664f8bed58,4de2fca3-e37a-4399-b121-9c4a6cb298b5,Gigi Perez,Gigi Perez,Sailor Song - Gigi Perez
983,9edc7ea5-ec2d-47a2-91bb-dd5d1c3780a1,55a86513-da2d-4534-9662-870c5b0f5352,Sleep Token,Sleep Token,DYWTYLM - Sleep Token
984,10aa5b4d-1c2d-41ea-a7e3-ac80378ae701,818548d8-869f-49e4-97b5-aff0eac2aab0,Travis Scott,Travis Scott,HIGHEST IN THE ROOM - Travis Scott
985,e3b3c739-10f3-47a8-a576-7d2dfe8c4593,967a0c9a-58f2-4452-adef-bbdaf5ade84d,Dark Signal,Dark Signal,Drag Me to Hell - Dark Signal
986,f09c491d-8c8a-4bf5-aa65-50b636ba00b7,c854a827-2afd-41c3-886c-c36a55c3cdc3,Saliva,Saliva,High on Me - Saliva
987,1042631f-752e-45c6-82b7-5058bc12f525,fd456dbf-ccdb-4021-8a66-576185273a2d,Amira Elfeky,Amira Elfeky,Everything I Do Is for You - Amira Elfeky
988,d7fd8f8e-e37b-43ac-90cb-cc3f95c44d65,b4212f3b-9eb8-4fef-8fe9-b8c173797570,Badflower,Badflower,30 - Badflower
989,f0711abf-ee23-4d3e-bbcc-dcc498e16c0f,a1046a80-a9ab-445b-a0b6-a5e4ca1b243f,Sleep Theory,Sleep Theory,Numb - Sleep Theory
990,12fd4697-f732-4c39-8db5-ef466a5a34b2,e5efc159-b13c-435f-b872-4a75a721ef7b,Ella Langley,Ella Langley  ft.  Riley Green ,you look like you love me - Ella Langley  ft.  Riley Green 
990,12fd4697-f732-4c39-8db5-ef466a5a34b2,e5efc159-b13c-435f-b872-4a75a721ef7b,Riley Green,Ella Langley  ft.  Riley Green ,you look like you love me - Ella Langley  ft.  Riley Green 
991,dd672750-57eb-4cc0-99fb-5803a7a4ae36,69718c36-9056-44b0-b97c-58c389a1e568,Panic! at the Disco,Panic! at the Disco,"There’s a Good Reason These Tables Are Numbered Honey, You Just Haven’t Thought of It Yet - Panic! at the Disco"
992,1d1ddd35-8d84-43ec-be35-91d4a4786705,8fba68a9-6795-4148-bc2d-8a1550a27b06,Joey Bada$$,Joey Bada$$,THE REV3NGE - Joey Bada$$
993,612358c6-9302-4364-8de4-7dd8f3cf89b9,fcd441c2-6f41-4557-a4a7-3d1da56dd4c5,Deftones,Deftones,Needles and Pins - Deftones
994,0fa38adc-cc26-4d76-a88c-106574dbdc7f,de58c3a3-6ac4-4a17-ab5a-1eec37519a4e,Jutes,Jutes,Kill or Be Killed - Jutes
995,bd0c8abf-d5ca-4f45-84e8-1df28bae104c,9bb1b3b2-93da-4601-b68f-ba60fe7ebf2f,Dance Gavin Dance,Dance Gavin Dance,Cream of the Crop - Dance Gavin Dance
996,40c0e304-bbbc-49ed-bf39-32e0466d9985,4683a53b-800b-4cee-923b-a129ca43c9af,Deftones,Deftones,Be Quiet and Drive (Far Away) - Deftones
997,80e91c90-5517-4826-b277-072e0950b2a0,1090894d-0420-4771-a8c1-b7723556c2b1,The Neighbourhood,The Neighbourhood,Softcore - The Neighbourhood
998,866eda9e-ff69-4f9a-9bf5-8241dbe7cf43,ecaaf9c2-d6ec-43d0-ae8e-30a87b46d4fd,The Plot in You,The Plot in You,All That I Can Give - The Plot in You
999,87230631-c08e-4860-b3e3-4c0e1d197e75,c795de39-b51a-4b17-99df-635f6bb93d10,Dead Poet Society,Dead Poet Society,Running In Circles - Dead Poet Society
1000,b51360ff-e7c0-48b2-aebe-ce7a5b228d0d,5d5622d3-8c98-475a-9999-dff78c3cf60c,Jutes,Jutes,SMUT - Jutes
1001,6eab7290-5f64-44c9-b168-7e101116394b,,,,Hearse For Two - The Funeral Portrait feat. Lilith Czar
1002,11ec478f-4e72-4ef4-a672-8814e6169236,1319433b-cbfc-486c-b58c-efb18e3c9869,Lil Uzi Vert,Lil Uzi Vert,Venetia - Lil Uzi Vert
1003,301dcf1d-7b07-40db-a1c6-994023d83a99,cda634ab-5701-4fab-a76a-aa0cd6d12b99,J. Cole,J. Cole,Let Nas Down - J. Cole
1004,a9b5c34f-4ce1-4da9-82aa-bfa5d86a1747,b85ce8b1-855b-49b5-ab45-61fb51645d9b,Don Toliver,Don Toliver,4X4 - Don Toliver
1005,0c0fc765-91e9-4013-9426-843f59b2b57c,7043ae76-cb1c-4237-a87b-24bd8244985b,BROCKHAMPTON,BROCKHAMPTON,STAR - BROCKHAMPTON
1006,89af500e-163e-4d33-b852-92f8f8f727e2,c97c4bf7-0f9c-4b4a-b05d-594b4f8d19ba,The Plot in You,The Plot in You,Silence - The Plot in You
1007,f4d18c95-84b3-4cd2-9c40-515bd2ed443e,,,,100 Bands - Baby Keem
1008,0865d6d1-62c2-40dd-876d-a9f9a187f502,ddcabe21-44a4-44fa-8749-9bb2e1ab65fe,Aminé,Aminé,RATCHET SATURN GIRL - Aminé
1009,8fd4fb82-ba38-4e59-9a23-2e9b088d1635,e61ec727-4db6-4885-bc5b-457fcc72b033,Volumes,Volumes,Bad Habit - Volumes
1010,a335d28a-71bf-4869-9df5-1b2481f186ec,cb1073f7-d05d-4819-bbde-f2ee7975bc50,Beach Weather,Beach Weather,High in Low Places - Beach Weather
1011,498493b6-357c-4c81-afd6-d6b4d36db6db,398c893c-29a8-4225-851c-1b530e64b5fd,Paramore,Paramore,Fences - Paramore
1012,04d3ccd7-de20-4b51-8458-1a6b4f38c1a6,c6e72c76-0bf5-4581-91c1-66732dd07222,Highly Suspect,Highly Suspect,Canals - Highly Suspect
1013,32d3f468-97da-4af6-93a3-85f4eec6e8c3,424d44db-a29d-46d3-95bb-3e9f7f8ac10c,Trippie Redd,Trippie Redd,The Grinch - Trippie Redd
1014,50eb5d84-fe75-4a28-b7e6-fb6353ba1084,7046d1dc-3d00-41fb-b5f2-e0ff17e25d54,Jutes,Jutes,Limerence - Jutes
1015,a7b04c69-166f-4831-ae42-6374848ed5df,da9f4775-ba9c-4bb4-9527-ea9f11d8a451,Nothing But Thieves,Nothing But Thieves,Futureproof - Nothing But Thieves
1016,1d05cc41-7ecb-4df4-bb9d-1f63ec1ee579,7ca72128-7138-4072-b7e5-517390aa8c78,Big Sean,Big Sean,ZTFO - Big Sean
1017,4d4dcb6a-485b-4de0-9bb5-fe0d476a2ddd,89d3254f-6257-4330-b4d2-76016989f2b1,BROCKHAMPTON,BROCKHAMPTON,RENTAL - BROCKHAMPTON
1018,5f53831f-e653-4f34-a9e1-b4a1e107e399,01742228-24b2-4071-8371-17db82c4ccae,Jack Harlow,Jack Harlow  feat.  Big Sean ,Way Out - Jack Harlow  feat.  Big Sean 
1018,5f53831f-e653-4f34-a9e1-b4a1e107e399,01742228-24b2-4071-8371-17db82c4ccae,Big Sean,Jack Harlow  feat.  Big Sean ,Way Out - Jack Harlow  feat.  Big Sean 
1019,52cf9a06-2a67-4aa3-8638-dc5b1f705fc0,08c80e89-2914-4c7a-afaf-83f50bfafa4b,Baby Keem,Baby Keem,ORANGE SODA - Baby Keem
1020,205af6d2-42a7-4b7a-9a76-50abd619ba1c,48877286-44d4-4b0a-a1e0-d703a587f64b,A$AP Rocky,A$AP Rocky  feat.  FKA twigs ,Fukk Sleep - A$AP Rocky  feat.  FKA twigs 
1020,205af6d2-42a7-4b7a-9a76-50abd619ba1c,48877286-44d4-4b0a-a1e0-d703a587f64b,FKA twigs,A$AP Rocky  feat.  FKA twigs ,Fukk Sleep - A$AP Rocky  feat.  FKA twigs 
1021,ac64bd95-1163-436f-9bb8-8e120f7a8d54,cf9da9ac-b901-4c74-b47c-15cc2106797a,Offset,Offset  feat.  Future ,BROAD DAY - Offset  feat.  Future 
1021,ac64bd95-1163-436f-9bb8-8e120f7a8d54,cf9da9ac-b901-4c74-b47c-15cc2106797a,Future,Offset  feat.  Future ,BROAD DAY - Offset  feat.  Future 
1022,a05621b1-2529-448c-b3eb-18e2fd8e886d,18fef20c-a951-47ae-bb58-e6ecfacf6e2f,YG,YG  feat.  Tyga  &  Jon Z ,Go Loko - YG  feat.  Tyga  &  Jon Z 
1022,a05621b1-2529-448c-b3eb-18e2fd8e886d,18fef20c-a951-47ae-bb58-e6ecfacf6e2f,Tyga,YG  feat.  Tyga  &  Jon Z ,Go Loko - YG  feat.  Tyga  &  Jon Z 
1022,a05621b1-2529-448c-b3eb-18e2fd8e886d,18fef20c-a951-47ae-bb58-e6ecfacf6e2f,Jon Z,YG  feat.  Tyga  &  Jon Z ,Go Loko - YG  feat.  Tyga  &  Jon Z 
1023,ad2b7469-8a7e-40c7-b281-9136432c0d28,4541dd0d-07cf-45ac-9064-211219801759,ScHoolboy Q,ScHoolboy Q,Time killers - ScHoolboy Q
1024,0f5f7788-c8bc-4366-a8ee-1dcc16aeab33,799e9325-a482-4f5a-be11-62de3deb1f48,Bad Omens,Bad Omens,THE DEATH OF PEACE OF MIND - Bad Omens
1025,056ddc89-1d54-40d2-8cec-5bbb6e77cb41,ee7a3631-2e34-4f45-9e1d-4c24e0dbccb8,Dance Gavin Dance,Dance Gavin Dance,Blue Dream - Dance Gavin Dance
1026,341135c1-69db-4215-82ea-ad18d7e56728,cc039a5e-7842-4e30-92cc-0532b4f6822c,Sleep Theory,Sleep Theory,III - Sleep Theory
1027,0f04db08-2661-46df-b9d0-475aff850120,8464db9b-a1c9-4ca9-9eb2-02f62e6434af,The Plot in You,The Plot in You,Left Behind - The Plot in You
1028,8b5d9f00-0661-41b6-ae2b-20a505cb1ec0,ef1fc61b-52b2-4aaa-9340-3ffaadc0d300,Betcha,Betcha,July - Betcha
1029,7346d249-8f45-4be8-990b-50ca9f7ae615,ab16aae4-3471-4acd-94e8-f48a14366da4,Get Scared,Get Scared,Sarcasm - Get Scared
1030,1cace21c-5cc0-4d16-beaf-142c5c0feed2,66166291-80a5-41f0-988c-1548ec976cf1,PRESIDENT,PRESIDENT,Fearless - PRESIDENT
1031,dd1b6ccb-22cb-487c-a04c-30fbdb48ee6c,ef1ede91-0ac8-48f8-ab8b-811d53332190,Bad Omens,Bad Omens,Nowhere to Go - Bad Omens
1032,4886d684-fac0-491a-b896-6e7a2a99c174,4391c5d1-ccdd-431f-9808-a2eab42824d9,Movements,Movements,Daylily - Movements
1033,1701a560-a04f-4d99-af5d-dc2ba4f64d3f,af073b6b-ac37-4afd-806c-9d1ee9ee1753,Normandie,Normandie,Babylon - Normandie
1034,776b8193-5007-4b80-8655-11dd556b5f06,2a0f8ab1-c66c-4499-86bb-f5a9d4f36a21,Varials,Varials,The Hurt Chamber - Varials
1035,503e12b3-8762-412d-8551-12bb0ed9f76d,44038b3e-4344-4b88-8e82-89a37f37d71c,Architects,Architects  feat.  Winston McCall ,Impermanence - Architects  feat.  Winston McCall 
1035,503e12b3-8762-412d-8551-12bb0ed9f76d,44038b3e-4344-4b88-8e82-89a37f37d71c,Winston McCall,Architects  feat.  Winston McCall ,Impermanence - Architects  feat.  Winston McCall 
1036,596f6122-a31d-4bb7-b136-e5399c12c3c6,7ce69c39-c8a0-4989-8264-328fdb2a9cdc,Treaty Oak Revival,Treaty Oak Revival,Sunflower - Treaty Oak Revival
1037,60d597fa-2411-4930-a621-c7efbe787840,e991604b-73a8-4363-af24-6423a17c4911,ALESTI,ALESTI  feat.  Wind Walkers ,Flawed Design - ALESTI  feat.  Wind Walkers 
1037,60d597fa-2411-4930-a621-c7efbe787840,e991604b-73a8-4363-af24-6423a17c4911,Wind Walkers,ALESTI  feat.  Wind Walkers ,Flawed Design - ALESTI  feat.  Wind Walkers 
1038,02b9f835-255e-4f50-94e5-77f505c6d234,c6e8324c-cc25-46b6-b709-be358c2c700e,Asking Alexandria,Asking Alexandria,Antisocialist - Asking Alexandria
1039,75bc45fa-334d-4c37-b365-11b963047156,2fb5a713-060c-4ec9-a5e5-29fb46b0208f,Nothing More,Nothing More,Jenny - Nothing More
1040,96b9641d-726f-448e-b82b-625d3dd392e3,dafd25f5-c230-4729-8009-5b69a3865ccc,cleopatrick,cleopatrick,hometown - cleopatrick
1041,67166fbf-5b52-4d86-9ee6-009a52b1fc4a,e66d8f2a-fb6a-49ee-9620-6c1e5cf8a3af,Alter Bridge,Alter Bridge,The Other Side - Alter Bridge
1042,bede4b80-fefb-4466-8f46-dd6882c41141,7f6a9329-0988-4ede-ab56-cbd8d32aa00b,J.I.D,J.I.D  &  J. Cole ,Off Deez - J.I.D  &  J. Cole 
1042,bede4b80-fefb-4466-8f46-dd6882c41141,7f6a9329-0988-4ede-ab56-cbd8d32aa00b,J. Cole,J.I.D  &  J. Cole ,Off Deez - J.I.D  &  J. Cole 
1043,4b53d070-4adf-4c69-885d-fcb83e9c4518,f2bd2dc5-46c5-49e8-a083-5f58f62606ae,Too Close to Touch,Too Close to Touch,Sympathy - Too Close to Touch
1044,344e495c-bca9-4a58-b42b-6e0fdd118763,45636d9e-4b9b-4de5-9ebf-0e49201e8b79,A$AP Rocky,A$AP Rocky,STOLE YA FLOW - A$AP Rocky
1045,3f72f40e-3cf0-4abb-b8c2-2a88123d4ba0,d98e4baf-bfed-4de5-8198-165be2f08a6d,Motionless in White,Motionless in White,Voices - Motionless in White
1046,64337ceb-e446-40a1-82f9-6c1e5e669442,547d6b69-0884-450a-bee4-bc9278319f09,Sleeping With Sirens,Sleeping With Sirens,An Ending in Itself - Sleeping With Sirens
1047,f6e3d0ac-9cb5-4265-967a-300c20ad823f,a8048abf-9f6b-4c83-8ff4-b388ff22c028,Wyatt Flores,Wyatt Flores,Stillwater - Wyatt Flores
1048,99d49a53-7990-4466-85f7-cef894fafb5f,e599e247-eb78-4c3a-a661-93f8eeb5f9f8,Dayseeker,Dayseeker,Drunk - Dayseeker
1049,cf09db7b-55f5-4494-a2a5-af29f32eb735,e08bc026-0dbc-4aaa-8c13-75f21ada81a3,Dayseeker,Dayseeker,Forgotten Ghost - Dayseeker
1050,b54db7ba-d077-4241-972d-6be9b63a129a,1b01a703-6c29-4fb1-8675-a03dd058daae,Melrose Avenue,Melrose Avenue,Taste - Melrose Avenue
1051,bc32acc2-12e6-4f3a-ac66-b176ae110851,f5ec52d5-da18-40de-a23c-a5b4fc4cba85,Normandie,Normandie,Cyanide - Normandie
1052,4a984c15-55bc-4347-bf55-b3e40258cf34,9b4f8fb8-2171-457f-93ae-b454dbeae4f1,SECRETS,SECRETS,Paralyzed - SECRETS
1053,4f805edc-43d1-4882-9863-d7ac592da9be,5187ba58-113d-444b-ae80-b3f9ca581917,We Came as Romans,We Came as Romans  feat.  Caleb Shomo ,Black Hole - We Came as Romans  feat.  Caleb Shomo 
1053,4f805edc-43d1-4882-9863-d7ac592da9be,5187ba58-113d-444b-ae80-b3f9ca581917,Caleb Shomo,We Came as Romans  feat.  Caleb Shomo ,Black Hole - We Came as Romans  feat.  Caleb Shomo 
1054,d6176cb8-29fb-4e81-a9ac-e8194dd08642,8f5c75b7-6b02-4709-9546-3480e6632621,Motionless in White,Motionless in White,Afraid of the Dark - Motionless in White
1055,dad41f26-f280-4b5b-89c0-4acbd969271e,5aaad0f7-ed90-412b-aab8-361c3467b772,SAVE US,SAVE US,Zero - SAVE US
1056,789f76e1-7ed3-4a70-88ef-17b897831748,c6eb8877-3310-4737-9b26-5ea4b2e7769d,Archers,Archers,Made For Love - Archers
1057,9fd78aab-e380-4b05-a3e0-27b367af899b,1d9d9731-f3ec-488c-a4f2-6d27c60bf93f,sace6,sace6,allured - sace6
1058,2962973a-8a5a-4803-923c-86523d67c523,b3323026-2dc1-4c02-b447-1b7118a97e90,Daniel Caesar,Daniel Caesar  feat.  Kali Uchis ,Get You - Daniel Caesar  feat.  Kali Uchis 
1058,2962973a-8a5a-4803-923c-86523d67c523,b3323026-2dc1-4c02-b447-1b7118a97e90,Kali Uchis,Daniel Caesar  feat.  Kali Uchis ,Get You - Daniel Caesar  feat.  Kali Uchis 
1059,3473ea5c-898c-4d31-8091-b51d40bb7fd3,21ab628f-df09-40bf-a8c2-c9b96d80b568,The Neighbourhood,The Neighbourhood,Void - The Neighbourhood
1060,21e35429-9543-4f94-a9b1-5925f64b3eba,,,,Sunflower - Post Malone feat. Swae Lee
1061,2f00d272-e51c-4a3a-a565-ba28bc7be260,df3d0c71-042f-4f29-aa8e-c78e375e8c41,Fit for a King,Fit for a King,When Everything Means Nothing - Fit for a King
1062,6efe40fe-4dd4-4628-ac4d-a109fc4cf932,7268c6c1-b5e8-4a36-84c1-c6d0919abd79,Vana,Vana,Pray - Vana
1063,28ee3925-6712-4f47-9ab1-ce5d0bbbbe63,f43b69cc-4a8f-4798-b20a-6b1ef2230115,The Home Team,The Home Team,Right Through Me - The Home Team
1064,53661e4e-99ff-4dbd-82bf-104c5e97959d,5d74244a-d193-44e6-a78c-28446abf2904,Spiritbox,Spiritbox,Circle With Me - Spiritbox
1065,c353f0a1-2401-482a-ae08-83e8a6ea05be,f5214968-0cba-41ea-9a49-c303bdd80bdf,Catch Your Breath,Catch Your Breath,Blood Money - Catch Your Breath
1066,dc933587-7d7e-471c-8396-c21155ea6179,9fe91458-11d1-4f9b-95c8-6cb0ef5d9cfd,Polaris,Polaris,Dissipate - Polaris
1067,23b4ee87-6115-4665-89f4-7d2f6c2db0f2,1f5bb166-f27e-4f92-b0f1-8673af6d837b,VRSTY,VRSTY,Closer - VRSTY
1068,8b7b7817-5bf7-4a35-aa14-3010594f25f5,49e141eb-1e27-442e-bfc7-aac2e5a2c907,Vincent Mason,Vincent Mason,Damned If I Do - Vincent Mason
1069,2839c71f-d3ce-4bbf-92c3-6ba1bc482dd0,a3277434-6c21-43b1-8dac-ac59491a7d9e,Donots,Donots,We Got the Noise - Donots
1070,e2895afe-07e9-43e8-9d22-a33ae2b74ed7,58c282fb-8dce-4f23-9f7f-622ddf0ffefc,The Devil Wears Prada,The Devil Wears Prada  feat.  Dayseeker ,Salt - The Devil Wears Prada  feat.  Dayseeker 
1070,e2895afe-07e9-43e8-9d22-a33ae2b74ed7,58c282fb-8dce-4f23-9f7f-622ddf0ffefc,Dayseeker,The Devil Wears Prada  feat.  Dayseeker ,Salt - The Devil Wears Prada  feat.  Dayseeker 
1071,7dba7d29-7f6f-4587-873e-808adc782b63,b6627189-3c4d-4443-898f-aa289edae45b,All Time Low,All Time Low  feat.  blackbear ,Monsters - All Time Low  feat.  blackbear 
1071,7dba7d29-7f6f-4587-873e-808adc782b63,b6627189-3c4d-4443-898f-aa289edae45b,blackbear,All Time Low  feat.  blackbear ,Monsters - All Time Low  feat.  blackbear 
1072,986327f7-7a5a-4b8a-a349-ef22b0b8d17a,b01f6bd1-9955-4ca9-9501-e5516466b143,I Prevail,I Prevail,Annihilate Me - I Prevail
1073,18ef0c46-2cd0-409a-8c72-1b49d4904bad,8759fb1e-9190-4887-a1da-c16861ed8261,Sleeping With Sirens,Sleeping With Sirens,A Trophy Father’s Trophy Son - Sleeping With Sirens
1074,7d699da8-f66c-484f-ae76-7936c2991c6c,28979ba5-252e-474d-b1da-433c5e91807e,Sleeping With Sirens,Sleeping With Sirens,Your Nickel Ain’t Like My Dime - Sleeping With Sirens
1075,571fd4a0-8a01-4019-8b7c-11e76b63abc0,7616d73a-d485-4852-abf6-6280f78b6c62,Dayseeker,Dayseeker,Pale Moonlight - Dayseeker
1076,0db8ce1a-0170-480e-b58d-d3037ec3442e,97219ded-43e6-4fce-b934-ea88eca5d7cd,Fall Out Boy,Fall Out Boy,"“The Take Over, the Breaks Over” - Fall Out Boy"
1077,ee86a7a4-d62c-42c1-ad4d-5e727fc783f3,60d0e471-ada9-4bc2-937f-b208fbaef332,Falling in Reverse,Falling in Reverse,"God, If You Are Above… - Falling in Reverse"
1078,392f9cd3-b777-4df5-bbec-4dfdd9feec80,72d79a16-e40e-45c2-b8e9-746d9ed722bc,Lakeview,Lakeview  &  Gideon ,Money Where Your Mouth Is - Lakeview  &  Gideon 
1078,392f9cd3-b777-4df5-bbec-4dfdd9feec80,72d79a16-e40e-45c2-b8e9-746d9ed722bc,Gideon,Lakeview  &  Gideon ,Money Where Your Mouth Is - Lakeview  &  Gideon 
1079,6b55447a-5b3c-43d8-9c4c-f2be523f0a9d,9f331d71-12ee-46c8-b155-b3828e4cfd7e,Bring Me the Horizon,Bring Me the Horizon  feat.  Lil Uzi Vert  &  Daryl Palumbo of Glassjaw ,AmEN! - Bring Me the Horizon  feat.  Lil Uzi Vert  &  Daryl Palumbo of Glassjaw 
1079,6b55447a-5b3c-43d8-9c4c-f2be523f0a9d,9f331d71-12ee-46c8-b155-b3828e4cfd7e,Lil Uzi Vert,Bring Me the Horizon  feat.  Lil Uzi Vert  &  Daryl Palumbo of Glassjaw ,AmEN! - Bring Me the Horizon  feat.  Lil Uzi Vert  &  Daryl Palumbo of Glassjaw 
1079,6b55447a-5b3c-43d8-9c4c-f2be523f0a9d,9f331d71-12ee-46c8-b155-b3828e4cfd7e,Daryl Palumbo of Glassjaw,Bring Me the Horizon  feat.  Lil Uzi Vert  &  Daryl Palumbo of Glassjaw ,AmEN! - Bring Me the Horizon  feat.  Lil Uzi Vert  &  Daryl Palumbo of Glassjaw 
1080,973b1f46-9343-4d80-8649-b8cbbc2e6a6c,eb2d0d83-2dc4-4492-9206-7c8f7a33bf5f,Dead Poet Society,Dead Poet Society  feat.  The Warning ,HURT - Dead Poet Society  feat.  The Warning 
1080,973b1f46-9343-4d80-8649-b8cbbc2e6a6c,eb2d0d83-2dc4-4492-9206-7c8f7a33bf5f,The Warning,Dead Poet Society  feat.  The Warning ,HURT - Dead Poet Society  feat.  The Warning 
1081,2bbf5cd2-9416-4b8b-b7f2-5986bddf1bd4,f68694bf-b0bc-4af9-94da-2bdd5f24e790,Hail the Sun,Hail the Sun,"Ow! (SPLIDAO!) I Like It, Though - Hail the Sun"
1082,b731d49e-99ea-46c6-bec2-00f9dddf6c8e,63c17bc4-871e-4ef5-bfc2-f457bd68c856,Rain City Drive,Rain City Drive,Over Me - Rain City Drive
1083,586e348c-aad1-4db2-b0e6-a0aadedbc1b8,f41c929e-ba45-456e-979d-58d9d7ea73ec,Rain City Drive,Rain City Drive,Ride or Die - Rain City Drive
1084,34691ddc-e1eb-45df-a86d-05fe3e0ef64b,3dd048e0-cd25-474c-b8dc-e99f131f128b,Pierce the Veil,Pierce the Veil  feat.  Lindsey Stamey ,Hold on Till May - Pierce the Veil  feat.  Lindsey Stamey 
1084,34691ddc-e1eb-45df-a86d-05fe3e0ef64b,3dd048e0-cd25-474c-b8dc-e99f131f128b,Lindsey Stamey,Pierce the Veil  feat.  Lindsey Stamey ,Hold on Till May - Pierce the Veil  feat.  Lindsey Stamey 
1085,325bed99-ecd4-4318-a50b-4c3154987df1,f62ae39d-b7fc-4b66-a2dd-0cac62f45d65,Pierce the Veil,Pierce the Veil,I’m Low on Gas and You Need a Jacket - Pierce the Veil
1086,14769448-910c-4c5c-8bd7-c802ab21e70e,fd6e23bc-295b-40a8-a7a7-87876d10c6c5,Pierce the Veil,Pierce the Veil,The Boy Who Could Fly - Pierce the Veil
1087,59481169-7c07-45ca-a45a-072e6912e12a,f36d7744-296e-47b5-add8-9181592dd2da,Pierce the Veil,Pierce the Veil,Southern Constellations - Pierce the Veil
1088,4d8e6139-0194-42cf-ad68-72f2e514c430,78659fca-ff54-4506-9935-37f93140e964,Bring Me the Horizon,Bring Me the Horizon,Happy Song - Bring Me the Horizon
1089,e9e41377-4a73-428c-bca1-46071a609bf2,6d9f25a6-9bc2-42c3-80c2-e30d2584d785,Bring Me the Horizon,Bring Me the Horizon  feat.  Underoath ,a bulleT w/ my namE On - Bring Me the Horizon  feat.  Underoath 
1089,e9e41377-4a73-428c-bca1-46071a609bf2,6d9f25a6-9bc2-42c3-80c2-e30d2584d785,Underoath,Bring Me the Horizon  feat.  Underoath ,a bulleT w/ my namE On - Bring Me the Horizon  feat.  Underoath 
1090,2ee687e0-3964-43fd-b967-a8aba33643a0,b1704dab-d714-4da9-a7cd-0a9021f9458f,Bring Me the Horizon,Bring Me the Horizon  with  YUNGBLUD ,Obey - Bring Me the Horizon  with  YUNGBLUD 
1090,2ee687e0-3964-43fd-b967-a8aba33643a0,b1704dab-d714-4da9-a7cd-0a9021f9458f,YUNGBLUD,Bring Me the Horizon  with  YUNGBLUD ,Obey - Bring Me the Horizon  with  YUNGBLUD 
1091,6b6d485d-ecbd-4d18-8b5b-8743ac5d61fa,1d7efa94-d67e-4c07-83da-d807192b02cf,Bring Me the Horizon,Bring Me the Horizon,True Friends - Bring Me the Horizon
1092,61a3ce81-60f2-4ddf-8999-377e7614483d,69af97b4-3e71-43d6-9993-2c5a93092731,Bring Me the Horizon,Bring Me the Horizon,Parasite Eve - Bring Me the Horizon
1093,3bd9ca6a-fdca-442d-8bc0-0e6b32a77fe7,d42528ce-1853-40dc-8909-23e96a91cbba,Bring Me the Horizon,Bring Me the Horizon,Doomed - Bring Me the Horizon
1094,df216af4-32db-4a2c-8665-6549396d2431,fb3663d8-4e75-4a31-8cb5-6ab09671e955,Bring Me the Horizon,Bring Me the Horizon,Top 10 staTues tHat CriEd bloOd - Bring Me the Horizon
1095,2cfdfd86-46e0-4a02-9ad8-19e767dc8449,11db20e4-a946-4d64-bf43-2d7039eeaa16,Bring Me the Horizon,Bring Me the Horizon  feat.  Rahzel ,heavy metal - Bring Me the Horizon  feat.  Rahzel 
1095,2cfdfd86-46e0-4a02-9ad8-19e767dc8449,11db20e4-a946-4d64-bf43-2d7039eeaa16,Rahzel,Bring Me the Horizon  feat.  Rahzel ,heavy metal - Bring Me the Horizon  feat.  Rahzel 
1096,37178c48-9cd6-4aa3-a58f-0fc4f4d23ea7,a57d030d-24a5-4ba5-a4ac-fc3e3587d4bd,Bring Me the Horizon,Bring Me the Horizon,"Dear Diary, - Bring Me the Horizon"
1097,085c7ae5-cc7f-44c7-8c75-f0e6d0bff983,321e1cee-e9db-4f7b-a423-c84ed6ecead1,Bring Me the Horizon,Bring Me the Horizon,Avalanche - Bring Me the Horizon
1098,5337b3c9-6f0f-49ff-b0ba-2c881350e281,bfd84871-2523-40e5-a70f-04c9b0e28acf,Machine Gun Kelly,Machine Gun Kelly  feat.  Bring Me the Horizon ,maybe - Machine Gun Kelly  feat.  Bring Me the Horizon 
1098,5337b3c9-6f0f-49ff-b0ba-2c881350e281,bfd84871-2523-40e5-a70f-04c9b0e28acf,Bring Me the Horizon,Machine Gun Kelly  feat.  Bring Me the Horizon ,maybe - Machine Gun Kelly  feat.  Bring Me the Horizon 
1099,25ab7dff-ba48-48fc-8af4-770a83bda149,c97f5726-3fdb-43bd-99f9-8946feca8947,Tom Morello,Tom Morello  ft.  Bring Me the Horizon ,Let’s Get the Party Started - Tom Morello  ft.  Bring Me the Horizon 
1099,25ab7dff-ba48-48fc-8af4-770a83bda149,c97f5726-3fdb-43bd-99f9-8946feca8947,Bring Me the Horizon,Tom Morello  ft.  Bring Me the Horizon ,Let’s Get the Party Started - Tom Morello  ft.  Bring Me the Horizon 
1100,46c0bf00-9f49-4f4d-9be9-e824c620fae1,55d93c8d-d5a5-4504-91a1-5a63f994b9f6,Bring Me the Horizon,Bring Me the Horizon,DiE4u - Bring Me the Horizon
1101,7e811281-e639-4504-9274-b946b03e724f,5e0e80b9-ecd4-4bd7-9290-62ad89816c4a,SLANDER,SLANDER  with  blackbear  &  Bring Me the Horizon ,Wish I Could Forget - SLANDER  with  blackbear  &  Bring Me the Horizon 
1101,7e811281-e639-4504-9274-b946b03e724f,5e0e80b9-ecd4-4bd7-9290-62ad89816c4a,blackbear,SLANDER  with  blackbear  &  Bring Me the Horizon ,Wish I Could Forget - SLANDER  with  blackbear  &  Bring Me the Horizon 
1101,7e811281-e639-4504-9274-b946b03e724f,5e0e80b9-ecd4-4bd7-9290-62ad89816c4a,Bring Me the Horizon,SLANDER  with  blackbear  &  Bring Me the Horizon ,Wish I Could Forget - SLANDER  with  blackbear  &  Bring Me the Horizon 
1102,8cbd7212-e077-4b1e-8c38-90e54f849d7f,104ae795-a8eb-437b-a474-10403b09aa9a,YUNGBLUD,YUNGBLUD  feat.  Oli Sykes of Bring Me the Horizon ,Happier - YUNGBLUD  feat.  Oli Sykes of Bring Me the Horizon 
1102,8cbd7212-e077-4b1e-8c38-90e54f849d7f,104ae795-a8eb-437b-a474-10403b09aa9a,Oli Sykes of Bring Me the Horizon,YUNGBLUD  feat.  Oli Sykes of Bring Me the Horizon ,Happier - YUNGBLUD  feat.  Oli Sykes of Bring Me the Horizon 
1103,19acbad7-8416-44fd-b85f-2b9b47d67800,37908989-e8dc-49f9-a0e5-389fb8218229,Bring Me the Horizon,Bring Me the Horizon,Seen It All Before - Bring Me the Horizon
1104,2438d39b-061d-4b09-b241-3011a7ed941a,dac07c20-2c8e-499d-91d9-73ae5eab05e2,Bring Me the Horizon,Bring Me the Horizon,why you gotta kick me when i’m down? - Bring Me the Horizon
1105,6f9a1e37-bed2-4159-8a4f-e6f1ea486288,04453a82-55ad-4ed6-85f9-ca3d950a34a2,Lil Uzi Vert,Lil Uzi Vert  feat.  Bring Me the Horizon ,Werewolf - Lil Uzi Vert  feat.  Bring Me the Horizon 
1105,6f9a1e37-bed2-4159-8a4f-e6f1ea486288,04453a82-55ad-4ed6-85f9-ca3d950a34a2,Bring Me the Horizon,Lil Uzi Vert  feat.  Bring Me the Horizon ,Werewolf - Lil Uzi Vert  feat.  Bring Me the Horizon 
1106,6bcea0fb-e396-4bd7-8e7d-76cd66d60cd4,c9196b0f-a2e3-4776-bd6a-4ccb174d8e30,Ed Sheeran,Ed Sheeran  feat.  Bring Me the Horizon ,Bad Habits - Ed Sheeran  feat.  Bring Me the Horizon 
1106,6bcea0fb-e396-4bd7-8e7d-76cd66d60cd4,c9196b0f-a2e3-4776-bd6a-4ccb174d8e30,Bring Me the Horizon,Ed Sheeran  feat.  Bring Me the Horizon ,Bad Habits - Ed Sheeran  feat.  Bring Me the Horizon 
1107,19b1f415-ae4d-4036-8edd-2a05c2df714c,251f5c8d-1974-4d02-bb34-9039f6eb2492,Bring Me the Horizon,Bring Me the Horizon,Drown - Bring Me the Horizon
1108,829e20aa-2d1b-487a-94c0-f23b8ba264b4,,,,lasttimeicried - Blood Dealer
1109,91ae9424-e2cf-447d-aebd-e79a811e972e,dd290c64-1328-411a-8823-c56489a63c7d,Linkin Park,Linkin Park,Heavy Is the Crown - Linkin Park
1110,502e322f-fcf7-42f6-9884-c2498f48af9b,b19f397d-f22b-4457-b05e-4ab786efdd28,Shinedown,Shinedown,Planet Zero - Shinedown
1111,18ba849c-cda3-4573-abc5-f7b076bdb169,06879155-b9ce-4777-bdc0-f83cd6162760,The Weeknd,The Weeknd,Can’t Feel My Face - The Weeknd
1112,ed110e79-aa4c-4f6c-a6d0-6c65044409ef,ac19684f-febb-47ae-8d5f-72a4c4c1aa3d,Kendrick Lamar,Kendrick Lamar  with  SZA ,luther - Kendrick Lamar  with  SZA 
1112,ed110e79-aa4c-4f6c-a6d0-6c65044409ef,ac19684f-febb-47ae-8d5f-72a4c4c1aa3d,SZA,Kendrick Lamar  with  SZA ,luther - Kendrick Lamar  with  SZA 
1113,18718783-f12d-49ce-af9e-c2ab211611fc,82166214-6435-436c-ba66-b0d7765929fd,Memphis May Fire,Memphis May Fire  feat.  Blindside ,Overdose - Memphis May Fire  feat.  Blindside 
1113,18718783-f12d-49ce-af9e-c2ab211611fc,82166214-6435-436c-ba66-b0d7765929fd,Blindside,Memphis May Fire  feat.  Blindside ,Overdose - Memphis May Fire  feat.  Blindside 
1114,5c833de6-1270-4778-a382-845c67f69977,57ddb1c0-6e7a-49cd-9e92-059286f1c9be,Finger Eleven,Finger Eleven,Paralyzer - Finger Eleven
1115,01ddeaee-fe72-41e6-ad15-5af041654f89,3edd30b1-7823-4dec-a251-a151498bd992,The Hunna,The Hunna,I Wanna Know - The Hunna
1116,77a8e116-b677-416f-978b-2be9a6c065e7,6f0ecce5-2fb0-45d1-9da1-62aa437b6d64,BRKN LOVE,BRKN LOVE,Rubber Room - BRKN LOVE
1117,0ab1b4cf-c040-48cd-863b-c5aeb1f7830f,a3230741-c122-4c51-9e71-de83983b8a07,Pierce the Veil,Pierce the Veil,Pass the Nirvana - Pierce the Veil
1118,582dd4e5-80f0-4431-b5e9-8b221c9415c4,72f969a7-05f5-484c-a78a-dac2f2695278,BRKN LOVE,BRKN LOVE,Forever's Enough - BRKN LOVE
1119,b05ba946-8105-4bcb-852a-fa315508ccb9,b4f568a2-d8da-4de6-abe9-680312872798,cleopatrick,cleopatrick,bernard trigger - cleopatrick
1120,0b45e788-b925-4033-846b-0c5154e97cdd,205cafcf-0d9c-4430-82ed-d560b4e28521,Windwaker,Windwaker,Break The Rules - Windwaker
1121,57d2e02d-f11e-489c-9e10-0a238e1d8a6e,b3b3d8a8-bff2-4a6d-b86c-d7681104463d,Point North,Point North  &  The Ghost Inside ,Safe and Sound - Point North  &  The Ghost Inside 
1121,57d2e02d-f11e-489c-9e10-0a238e1d8a6e,b3b3d8a8-bff2-4a6d-b86c-d7681104463d,The Ghost Inside,Point North  &  The Ghost Inside ,Safe and Sound - Point North  &  The Ghost Inside 
1122,a3fe14de-7326-4ae6-877d-1926b2531a7d,03dc4e02-e416-4611-8a2f-6c91b3d6c06c,Noah Kahan,Noah Kahan,Paul Revere - Noah Kahan
1123,09cf5c93-2bc6-49c7-8dbd-49f23ca9c27a,fd148908-3045-4a39-83b9-70a56706c194,Panic! at the Disco,Panic! at the Disco,Death of a Bachelor - Panic! at the Disco
1124,8649f38b-0f5c-4f9e-bd86-6dcc7c702d00,13f7de2d-c8d4-4d2d-a061-421b5c126c44,Dead Lakes,Dead Lakes,onyx drive - Dead Lakes
1125,4da94549-5a58-49bd-9a7a-efbac7ac1850,27f0a0c1-cafa-47e4-be2f-a8c19dfab2df,Windwaker,Windwaker,Arcane - Windwaker
1126,b63af69d-766a-4790-9273-4f30971269cf,0b3ce31b-9793-4150-bcea-850ee6c4b7fe,Sleeping With Sirens,Sleeping With Sirens,"If I’m James Dean, You’re Audrey Hepburn - Sleeping With Sirens"
1127,45584a87-1972-47b3-90d4-9ca4d32b5b13,d0a0a9a4-43f9-4207-ab54-633d21c6a068,Ro Ransom,Ro Ransom  feat.  Kensei Abbot ,See Me Fall - Ro Ransom  feat.  Kensei Abbot 
1127,45584a87-1972-47b3-90d4-9ca4d32b5b13,d0a0a9a4-43f9-4207-ab54-633d21c6a068,Kensei Abbot,Ro Ransom  feat.  Kensei Abbot ,See Me Fall - Ro Ransom  feat.  Kensei Abbot 
1128,bdc398f0-359e-4f75-93b9-8832b1bfc7be,13696a67-7e52-41c7-9f60-13c1370c8eed,Pierce the Veil,Pierce the Veil,Stay Away From My Friends - Pierce the Veil
1129,ccbda829-1afc-4e41-82f5-6ed2c5487901,e5da9a22-5258-46af-8592-5bef6f85fb05,Picturesque,Picturesque,Glass House - Picturesque
1130,b1080ae7-b485-40a1-8928-227770dbaebf,31baba72-2c99-4998-88dc-36251ae87d1c,AVOID,AVOID,Whatever - AVOID
1131,297dd8cb-9360-48ae-b930-880626efaf05,1c3d176c-70d0-4908-ba78-2240012299c1,Nevertel,Nevertel,Some Things - Nevertel
1132,2165edd3-d1c1-4332-9760-ac810cefdb28,a0c8151c-bd07-44a4-8186-44caad84a4ff,Anonymuz,Anonymuz,The Fall of Earth - Anonymuz
1133,a2b1439d-068a-4378-bf72-0f4addb1b17a,2cdbc52e-e8f9-4dca-a1fd-e92cf0e97e07,Logic,Logic  feat.  My Dad ,BOBBY - Logic  feat.  My Dad 
1133,a2b1439d-068a-4378-bf72-0f4addb1b17a,2cdbc52e-e8f9-4dca-a1fd-e92cf0e97e07,My Dad,Logic  feat.  My Dad ,BOBBY - Logic  feat.  My Dad 
1134,fc0fde6f-5617-40e9-bd29-00d65683947e,ee815faa-e07b-4a18-b3da-f7ccb229ac7f,Kendrick Lamar,Kendrick Lamar,reincarnated - Kendrick Lamar
1135,def977c9-8992-4cce-bed3-662d8c145b7a,c0e6d606-b7c8-4716-8659-3682b5c3fb45,Drake,Drake  feat.  Sexyy Red  &  SZA ,Rich Baby Daddy - Drake  feat.  Sexyy Red  &  SZA 
1135,def977c9-8992-4cce-bed3-662d8c145b7a,c0e6d606-b7c8-4716-8659-3682b5c3fb45,Sexyy Red,Drake  feat.  Sexyy Red  &  SZA ,Rich Baby Daddy - Drake  feat.  Sexyy Red  &  SZA 
1135,def977c9-8992-4cce-bed3-662d8c145b7a,c0e6d606-b7c8-4716-8659-3682b5c3fb45,SZA,Drake  feat.  Sexyy Red  &  SZA ,Rich Baby Daddy - Drake  feat.  Sexyy Red  &  SZA 
1136,2136afe8-85a4-431c-bab2-9f9bdd6ad833,fd8bddea-3038-48bd-82fc-adc137f29c00,Nothing But Thieves,Nothing But Thieves,Welcome to the DCC - Nothing But Thieves
1137,acdf9787-fba5-43f0-82e4-d3159d7aef38,37b04338-bc18-41b7-9eb9-636213f81095,Kendrick Lamar,Kendrick Lamar,Swimming Pools - Kendrick Lamar
1138,8f1e2341-2909-478d-9ba5-dee527780048,9aca4fb5-6408-463e-8584-79169217b45d,Tory Lanez,Tory Lanez  &  Mansa ,10 F*CKS - Tory Lanez  &  Mansa 
1138,8f1e2341-2909-478d-9ba5-dee527780048,9aca4fb5-6408-463e-8584-79169217b45d,Mansa,Tory Lanez  &  Mansa ,10 F*CKS - Tory Lanez  &  Mansa 
1139,80d49c25-ab8b-4647-8a97-860a364d703f,cc7eb075-fd7b-449b-8b23-e16a85f6adc2,Juice WRLD,Juice WRLD,Horrible - Juice WRLD
1140,45eed945-50dd-4981-85c9-7a5cd4751f1b,62851a84-b837-4356-9e05-ebd8b68c0dad,Jay‐Z,Jay‐Z  &  Kanye West  feat.  Frank Ocean  &  The‐Dream ,No Church in the Wild - Jay‐Z  &  Kanye West  feat.  Frank Ocean  &  The‐Dream 
1140,45eed945-50dd-4981-85c9-7a5cd4751f1b,62851a84-b837-4356-9e05-ebd8b68c0dad,Kanye West,Jay‐Z  &  Kanye West  feat.  Frank Ocean  &  The‐Dream ,No Church in the Wild - Jay‐Z  &  Kanye West  feat.  Frank Ocean  &  The‐Dream 
1140,45eed945-50dd-4981-85c9-7a5cd4751f1b,62851a84-b837-4356-9e05-ebd8b68c0dad,Frank Ocean,Jay‐Z  &  Kanye West  feat.  Frank Ocean  &  The‐Dream ,No Church in the Wild - Jay‐Z  &  Kanye West  feat.  Frank Ocean  &  The‐Dream 
1140,45eed945-50dd-4981-85c9-7a5cd4751f1b,62851a84-b837-4356-9e05-ebd8b68c0dad,The‐Dream,Jay‐Z  &  Kanye West  feat.  Frank Ocean  &  The‐Dream ,No Church in the Wild - Jay‐Z  &  Kanye West  feat.  Frank Ocean  &  The‐Dream 
1141,533d88f6-f846-4a80-b3c0-4a6e38de4125,92dc3758-10e8-4a22-92f8-1b43e0ce00c1,Future,Future,Solo - Future
1142,429c36d2-5f99-4832-80c0-9ecff8c2d457,cddce62b-ca54-4571-9a4c-57ef33143e4b,Lil Uzi Vert,Lil Uzi Vert,For Real - Lil Uzi Vert
1143,0be68806-5bd7-4440-8fd6-b75ef0ec9f2e,ba359bba-05b5-4079-bbee-c7cb8e762852,NF,NF,Let You Down - NF
1144,110319ba-609b-4c16-9da4-c3312a07cd43,538661e2-f9bd-4354-84d5-abefc21d9ec5,Bryson Tiller,Bryson Tiller,Sorry Not Sorry - Bryson Tiller
1145,9fba0f6b-9570-4f9d-a073-9e52b0e7a3f4,e79785b1-c27c-4ed5-9c6d-e596e3382120,Paramore,Paramore,Hard Times - Paramore
1146,427d423a-6faf-4e93-850c-04c7c14c6f61,ee04a1cd-70da-4eb9-a1a2-b0bdde818df3,Pierce the Veil,Pierce the Veil,Currents Convulsive - Pierce the Veil
1147,396f25d2-8d35-4bc3-a9e9-5d14f5e0f8c4,,,,I - Luke Christopher
1148,7c14149e-cb78-430d-9846-22426f31ab94,dc70d850-e420-4dff-9e45-6f419403fbe5,NOTHING MORE,NOTHING MORE,GIVE IT TIME - NOTHING MORE
1149,155213dc-d946-41a1-853a-56f7387e1559,c6231be9-e769-47d9-b279-bc3a38aca2fe,Baby Keem,Baby Keem,trademark usa - Baby Keem
1150,0e2aa76f-c59b-4670-86df-f184af614748,7b00ef75-d410-416c-8187-be66f3f5ac15,BRKN LOVE,BRKN LOVE,One in the Same - BRKN LOVE
1151,2f8c659a-f25e-438b-a079-2c7ae002a9e4,de3108c1-61de-42ec-b82b-daa9954ca231,J. Cole,J. Cole,KOD - J. Cole
1152,0cf88c5b-e8aa-4d8d-b40e-006b2a4dcf31,4119d13d-eb49-4322-bf20-ac5f94562a2f,Kingdom of Giants,Kingdom of Giants,Two Suns - Kingdom of Giants
1153,cbd08f61-7b16-46c6-93c7-17167919a51e,ab923db7-0df4-42fb-8d76-29271a8da134,ScHoolboy Q,ScHoolboy Q,Gang Gang - ScHoolboy Q
1154,27b2a360-6b02-4396-9a50-dc3b742fa5b2,30be0f82-1a89-4fc4-be4e-f771787a2064,Normandie,Normandie  feat.  Dani Winter‐Bates ,Hourglass - Normandie  feat.  Dani Winter‐Bates 
1154,27b2a360-6b02-4396-9a50-dc3b742fa5b2,30be0f82-1a89-4fc4-be4e-f771787a2064,Dani Winter‐Bates,Normandie  feat.  Dani Winter‐Bates ,Hourglass - Normandie  feat.  Dani Winter‐Bates 
1155,cfe00434-f692-44c8-be32-ebfb7017102e,a0292b29-0855-45f4-a78a-2427656585dc,A$AP Rocky,A$AP Rocky  feat.  Brent Faiyaz ,STAY HERE 4 LIFE - A$AP Rocky  feat.  Brent Faiyaz 
1155,cfe00434-f692-44c8-be32-ebfb7017102e,a0292b29-0855-45f4-a78a-2427656585dc,Brent Faiyaz,A$AP Rocky  feat.  Brent Faiyaz ,STAY HERE 4 LIFE - A$AP Rocky  feat.  Brent Faiyaz 
1156,877acd33-49b7-497c-b2fe-0d1bea292131,475f25f1-89bb-4f65-a4e2-f91ea238c00e,Before Today,Before Today,Shallow Pockets - Before Today
1157,4d298659-77f8-4bf5-a624-b89685e5c177,710e4a74-5def-4929-9dab-b3f142566a21,Loathe,Loathe,Is It Really You? - Loathe
1158,c13d0e7e-095c-4806-8c9a-f2a21aa27a6b,d7471960-73b9-4125-aaf0-438a4acdc81c,Nevertel,Nevertel,Sacrifice - Nevertel
1159,443a858d-44a6-4b4d-989f-6f0de6ef3b55,11206f14-56ed-4f1d-8176-b1155935dc49,GARZI,GARZI  &  Memphis May Fire ,GrowingUp - GARZI  &  Memphis May Fire 
1159,443a858d-44a6-4b4d-989f-6f0de6ef3b55,11206f14-56ed-4f1d-8176-b1155935dc49,Memphis May Fire,GARZI  &  Memphis May Fire ,GrowingUp - GARZI  &  Memphis May Fire 
1160,1cc50355-2daa-410c-a7ec-4ec4c54688cb,67893a21-f6cc-4378-901a-789d3186a0e1,The Neighbourhood,The Neighbourhood,$TING - The Neighbourhood
1161,f699612d-961e-4aad-a0bc-1ce0f07c25e7,ed383ba1-e4c4-4c3c-9498-b2fc3169ed91,FEVER 333,FEVER 333,$wing - FEVER 333
1162,872d8f5f-553a-49e6-baba-285863304b7f,f5132c2a-203e-454a-9518-e994e40daf3a,twenty one pilots,twenty one pilots,Nico and the Niners - twenty one pilots
1163,a910d280-3f99-401f-a3af-61967fd7149e,44658e73-cf08-4e6c-a850-a62a92ab409b,Highly Suspect,Highly Suspect,Ice Cold - Highly Suspect
1164,2340f851-1fa3-4d9b-84b7-abdbff874b47,b5699119-8700-466d-8669-4db2a1ae0497,Kiana Ledé,Kiana Ledé,Mad at Me. - Kiana Ledé
1165,7c801e93-95be-4c62-8b44-10a472669c59,9e114784-ffbd-4f1f-9165-ccd1448ec839,Nothing But Thieves,Nothing But Thieves,If I Were You - Nothing But Thieves
1166,6e8db6d1-9d44-4c78-af0f-89da9c640b4f,4ab25397-1c84-4660-b800-a4817fd5737a,Aminé,Aminé,Can’t Decide - Aminé
1167,a1f38ca9-ab21-40c1-937e-c93e49226c1e,c764a997-96aa-4875-a60b-fecc2263ab1b,Pierce the Veil,Pierce the Veil,Chemical Kids and Mechanical Brides - Pierce the Veil
1168,1beba9f8-e0a8-4200-b910-d332966b801c,b82c266c-23ec-479f-9061-53156fb5d10a,Wind Walkers,Wind Walkers,The End Aesthetic - Wind Walkers
1169,8daed2ee-aacc-41ac-883b-cff446dc62af,08bea1b3-be03-432f-8e94-a6b4b137bfea,Glass Animals,Glass Animals,The Other Side of Paradise - Glass Animals
1170,07a86932-28d4-49c4-a002-812faa53e804,2b41baad-54e6-4b3b-aea8-30ac837590ab,Starset,Starset,My Demons - Starset
1171,0c409c49-f54e-4f96-8adc-c6bd28578450,68bd4100-fb8f-4790-88ac-4267b8e4c9f9,Windwaker,Windwaker,Fractured State of Mind - Windwaker
1172,4cabb5a6-caef-48eb-bfd2-2dba122151f8,338ad413-df43-461d-97e7-8c0a1b01c9b6,Windwaker,Windwaker,Get Out - Windwaker
1173,47f959ab-a501-4c5e-94f6-a496380b282d,45c0dbda-0abd-4d60-b62b-3aa1277226ff,BROCKHAMPTON,BROCKHAMPTON,JUNKY - BROCKHAMPTON
1174,352a564e-6c77-4141-b412-c726c9adeb84,e9d2f48c-7525-4c71-8c5b-e62895d73884,Ski Mask the Slump God,Ski Mask the Slump God,Unbothered - Ski Mask the Slump God
1175,7ae298b4-6c44-4d1d-8ebc-5abcbc91df83,,,,Bring It Back - Rich the Kid
1176,2fd7062c-0995-4e82-a00d-c598a48730b8,18096680-abfb-4428-a914-7bc82ee61c6d,Vic Mensa,Vic Mensa,The Fire Next Time - Vic Mensa
1177,8a2c2952-72be-4afb-a14f-e30c101ba5d6,41c65ec0-010f-4fa7-bb78-9ca827d3550d,Foo Fighters,Foo Fighters,Making a Fire - Foo Fighters
1178,f77d9282-23a9-4616-ae3f-ef0cae09c191,63a5be40-2fdb-4c4f-bf14-b12b8bc55239,Drake,Drake  feat.  2 Chainz  &  Big Sean ,All Me - Drake  feat.  2 Chainz  &  Big Sean 
1178,f77d9282-23a9-4616-ae3f-ef0cae09c191,63a5be40-2fdb-4c4f-bf14-b12b8bc55239,2 Chainz,Drake  feat.  2 Chainz  &  Big Sean ,All Me - Drake  feat.  2 Chainz  &  Big Sean 
1178,f77d9282-23a9-4616-ae3f-ef0cae09c191,63a5be40-2fdb-4c4f-bf14-b12b8bc55239,Big Sean,Drake  feat.  2 Chainz  &  Big Sean ,All Me - Drake  feat.  2 Chainz  &  Big Sean 
1179,749aad94-2999-4315-b755-83c83fea3008,3f3341ea-2219-4954-974d-c7717ce48af7,The Neighbourhood,The Neighbourhood  feat.  Skeme  &  OG Maco ,*NSTYNCT - The Neighbourhood  feat.  Skeme  &  OG Maco 
1179,749aad94-2999-4315-b755-83c83fea3008,3f3341ea-2219-4954-974d-c7717ce48af7,Skeme,The Neighbourhood  feat.  Skeme  &  OG Maco ,*NSTYNCT - The Neighbourhood  feat.  Skeme  &  OG Maco 
1179,749aad94-2999-4315-b755-83c83fea3008,3f3341ea-2219-4954-974d-c7717ce48af7,OG Maco,The Neighbourhood  feat.  Skeme  &  OG Maco ,*NSTYNCT - The Neighbourhood  feat.  Skeme  &  OG Maco 
1180,1de83856-2cd6-428d-b765-60794d5380a9,69e8e32c-ca45-4a2d-91a0-971c5a0f8186,Set It Off,Set It Off,Lonely Dance - Set It Off
1181,8c3c5b28-8312-4906-825c-fb63efe0543a,a0e3f404-3d7e-449e-81e8-ea2e15ae58a8,The Neighbourhood,The Neighbourhood,Female Robbery - The Neighbourhood
1182,23be3d59-1ca3-4a83-a278-09c572b7087c,1f1f1d47-4ec1-4ce5-a681-6ca08d11c079,Jason Aldean,Jason Aldean,Dirt Road Anthem - Jason Aldean
1183,8b4d0c41-18d7-4c7b-8ab1-185da940c3ae,cfc0ced5-ade3-433a-81ca-823b2c011715,The Word Alive,The Word Alive,Thank You - The Word Alive
1184,b42e59c5-ecbe-4c99-b793-af04625abd90,eb5af8a1-7770-4f7d-acb8-196e0be2dac0,Sleep Token,Sleep Token,Drag Me Under - Sleep Token
1185,efa6c040-41c1-46d5-bad9-9897be74a2ad,57014b95-d661-4a89-bf6c-cc707e45dff4,Sleep Theory,Sleep Theory,Stuck in My Head - Sleep Theory
1186,b2b715ae-3a6a-4b8d-87d5-4a9a7691f9c7,73e931a1-579c-44de-84bf-8f7bfc3c9fab,Sleep Theory,Sleep Theory,Another Way - Sleep Theory
1187,9650ac2f-6707-4b56-b989-15735ddc5416,5d8cd06d-916a-4aad-966b-9dba216861ab,Sleep Theory,Sleep Theory,Words Are Worthless - Sleep Theory
1188,a03f9eea-01a8-499d-bb0a-7a32cc1dbf9c,de23705a-37c5-47d5-a842-8390fcb552da,Sleep Theory,Sleep Theory,Fallout - Sleep Theory
1189,45554421-456a-49c0-ad8e-1ac6fb76e92e,35606333-58c7-49a9-849e-67ddeb30190a,Nevertel,Nevertel  feat.  Sleep Theory ,Break the Silence - Nevertel  feat.  Sleep Theory 
1189,45554421-456a-49c0-ad8e-1ac6fb76e92e,35606333-58c7-49a9-849e-67ddeb30190a,Sleep Theory,Nevertel  feat.  Sleep Theory ,Break the Silence - Nevertel  feat.  Sleep Theory 
1190,6e804d2c-ec9b-461a-af09-b25de4b134ec,0408c747-8682-4117-ab2b-5ecf011fed01,Sleep Theory,Sleep Theory,Paralyzed - Sleep Theory
1191,45b5ed8f-d19e-466b-9b1f-f27fdc1e5820,859d33b5-9cb3-423d-bcf9-a652d02734d7,Sleep Theory,Sleep Theory,It’s Over - Sleep Theory
1192,6343a513-fe10-450d-9700-5d0f6b883ade,cb8251ae-67ba-45ff-a937-172502bc5b11,J. Cole,J. Cole,Ocean Way - J. Cole
1193,78cc8592-dc65-4149-a447-1b27be0769ce,4d603b04-cf23-4493-885a-d135c8215616,J. Cole,J. Cole,and the whole world is the Ville - J. Cole
1194,46e22bc6-373e-4129-889e-1da211c022d1,a2625b61-ab44-4743-a4c3-220aa9d1623e,J. Cole,J. Cole,Quik Stop - J. Cole
1195,1025b9c5-7e2d-446d-91bf-ec62443e830f,30e8eaff-c859-4f0a-bb05-6745a55bff0f,J. Cole,J. Cole  with  Morray ,What If - J. Cole  with  Morray 
1195,1025b9c5-7e2d-446d-91bf-ec62443e830f,30e8eaff-c859-4f0a-bb05-6745a55bff0f,Morray,J. Cole  with  Morray ,What If - J. Cole  with  Morray 
1196,793ff947-141b-4065-bdb3-8f1168271750,3bb9e2b4-6618-4d6f-af39-ead88bae34e9,J. Cole,J. Cole,I Love Her Again - J. Cole
1197,41b64430-01e2-405a-9ac7-47947df44a1a,c40812ba-b9be-4d58-b961-09db083c4ad5,J. Cole,J. Cole,Man Up Above - J. Cole
1198,70bcf06f-09e8-4802-92c4-1b523a1613d9,bb01dc05-dfc7-4869-ab05-0c24de487b34,J. Cole,J. Cole  with  Burna Boy ,Only You - J. Cole  with  Burna Boy 
1198,70bcf06f-09e8-4802-92c4-1b523a1613d9,bb01dc05-dfc7-4869-ab05-0c24de487b34,Burna Boy,J. Cole  with  Burna Boy ,Only You - J. Cole  with  Burna Boy 
1199,1a670a5e-2d2a-4857-94a8-6c3502f3fd37,9854802b-2108-46d5-a512-ba126725b034,J. Cole,J. Cole,Life Sentence - J. Cole
1200,7bc6a993-f731-492d-8920-dea991311683,f957d1f4-e81c-4766-9585-a1611d4231d5,J. Cole,J. Cole  with  Petey Pablo ,Old Dog - J. Cole  with  Petey Pablo 
1200,7bc6a993-f731-492d-8920-dea991311683,f957d1f4-e81c-4766-9585-a1611d4231d5,Petey Pablo,J. Cole  with  Petey Pablo ,Old Dog - J. Cole  with  Petey Pablo 
1201,8c5da1d8-b5b3-4a95-92b4-67715e6bc298,e5ff4b85-7ced-48a6-994b-f334db32749f,J. Cole,J. Cole  with  Erykah Badu ,The Villest - J. Cole  with  Erykah Badu 
1201,8c5da1d8-b5b3-4a95-92b4-67715e6bc298,e5ff4b85-7ced-48a6-994b-f334db32749f,Erykah Badu,J. Cole  with  Erykah Badu ,The Villest - J. Cole  with  Erykah Badu 
1202,264371f7-0841-48dc-8b19-0c01defc390e,fd69efd1-fce5-49aa-96b6-c10c51d3404b,J. Cole,J. Cole,The Fall-Off is Inevitable - J. Cole
1203,756579c7-4ef0-4724-a7a1-ad4b43636b41,0ee11164-dd40-4d62-b44e-f8966232629c,J. Cole,J. Cole,Lonely at the Top - J. Cole
1204,699c8916-9a80-4cfd-81fa-d428cc3a1828,2b610050-12ca-4fc3-aa55-09c06db7bd53,J. Cole,J. Cole,Bombs in the Ville / Hit the Gas - J. Cole
1205,f4be0dc6-7d3a-4bff-ae0e-0a4be0528b5e,c8fcb48e-18af-48b6-b634-0fc0e3032d73,J. Cole,J. Cole,The Let Out - J. Cole
1206,4e9decb6-b44b-4dc6-9d3c-bb4152c4dd46,dbac67b6-0235-4d30-a8be-b7220afb1cb0,J. Cole,J. Cole,Drum n Bass - J. Cole
1207,23363598-87cc-4c1e-820c-a80f1245180a,3efaab32-5731-4d5e-bd64-a5aa887035a2,J. Cole,J. Cole  with  Future  &  Tems ,Bunce Road Blues - J. Cole  with  Future  &  Tems 
1207,23363598-87cc-4c1e-820c-a80f1245180a,3efaab32-5731-4d5e-bd64-a5aa887035a2,Future,J. Cole  with  Future  &  Tems ,Bunce Road Blues - J. Cole  with  Future  &  Tems 
1207,23363598-87cc-4c1e-820c-a80f1245180a,3efaab32-5731-4d5e-bd64-a5aa887035a2,Tems,J. Cole  with  Future  &  Tems ,Bunce Road Blues - J. Cole  with  Future  &  Tems 
1208,2d61b1d7-7e02-45e7-a826-9039ea3627b2,978435e7-dd9f-43de-b198-70b93110de07,J. Cole,J. Cole  with  PJ ,Legacy - J. Cole  with  PJ 
1208,2d61b1d7-7e02-45e7-a826-9039ea3627b2,978435e7-dd9f-43de-b198-70b93110de07,PJ,J. Cole  with  PJ ,Legacy - J. Cole  with  PJ 
1209,a9cf4104-d7bc-4694-bcad-cbd570b76723,c04be46a-a86d-46ff-8ef2-c0beb53dc42e,J. Cole,J. Cole,Poor Thang - J. Cole
1210,97b3c44e-e723-475a-809d-483ecd7f9719,123a26b4-f63c-40e2-ac3d-01270cee8e20,J. Cole,J. Cole  with  Future ,Run a Train - J. Cole  with  Future 
1210,97b3c44e-e723-475a-809d-483ecd7f9719,123a26b4-f63c-40e2-ac3d-01270cee8e20,Future,J. Cole  with  Future ,Run a Train - J. Cole  with  Future 
1211,9fa503c6-ce2c-4cbb-bfb8-33fa517402ca,7d3c6244-12c2-48b8-a17d-c71540d2432c,J. Cole,J. Cole,SAFETY - J. Cole
1212,fef3cc28-974d-46b1-8885-daa4ff0a88c9,3c7c65b5-e137-406c-a454-5dc140ace1cc,J. Cole,J. Cole,Two Six - J. Cole
1213,0c966b46-e333-410c-b19b-69ceb3dc7643,b839c98c-6d80-404b-9170-2227bc2439d0,SAVE US,SAVE US,Descend - SAVE US
1214,a5796b87-1df8-4589-9353-260261e7428b,c903c97d-5bb4-40bd-b2d4-1d4adfb092a0,Siamese,Siamese,B.A.N.A.N.A.S - Siamese
1215,5e03b6e6-1f25-4688-80be-766ff299ac24,c0aa8d98-c426-4f32-86a5-0262e1dd3633,Honey Revenge,Honey Revenge,Airhead - Honey Revenge
1216,a94da6d2-5c09-4bf4-a106-2f48c1d2f802,9c78fe42-c3ac-4ea3-b6af-e5b7e397a30f,breakk.away,breakk.away,I’ll See You When the Night Comes - breakk.away
1217,01f80aed-4ee2-4321-b046-7f2bcd29c61f,bb3dbfd9-25ba-4de3-bc37-2453975c773a,Emarosa,Emarosa,Don’t Cry - Emarosa
1218,c0fd0a33-7daf-46e1-8e75-98d6e10a1f2b,73e1f9e2-852b-4845-a92d-f851042de67c,Pierce the Veil,Pierce the Veil,Yeah Boy and Doll Face - Pierce the Veil
1219,acaa436d-32fc-4a53-b85b-1516189dabc9,6ad0cea9-50b9-4f87-9639-5e98806b1452,Pierce the Veil,Pierce the Veil,Circles - Pierce the Veil
1220,88d0ad98-5105-4ada-a8f4-39b01da287f9,7a1bd480-e23e-4ef2-8584-d2ef42f5b9ea,Pierce the Veil,Pierce the Veil,Song for Isabelle - Pierce the Veil
1221,b2765cd4-dea8-4d65-b342-bbe5690c73a1,9b5d42f1-fda7-43ce-9a4f-738397d4b946,Pierce the Veil,Pierce the Veil,The Sky Under the Sea - Pierce the Veil
1222,472da076-46c0-4c13-9164-0b3032d16b28,a66337b3-7b47-449a-ad2f-ebbdc6ceac35,Pierce the Veil,Pierce the Veil,Sambuka - Pierce the Veil
1223,e08dc12e-355b-4f76-96fa-3c3203749fce,dc04000c-fc3f-4110-bb63-f6cf37ccbf1e,Pierce the Veil,Pierce the Veil,Drella - Pierce the Veil
1224,eacce04f-5221-4397-b6f3-db5a5a4ddf23,6d50fae7-e9ac-43ff-9c1f-10882afa2f42,Pierce the Veil,Pierce the Veil,The Jaws of Life - Pierce the Veil
1225,c091ec98-1d25-47b0-a58e-eb773d5c4af0,4f063ddc-bfb1-4209-a5c9-8fe7244a2730,Pierce the Veil,Pierce the Veil,Hell Above - Pierce the Veil
1226,e3e9d72f-2ddd-49f2-844d-02c3e64f3469,0c215bdc-65b7-417a-9cfa-d6a5933341bc,Memphis May Fire,Memphis May Fire,Make Believe - Memphis May Fire
1227,8830905c-c708-4af9-8adb-d274e27e809b,1ae6828a-9cda-4dd9-839c-a24cb90c3f74,Pierce the Veil,Pierce the Veil,The First Punch - Pierce the Veil
1228,eaad167a-6d93-4609-b3e0-3e614bb9b14a,fddb92b8-f9f1-4545-9d7d-bf2931bd9b54,Don Toliver,Don Toliver,ATM - Don Toliver
1229,37dbc67b-d26f-4916-9237-3b24940a82c3,271ba79a-2bce-4f19-b8ee-2fd577f75485,Written by Wolves,Written by Wolves,Genius - Written by Wolves
1230,6f65cc01-19fd-468c-ac04-3d77622ea180,68f6c1a3-382c-4f46-8250-597fe8134982,Sleep Token,Sleep Token,Fall for Me - Sleep Token
1231,065a740b-1c83-415f-b698-46d35c757883,5f233bff-613e-43d3-a537-6c03e7c3424b,Sleep Token,Sleep Token,The Night Does Not Belong to God - Sleep Token
1232,70fb0a06-032a-4ba7-8d92-a0e8d74d255e,87dc6f03-9e91-4eaa-8cfc-8809d560189a,Asking Alexandria,Asking Alexandria,Psycho - Asking Alexandria
1233,1655a631-a546-4562-99aa-54376de72921,53c45d5f-c284-4a1c-8f94-8a04099bbb28,Chase Atlantic,Chase Atlantic,Swim - Chase Atlantic
1234,fd684445-00f0-4f42-aeaf-1eeff88f166d,f2ec3b75-8f32-45ba-970f-05d994e1fd19,JID,JID  &  Baby Kia ,On McAfee - JID  &  Baby Kia 
1234,fd684445-00f0-4f42-aeaf-1eeff88f166d,f2ec3b75-8f32-45ba-970f-05d994e1fd19,Baby Kia,JID  &  Baby Kia ,On McAfee - JID  &  Baby Kia 
1235,d1dea23f-3e49-40c8-8616-f593ad8fbfa8,75156955-7d8d-4f37-94a9-4593a5da4ea5,Tyler,Tyler,OKRA - Tyler
1236,f85a4540-5a5e-4f60-9f16-046a41505a83,11a217c7-4fd5-43d7-89fb-ef4f416e101a,Eminem,Eminem  feat.  JID ,Fuel - Eminem  feat.  JID 
1236,f85a4540-5a5e-4f60-9f16-046a41505a83,11a217c7-4fd5-43d7-89fb-ef4f416e101a,JID,Eminem  feat.  JID ,Fuel - Eminem  feat.  JID 
1237,239a6c13-06f2-4997-b79e-c42fa8047527,05bff6a0-146d-4f8b-9c20-01f9badc48b7,Baby Keem,Baby Keem  &  Kendrick Lamar ,range brothers - Baby Keem  &  Kendrick Lamar 
1237,239a6c13-06f2-4997-b79e-c42fa8047527,05bff6a0-146d-4f8b-9c20-01f9badc48b7,Kendrick Lamar,Baby Keem  &  Kendrick Lamar ,range brothers - Baby Keem  &  Kendrick Lamar 
1238,80071545-5537-4a95-bf2d-2b6f9671f3ba,52edb59a-0ae6-4678-b43b-160b4dbfb56d,Young Stoner Life,"Young Stoner Life ,  Young Thug  &  Meek Mill  feat.  T‐Shyne ","That Go! - Young Stoner Life ,  Young Thug  &  Meek Mill  feat.  T‐Shyne "
1238,80071545-5537-4a95-bf2d-2b6f9671f3ba,52edb59a-0ae6-4678-b43b-160b4dbfb56d,Young Thug,"Young Stoner Life ,  Young Thug  &  Meek Mill  feat.  T‐Shyne ","That Go! - Young Stoner Life ,  Young Thug  &  Meek Mill  feat.  T‐Shyne "
1238,80071545-5537-4a95-bf2d-2b6f9671f3ba,52edb59a-0ae6-4678-b43b-160b4dbfb56d,Meek Mill,"Young Stoner Life ,  Young Thug  &  Meek Mill  feat.  T‐Shyne ","That Go! - Young Stoner Life ,  Young Thug  &  Meek Mill  feat.  T‐Shyne "
1238,80071545-5537-4a95-bf2d-2b6f9671f3ba,52edb59a-0ae6-4678-b43b-160b4dbfb56d,T‐Shyne,"Young Stoner Life ,  Young Thug  &  Meek Mill  feat.  T‐Shyne ","That Go! - Young Stoner Life ,  Young Thug  &  Meek Mill  feat.  T‐Shyne "
1239,ac192aa5-c3e0-4f6a-859a-b888f4418278,25ef6e47-9972-45e0-ac45-1dd17df3cbb1,Dreamville,"Dreamville ,  Ari Lennox  &  Omen  feat.  Ty Dolla $ign  &  Dreezy ","Got Me - Dreamville ,  Ari Lennox  &  Omen  feat.  Ty Dolla $ign  &  Dreezy "
1239,ac192aa5-c3e0-4f6a-859a-b888f4418278,25ef6e47-9972-45e0-ac45-1dd17df3cbb1,Ari Lennox,"Dreamville ,  Ari Lennox  &  Omen  feat.  Ty Dolla $ign  &  Dreezy ","Got Me - Dreamville ,  Ari Lennox  &  Omen  feat.  Ty Dolla $ign  &  Dreezy "
1239,ac192aa5-c3e0-4f6a-859a-b888f4418278,25ef6e47-9972-45e0-ac45-1dd17df3cbb1,Omen,"Dreamville ,  Ari Lennox  &  Omen  feat.  Ty Dolla $ign  &  Dreezy ","Got Me - Dreamville ,  Ari Lennox  &  Omen  feat.  Ty Dolla $ign  &  Dreezy "
1239,ac192aa5-c3e0-4f6a-859a-b888f4418278,25ef6e47-9972-45e0-ac45-1dd17df3cbb1,Ty Dolla $ign,"Dreamville ,  Ari Lennox  &  Omen  feat.  Ty Dolla $ign  &  Dreezy ","Got Me - Dreamville ,  Ari Lennox  &  Omen  feat.  Ty Dolla $ign  &  Dreezy "
1239,ac192aa5-c3e0-4f6a-859a-b888f4418278,25ef6e47-9972-45e0-ac45-1dd17df3cbb1,Dreezy,"Dreamville ,  Ari Lennox  &  Omen  feat.  Ty Dolla $ign  &  Dreezy ","Got Me - Dreamville ,  Ari Lennox  &  Omen  feat.  Ty Dolla $ign  &  Dreezy "
1240,086b9db9-4920-40a4-8e20-19cfc875bf81,6ef841df-8bc7-496d-8414-cfa22dd12aa6,Holywatr,Holywatr  &  juuku ,Without u - rock version demo - Holywatr  &  juuku 
1240,086b9db9-4920-40a4-8e20-19cfc875bf81,6ef841df-8bc7-496d-8414-cfa22dd12aa6,juuku,Holywatr  &  juuku ,Without u - rock version demo - Holywatr  &  juuku 
1241,27bcaa47-b9f3-4b59-8a1c-f6b4eb0967c2,faa94bd2-f31d-4eda-90c3-8b2eaf860939,WWE,WWE  &  def rebel  featuring  Motionless in White ,Demon In Your Dreams (Rhea Ripley) - WWE  &  def rebel  featuring  Motionless in White 
1241,27bcaa47-b9f3-4b59-8a1c-f6b4eb0967c2,faa94bd2-f31d-4eda-90c3-8b2eaf860939,def rebel,WWE  &  def rebel  featuring  Motionless in White ,Demon In Your Dreams (Rhea Ripley) - WWE  &  def rebel  featuring  Motionless in White 
1241,27bcaa47-b9f3-4b59-8a1c-f6b4eb0967c2,faa94bd2-f31d-4eda-90c3-8b2eaf860939,Motionless in White,WWE  &  def rebel  featuring  Motionless in White ,Demon In Your Dreams (Rhea Ripley) - WWE  &  def rebel  featuring  Motionless in White 
1242,0dcf636d-59a2-4d52-9eff-9834765ae04d,db2fbdc9-78bc-4834-8ee6-d84c0b7100f0,Royale Lynn,Royale Lynn  feat.  Danny Worsnop ,Death Wish - Royale Lynn  feat.  Danny Worsnop 
1242,0dcf636d-59a2-4d52-9eff-9834765ae04d,db2fbdc9-78bc-4834-8ee6-d84c0b7100f0,Danny Worsnop,Royale Lynn  feat.  Danny Worsnop ,Death Wish - Royale Lynn  feat.  Danny Worsnop 
1243,cd357d1f-7d2e-4b2d-a105-63ae9297e73a,336a7ab5-422f-4c05-90f5-f09931daaafd,SZA,SZA  with  Kendrick Lamar ,30 for 30 - SZA  with  Kendrick Lamar 
1243,cd357d1f-7d2e-4b2d-a105-63ae9297e73a,336a7ab5-422f-4c05-90f5-f09931daaafd,Kendrick Lamar,SZA  with  Kendrick Lamar ,30 for 30 - SZA  with  Kendrick Lamar 
1244,c42d5803-a1de-484a-9125-281fe7b3d678,ec0a778c-979a-453b-ad2c-87169f497dca,Lil Uzi Vert,Lil Uzi Vert,What You Saying - Lil Uzi Vert
1245,d55b8305-f592-4495-b2e7-6ec00ee151bd,3ea520d6-e3a6-478b-a184-8121ded06f16,Doechii,Doechii  &  SZA ,"girl, get up. - Doechii  &  SZA "
1245,d55b8305-f592-4495-b2e7-6ec00ee151bd,3ea520d6-e3a6-478b-a184-8121ded06f16,SZA,Doechii  &  SZA ,"girl, get up. - Doechii  &  SZA "
1246,dda8b05a-88f9-4cbc-8ecc-49408fc34392,20e59bfe-4197-4f8c-aacf-a0bdeaaa927e,Of Virtue,Of Virtue,Cut Me Open - Of Virtue
1247,71990665-f004-4f61-8d03-1b055a55eb2d,5b002c53-6269-47b2-b7ee-207b8df4a3ba,The Ghost Inside,The Ghost Inside,Wash It Away - The Ghost Inside
1248,523dfdd7-6f39-44df-80a2-a681f738ed96,e10a3196-f052-4fcc-805f-3f9f9e970f67,I Prevail,I Prevail,The Negative - I Prevail
1249,8ffc9ec7-9c11-46a2-add0-1aa9e8c07526,cc10c277-1a8d-45d6-a4cc-6c3a7f0e7ad3,Motionless in White,Motionless in White,Werewolf - Motionless in White
1250,bc2ca8af-306b-49f1-9268-841a1c1d4f2e,b64464ce-148a-4666-bd66-c29d69dbd80c,Eva Under Fire,Eva Under Fire  feat.  Spencer Charnas of Ice Nine Kills ,Blow - Eva Under Fire  feat.  Spencer Charnas of Ice Nine Kills 
1250,bc2ca8af-306b-49f1-9268-841a1c1d4f2e,b64464ce-148a-4666-bd66-c29d69dbd80c,Spencer Charnas of Ice Nine Kills,Eva Under Fire  feat.  Spencer Charnas of Ice Nine Kills ,Blow - Eva Under Fire  feat.  Spencer Charnas of Ice Nine Kills 
1251,9d197112-f402-45ec-82fe-025a46f3882d,71a3d109-d395-4423-89f0-4c8e1af798e8,Motionless in White,Motionless in White,Brand New Numb - Motionless in White
1252,eb3d378b-0870-424f-91d0-076f3b87b211,f18849e6-e805-4bbb-ab79-f2d4f0a236e5,Dead Rabbitts,"Dead Rabbitts ,  Escape the Fate  &  Lauren Babic ","Mistake - Dead Rabbitts ,  Escape the Fate  &  Lauren Babic "
1252,eb3d378b-0870-424f-91d0-076f3b87b211,f18849e6-e805-4bbb-ab79-f2d4f0a236e5,Escape the Fate,"Dead Rabbitts ,  Escape the Fate  &  Lauren Babic ","Mistake - Dead Rabbitts ,  Escape the Fate  &  Lauren Babic "
1252,eb3d378b-0870-424f-91d0-076f3b87b211,f18849e6-e805-4bbb-ab79-f2d4f0a236e5,Lauren Babic,"Dead Rabbitts ,  Escape the Fate  &  Lauren Babic ","Mistake - Dead Rabbitts ,  Escape the Fate  &  Lauren Babic "
1253,72d79bb6-5705-44fa-b582-1a341ee1035a,1a8a35b4-7aaf-4fda-874e-14091399a514,Asking Alexandria,Asking Alexandria,Let Go - Asking Alexandria
1254,f506b9ab-f753-468f-80c0-c0e4df7398ba,c44c6927-57c8-4846-ae8c-171af9666ebb,Invent Animate,Invent Animate,Sleepless Deathbed - Invent Animate
1255,a4578882-dc16-4adb-8d46-e2a77a9a8774,a1a42f8a-bef2-4611-826a-254928e4a2ad,Denzel Curry,"Denzel Curry ,  LAZER DIM 700  &  Bktherula ","STILL IN THE PAINT - Denzel Curry ,  LAZER DIM 700  &  Bktherula "
1255,a4578882-dc16-4adb-8d46-e2a77a9a8774,a1a42f8a-bef2-4611-826a-254928e4a2ad,LAZER DIM 700,"Denzel Curry ,  LAZER DIM 700  &  Bktherula ","STILL IN THE PAINT - Denzel Curry ,  LAZER DIM 700  &  Bktherula "
1255,a4578882-dc16-4adb-8d46-e2a77a9a8774,a1a42f8a-bef2-4611-826a-254928e4a2ad,Bktherula,"Denzel Curry ,  LAZER DIM 700  &  Bktherula ","STILL IN THE PAINT - Denzel Curry ,  LAZER DIM 700  &  Bktherula "
1256,9ccfd2e6-117c-401a-9e55-5c841ea54748,cb2868cc-f105-4e75-ba82-5ceb24cbefbd,Dance Gavin Dance,Dance Gavin Dance,And I Told Them I Invented Times New Roman - Dance Gavin Dance
1257,1fb53eb1-ab6e-495a-95ff-bfe50a098043,2fda5a53-e685-473f-b990-07f63ba9de7d,Drake,Drake,Know Yourself - Drake
1258,40d3cbf5-d870-4956-ac79-3a1c29bfe197,e6002c7f-0ef9-4f76-a26f-d20011036ac2,The Smashing Pumpkins,The Smashing Pumpkins,Beguiled - The Smashing Pumpkins
1259,ece6e3ac-e53f-4b03-999c-207d5ee337a5,6c240f4b-f4ab-4b31-9fe7-46fe1262a583,ScHoolboy Q,ScHoolboy Q  feat.  AzChike ,Movie - ScHoolboy Q  feat.  AzChike 
1259,ece6e3ac-e53f-4b03-999c-207d5ee337a5,6c240f4b-f4ab-4b31-9fe7-46fe1262a583,AzChike,ScHoolboy Q  feat.  AzChike ,Movie - ScHoolboy Q  feat.  AzChike 
1260,e1cb6e5d-436b-427b-9f49-3ab83d50a0da,f24e6453-f3a2-4c5c-aae4-2950a4486030,A$AP Mob,"A$AP Mob  feat.  A$AP Rocky ,  Tyler, The Creator ,  Playboi Carti  &  Yung Gleesh ","Telephone Calls - A$AP Mob  feat.  A$AP Rocky ,  Tyler, The Creator ,  Playboi Carti  &  Yung Gleesh "
1260,e1cb6e5d-436b-427b-9f49-3ab83d50a0da,f24e6453-f3a2-4c5c-aae4-2950a4486030,A$AP Rocky,"A$AP Mob  feat.  A$AP Rocky ,  Tyler, The Creator ,  Playboi Carti  &  Yung Gleesh ","Telephone Calls - A$AP Mob  feat.  A$AP Rocky ,  Tyler, The Creator ,  Playboi Carti  &  Yung Gleesh "
1260,e1cb6e5d-436b-427b-9f49-3ab83d50a0da,f24e6453-f3a2-4c5c-aae4-2950a4486030,"Tyler, The Creator","A$AP Mob  feat.  A$AP Rocky ,  Tyler, The Creator ,  Playboi Carti  &  Yung Gleesh ","Telephone Calls - A$AP Mob  feat.  A$AP Rocky ,  Tyler, The Creator ,  Playboi Carti  &  Yung Gleesh "
1260,e1cb6e5d-436b-427b-9f49-3ab83d50a0da,f24e6453-f3a2-4c5c-aae4-2950a4486030,Playboi Carti,"A$AP Mob  feat.  A$AP Rocky ,  Tyler, The Creator ,  Playboi Carti  &  Yung Gleesh ","Telephone Calls - A$AP Mob  feat.  A$AP Rocky ,  Tyler, The Creator ,  Playboi Carti  &  Yung Gleesh "
1260,e1cb6e5d-436b-427b-9f49-3ab83d50a0da,f24e6453-f3a2-4c5c-aae4-2950a4486030,Yung Gleesh,"A$AP Mob  feat.  A$AP Rocky ,  Tyler, The Creator ,  Playboi Carti  &  Yung Gleesh ","Telephone Calls - A$AP Mob  feat.  A$AP Rocky ,  Tyler, The Creator ,  Playboi Carti  &  Yung Gleesh "
1261,0fce9583-eeb7-4507-a908-831ae82fc746,2310544e-003a-4d85-aa96-634a55023954,A$AP Rocky,A$AP Rocky,Sundress - A$AP Rocky
1262,2ea2d9dc-5b97-4b0e-98f2-904bfa735612,8d9eec9c-1703-4496-b851-0c40fdb6f516,J. Cole,J. Cole,BRACKETS - J. Cole
1263,f0def963-3080-4030-8440-61b815e4a2ec,43e2a217-bb38-40a9-88f7-ad9dfb2f91b6,Metro Boomin,Metro Boomin  feat.  Future  &  Chris Brown ,Superhero (Heroes & Villains) - Metro Boomin  feat.  Future  &  Chris Brown 
1263,f0def963-3080-4030-8440-61b815e4a2ec,43e2a217-bb38-40a9-88f7-ad9dfb2f91b6,Future,Metro Boomin  feat.  Future  &  Chris Brown ,Superhero (Heroes & Villains) - Metro Boomin  feat.  Future  &  Chris Brown 
1263,f0def963-3080-4030-8440-61b815e4a2ec,43e2a217-bb38-40a9-88f7-ad9dfb2f91b6,Chris Brown,Metro Boomin  feat.  Future  &  Chris Brown ,Superhero (Heroes & Villains) - Metro Boomin  feat.  Future  &  Chris Brown 
1264,c81f37f9-e84e-4734-b768-220457f3219f,898478bd-7d5c-4d00-b28b-3ba13933cb38,Sleeping With Sirens,Sleeping With Sirens,Ghost - Sleeping With Sirens
1265,01ec7994-57e4-4ca4-9e76-f07766bbe5c0,fd9d5344-379d-4cc5-9b4b-88cdd6ed9e76,Sleeping With Sirens,Sleeping With Sirens  feat.  Spencer Chamberlain ,Crosses - Sleeping With Sirens  feat.  Spencer Chamberlain 
1265,01ec7994-57e4-4ca4-9e76-f07766bbe5c0,fd9d5344-379d-4cc5-9b4b-88cdd6ed9e76,Spencer Chamberlain,Sleeping With Sirens  feat.  Spencer Chamberlain ,Crosses - Sleeping With Sirens  feat.  Spencer Chamberlain 
1266,60820cec-fe89-422d-9542-f3f4f1fef73f,372c1d5d-0a0f-44c9-a072-38733e85e32e,Sleeping With Sirens,Sleeping With Sirens,You Kill Me (In a Good Way) - Sleeping With Sirens
1267,03635a01-5373-4095-bcb8-f25161b6fd95,72aca88d-8502-4090-b686-5c89fc1a9c31,Pierce the Veil,Pierce the Veil,Floral & Fading - Pierce the Veil
1268,84d3cd1b-d42e-40ca-85ec-1f6990d760c8,d04f430a-6818-4a7f-8416-c571d0b9390f,Pierce the Veil,Pierce the Veil,Props & Mayhem - Pierce the Veil
1269,65c1ad84-f4fd-4378-878c-bdf12f0fdf2c,e7e57d30-bd5d-4463-876c-63bf70ca1f66,Sleeping With Sirens,Sleeping With Sirens,The Bomb Dot Com V2.0 - Sleeping With Sirens
1270,c82b4fd2-1293-4404-9455-7488a744d760,de38a793-3dfa-410c-a237-4ccd5cad30af,Sleeping With Sirens,Sleeping With Sirens  feat.  Benji Madden ,Never Enough - Sleeping With Sirens  feat.  Benji Madden 
1270,c82b4fd2-1293-4404-9455-7488a744d760,de38a793-3dfa-410c-a237-4ccd5cad30af,Benji Madden,Sleeping With Sirens  feat.  Benji Madden ,Never Enough - Sleeping With Sirens  feat.  Benji Madden 
1271,a5a772af-a5a4-457b-914c-06a7b72b443f,2ca99b4f-6144-4397-95e3-ecc3543d7af6,Pierce the Veil,Pierce the Veil  feat.  Jason Butler ,Tangled in the Great Escape - Pierce the Veil  feat.  Jason Butler 
1271,a5a772af-a5a4-457b-914c-06a7b72b443f,2ca99b4f-6144-4397-95e3-ecc3543d7af6,Jason Butler,Pierce the Veil  feat.  Jason Butler ,Tangled in the Great Escape - Pierce the Veil  feat.  Jason Butler 
1272,30688756-2832-43d3-b024-63ca10c0b4f7,f3b4e242-03f3-49fe-ba46-4b60b648df95,Sleeping With Sirens,Sleeping With Sirens,How It Feels to Be Lost - Sleeping With Sirens
1273,b08388d2-5263-4c76-9076-104a41a3b7b8,ae3f4886-0a4a-4624-9594-57c74c617e27,Sleeping With Sirens,Sleeping With Sirens,Family Tree - Sleeping With Sirens
1274,089e3fb3-fdc0-403d-808d-4b9cecaddb0c,2654cbca-02c2-4899-9cbd-7fa0cef358ac,Sleep Token,Sleep Token,Mine - Sleep Token
1275,7e4d20f1-1305-43e7-99eb-8bc99bdf1236,028503bf-8ebc-4ffb-80f7-6ef8e92fa085,Sleep Token,Sleep Token,Say That You Will - Sleep Token
1276,fb6f1ede-f233-4443-9ab6-3e14acf5201c,d78ee6ea-6513-47db-8c44-48c50954a38d,Sleeping With Sirens,Sleeping With Sirens,Dying to Believe - Sleeping With Sirens
1277,4686d338-ea1d-4038-a2e6-d4ec95e2f7b6,45547ebd-c8b6-4010-9b70-3b8cbd612042,The Neighbourhood,The Neighbourhood,Devil’s Advocate - The Neighbourhood
1278,d0ac9300-dbe8-44a6-902c-50e020891413,59fc9002-6d9f-4931-99f7-5c3d2c1011e5,The Neighbourhood,The Neighbourhood,Daisy Chain - The Neighbourhood
1279,04e2c322-bc23-4a06-aabb-dd8964e4cf1d,5afefe13-a09e-4228-943b-96256078c230,The Neighbourhood,The Neighbourhood,Silver Lining - The Neighbourhood
1280,547f0d5a-e25b-4098-96d0-5d03b2a2f046,bca86660-4caa-4235-be75-bfbdc900e3f4,The Neighbourhood,The Neighbourhood,Paradise - The Neighbourhood
1281,07f43fa3-d439-47f5-8d73-99a3ffb7c287,b0ea63e7-f02d-4b36-8707-cc4b082a8b5a,Little Big Town,Little Big Town,"Wine, Beer, Whiskey - Little Big Town"
1282,7e0f0404-a2e8-4e96-86e4-1d3e83027584,a16c1d19-9af2-4fce-8c48-6fb9a91be1bd,JID,JID  &  EARTHGANG ,Can’t Punk Me - JID  &  EARTHGANG 
1282,7e0f0404-a2e8-4e96-86e4-1d3e83027584,a16c1d19-9af2-4fce-8c48-6fb9a91be1bd,EARTHGANG,JID  &  EARTHGANG ,Can’t Punk Me - JID  &  EARTHGANG 
1283,9d61546f-b77a-453e-bdf2-6a47b447a7fd,b1a271f5-360e-483b-876e-21217385609c,Sleeping With Sirens,Sleeping With Sirens  feat.  Charlotte Sands ,Let You Down - Sleeping With Sirens  feat.  Charlotte Sands 
1283,9d61546f-b77a-453e-bdf2-6a47b447a7fd,b1a271f5-360e-483b-876e-21217385609c,Charlotte Sands,Sleeping With Sirens  feat.  Charlotte Sands ,Let You Down - Sleeping With Sirens  feat.  Charlotte Sands 
1284,2408db10-bd70-4489-8d0b-bbe90e97f747,28dc2225-5bbf-42d7-94ea-25b9bf672c01,Sleeping With Sirens,Sleeping With Sirens,Kick Me - Sleeping With Sirens
1285,851968ef-c3a9-4544-80df-137aca09bb2b,0a0a2c40-3119-425b-91fd-02f1aca41049,Sleeping With Sirens,Sleeping With Sirens,Break Me Down - Sleeping With Sirens
1286,1919ab73-18fd-4caf-887e-74a2d2d14cc2,3ed88f5e-9803-41fe-997d-273cd0d46f4c,Sleeping With Sirens,Sleeping With Sirens,Fly - Sleeping With Sirens
1287,c78a7b3b-fe70-4877-a2d3-60f42f81de5d,99309d50-9556-4bbb-b665-41c6c6650d2b,Sleeping With Sirens,Sleeping With Sirens,Agree to Disagree - Sleeping With Sirens
1288,be892024-a614-4145-8fc5-7e16fe27a368,bb80dd9b-21c7-42e8-bfbc-1626be1c086c,Sleeping With Sirens,Sleeping With Sirens,Talking to Myself - Sleeping With Sirens
1289,7c356168-04de-49fb-85d4-8581bdae88b8,2fd59961-1971-4f64-84ee-bad865a7ade1,Highly Suspect,Highly Suspect,16 - Highly Suspect
1290,2d97707c-4836-4ce2-a4c8-9830edc2557a,14e9b000-b3d8-453f-abb9-26fbdecf3dbc,Soundgarden,Soundgarden,Black Hole Sun - Soundgarden
1291,92508eb6-e845-4edc-b3d5-1ebb4e9705ab,fdc14ab6-3403-496b-99b3-1dd3fb4a8fa8,Drake,Drake  feat.  Quavo  &  Travis Scott ,Portland - Drake  feat.  Quavo  &  Travis Scott 
1291,92508eb6-e845-4edc-b3d5-1ebb4e9705ab,fdc14ab6-3403-496b-99b3-1dd3fb4a8fa8,Quavo,Drake  feat.  Quavo  &  Travis Scott ,Portland - Drake  feat.  Quavo  &  Travis Scott 
1291,92508eb6-e845-4edc-b3d5-1ebb4e9705ab,fdc14ab6-3403-496b-99b3-1dd3fb4a8fa8,Travis Scott,Drake  feat.  Quavo  &  Travis Scott ,Portland - Drake  feat.  Quavo  &  Travis Scott 
1292,789d5d91-5a36-44c7-b366-8459152f16eb,d1b2f554-0908-42e9-bcae-771bc7b20dc1,Future,Future  &  Metro Boomin ,GTA - Future  &  Metro Boomin 
1292,789d5d91-5a36-44c7-b366-8459152f16eb,d1b2f554-0908-42e9-bcae-771bc7b20dc1,Metro Boomin,Future  &  Metro Boomin ,GTA - Future  &  Metro Boomin 
1293,57593821-cfa1-425f-bded-0b3fbb8b7184,209571c1-0df7-4358-8059-43fbec04f7ec,Zach Bryan,Zach Bryan,Blue Jean Baby - Zach Bryan
1294,049192f4-affa-43c4-9b9c-c895b32eceac,45a9d11b-a600-4f43-83d1-136483b855a7,Zach Bryan,Zach Bryan,Motorcycle Drive By - Zach Bryan
1295,e6858878-fab4-4d99-bdf3-333084137cb3,84fa3f47-5ea1-4b6e-996c-04af3e418d4a,Noah Kahan,Noah Kahan,Maine - Noah Kahan
1296,0c74d2ad-65da-4214-8f59-3171e0364bbd,75929425-eac8-4309-b648-c785d51ad087,Noah Kahan,Noah Kahan,False Confidence - Noah Kahan
1297,b410d82d-b554-423b-aec4-30173f62d1e8,8765de54-c759-48d1-8f18-4158901d301a,Noah Kahan,Noah Kahan,Homesick - Noah Kahan
1298,404a09a0-afb8-4276-a063-11ef86fe5854,5d9665dd-f26a-41bd-a490-8d5b230a4e16,Noah Kahan,Noah Kahan,"Everywhere, Everything - Noah Kahan"
1299,c8d4a700-45e6-4d4a-a2c8-1723465210e3,fe57a3fa-883e-4dad-9d5d-0ec9ae71774f,Noah Kahan,Noah Kahan,She Calls Me Back - Noah Kahan
1300,00a3ebf2-0c38-468c-a115-4a7365630bce,c741807c-0fbe-4429-ac63-d5dc4d8c7559,Noah Kahan,Noah Kahan,All My Love - Noah Kahan
1301,c6eeda97-0412-42b5-9b8c-8c06883de912,9ec974b9-ba99-434f-942a-99d6cc567933,Noah Kahan,Noah Kahan,Northern Attitude - Noah Kahan
1302,c8e8652e-69d9-4434-83ef-d98d65dcb6e9,02f7121f-0b5e-4920-bd2b-04065c0754dd,Noah Kahan,Noah Kahan,You’re Gonna Go Far - Noah Kahan
1303,876d75c5-4592-4080-a765-c4fcbdf6fcda,90e79f4d-66d8-4501-bcd8-b9f75f4ac780,Noah Kahan,Noah Kahan,Dial Drunk - Noah Kahan
1304,08639b3d-8c22-4c88-9bb5-c53fa051ca81,6f2b4fa8-55f9-4d06-8c41-a5d5f4fca63b,Noah Kahan,Noah Kahan,Part of Me - Noah Kahan
1305,541aec89-bdc0-45d1-8a8a-c634f40435cd,e147e8e6-ac7c-4242-8374-37ab2f80afe4,Zach Bryan,Zach Bryan  feat.  Noah Kahan ,Sarah’s Place - Zach Bryan  feat.  Noah Kahan 
1305,541aec89-bdc0-45d1-8a8a-c634f40435cd,e147e8e6-ac7c-4242-8374-37ab2f80afe4,Noah Kahan,Zach Bryan  feat.  Noah Kahan ,Sarah’s Place - Zach Bryan  feat.  Noah Kahan 
1306,a4b03a0b-2f62-4777-b33a-2d62accf8e78,f6d454f4-9d17-4b4e-9bcb-ef92563e356f,Zach Bryan,Zach Bryan  ft.  War and Treaty ,Hey Driver - Zach Bryan  ft.  War and Treaty 
1306,a4b03a0b-2f62-4777-b33a-2d62accf8e78,f6d454f4-9d17-4b4e-9bcb-ef92563e356f,War and Treaty,Zach Bryan  ft.  War and Treaty ,Hey Driver - Zach Bryan  ft.  War and Treaty 
1307,38a35e19-41dd-4a5f-84b2-d7a59b659d7d,5339459c-d3b2-44c8-bf30-11feb9d2db87,Kendrick Lamar,Kendrick Lamar,HiiiPoWeR - Kendrick Lamar
1308,764d517d-0caa-4d01-ae7c-7e92abe45cbd,968091e9-0e7d-4ed7-a8a7-03af702da915,Kendrick Lamar,"Kendrick Lamar  feat.  Hitta J3 ,  Youngthreat ,  Peysoh ","gnx - Kendrick Lamar  feat.  Hitta J3 ,  Youngthreat ,  Peysoh "
1308,764d517d-0caa-4d01-ae7c-7e92abe45cbd,968091e9-0e7d-4ed7-a8a7-03af702da915,Hitta J3,"Kendrick Lamar  feat.  Hitta J3 ,  Youngthreat ,  Peysoh ","gnx - Kendrick Lamar  feat.  Hitta J3 ,  Youngthreat ,  Peysoh "
1308,764d517d-0caa-4d01-ae7c-7e92abe45cbd,968091e9-0e7d-4ed7-a8a7-03af702da915,Youngthreat,"Kendrick Lamar  feat.  Hitta J3 ,  Youngthreat ,  Peysoh ","gnx - Kendrick Lamar  feat.  Hitta J3 ,  Youngthreat ,  Peysoh "
1308,764d517d-0caa-4d01-ae7c-7e92abe45cbd,968091e9-0e7d-4ed7-a8a7-03af702da915,Peysoh,"Kendrick Lamar  feat.  Hitta J3 ,  Youngthreat ,  Peysoh ","gnx - Kendrick Lamar  feat.  Hitta J3 ,  Youngthreat ,  Peysoh "
1309,a983ba98-9a14-4caa-af9f-949d7cb4062f,51f80f16-e7af-43b3-a301-d8f94fcc6b98,Kendrick Lamar,Kendrick Lamar  with  SZA ,gloria - Kendrick Lamar  with  SZA 
1309,a983ba98-9a14-4caa-af9f-949d7cb4062f,51f80f16-e7af-43b3-a301-d8f94fcc6b98,SZA,Kendrick Lamar  with  SZA ,gloria - Kendrick Lamar  with  SZA 
1310,1c71302b-8f89-4e0b-8cef-1bfc06a17db5,194b7699-71d0-4064-9ac7-bff3735a4b03,Kendrick Lamar,Kendrick Lamar,FEEL. - Kendrick Lamar
1311,0d881398-4de1-4363-95a9-605ab52082c7,1878d513-3436-4495-a88d-08225ce9bd06,Kendrick Lamar,Kendrick Lamar,FEAR. - Kendrick Lamar
1312,05b6f014-641a-4d4b-8e26-1d02a1f4d2b6,9aa8eb37-358c-4658-a946-6e03ab66ceb2,Kendrick Lamar,Kendrick Lamar  ft.  Sampha ,Father Time - Kendrick Lamar  ft.  Sampha 
1312,05b6f014-641a-4d4b-8e26-1d02a1f4d2b6,9aa8eb37-358c-4658-a946-6e03ab66ceb2,Sampha,Kendrick Lamar  ft.  Sampha ,Father Time - Kendrick Lamar  ft.  Sampha 
1313,724f9074-f14f-4d8f-9a69-91e08df5e34e,d1253e07-ecc6-4136-9fda-a9a089d5cb59,Baby Keem,Baby Keem  &  Kendrick Lamar ,family ties - Baby Keem  &  Kendrick Lamar 
1313,724f9074-f14f-4d8f-9a69-91e08df5e34e,d1253e07-ecc6-4136-9fda-a9a089d5cb59,Kendrick Lamar,Baby Keem  &  Kendrick Lamar ,family ties - Baby Keem  &  Kendrick Lamar 
1314,38fe96fa-fd3f-4e00-9b8b-da723bf11b7c,1b81d4d9-12f1-4143-a71a-2cd629fbf0a0,Echosmith,Echosmith,Cool Kids - Echosmith
1315,1b356493-baed-4c40-90a4-2df70d8f2f9f,8b325d97-a4a0-430d-acc2-522a6b5441e6,The Neighbourhood,The Neighbourhood,How - The Neighbourhood
1316,34e7f8cc-fe6b-4247-8736-af8564d3613f,5ce32c3d-d73c-4d96-a805-bb3ee9a29ed1,The Neighbourhood,The Neighbourhood,Baby Came Home 2 / Valentines - The Neighbourhood
1317,b5deef95-442a-4002-a063-a22db9e50249,f1b3f5a1-5087-407c-beb1-cc2e5b4c565e,The Neighbourhood,The Neighbourhood,Heaven - The Neighbourhood
1318,747bd479-f25a-4330-b2e8-1339905dccd6,6585d05f-0428-4649-92b9-fb67c89e4247,NOTHING MORE,NOTHING MORE,DOWN THE RIVER - NOTHING MORE
1319,f1c9f590-c71b-4e06-9de8-71bec5c09d9e,a0351e9f-24c5-4e11-92b5-07c900d53521,AVOID,AVOID,HEAT - AVOID
1320,812fd0f7-9604-4ef2-ad2d-ad55d7c954e2,bc6d992e-8c67-45fe-96a2-2637162dcd7e,Pierce the Veil,Pierce the Veil,Bulletproof Love - Pierce the Veil
1321,6c359dd8-6fc9-4110-96bb-1b12eec5e1a7,b847f2bf-982c-4b65-84f7-444f78b20ee3,Sleep Token,Sleep Token,Past Self - Sleep Token
1322,5e5db633-cc90-4311-9e91-3143c0d49743,332c290d-ae89-406d-a1c8-af0246a5e738,XXXTENTACION,XXXTENTACION,YuNg BrAtZ - XXXTENTACION
1323,df073db6-1001-4a68-aa75-df6206f1c866,4c163285-b9eb-408f-8a28-b771b9489479,Apocalyptica,Apocalyptica  feat.  Lzzy Hale ,Talk to Me - Apocalyptica  feat.  Lzzy Hale 
1323,df073db6-1001-4a68-aa75-df6206f1c866,4c163285-b9eb-408f-8a28-b771b9489479,Lzzy Hale,Apocalyptica  feat.  Lzzy Hale ,Talk to Me - Apocalyptica  feat.  Lzzy Hale 
1324,fce93b0d-8606-4516-bc55-022da342873e,d9059bd1-9c39-4262-a257-c23641cceb79,The Neighbourhood,The Neighbourhood,Mute - The Neighbourhood
1325,071de094-011c-4a68-8e37-d7c5a9d60a1f,9ae2199c-c14b-4dbb-ac4d-91a248ccceeb,Jason Aldean,Jason Aldean,Big Green Tractor - Jason Aldean
1326,b1e2af13-9e4f-471d-9ac6-f4a85b9fb1a4,af800bd6-04bf-438f-99fc-833a0200d10c,J.I.D,J.I.D,151 Rum - J.I.D
1327,48963fdd-799c-4744-8928-ea5c106b65d1,94fbc248-9d41-4d15-bbf3-701ea3a0318c,Nick Jonas,Nick Jonas  feat.  Tove Lo ,Close - Nick Jonas  feat.  Tove Lo 
1327,48963fdd-799c-4744-8928-ea5c106b65d1,94fbc248-9d41-4d15-bbf3-701ea3a0318c,Tove Lo,Nick Jonas  feat.  Tove Lo ,Close - Nick Jonas  feat.  Tove Lo 
1328,92d274fb-2636-4f53-a497-00023b1f893d,8f848999-ebf3-40db-93f6-45064c3138ab,BRKN LOVE,BRKN LOVE,Fever Dream - BRKN LOVE
1329,03731474-0d20-4f29-910a-60e583ac33f3,5b1657a5-2e0c-4249-9488-655c7cd969a2,Denzel Curry,Denzel Curry,Ultimate - Denzel Curry
1330,0c95afb0-d3d6-4ff0-9f5d-fd67c5e66772,106533ae-cbcb-4e36-b652-11b2caa7bd9b,Luke Christopher,Luke Christopher,Selfless - Luke Christopher
1331,5ff8f3b0-fe9d-419c-81ec-0c063d3de304,8045a1a8-f17d-4d5a-a09d-f65020871611,Tucker Wetmore,Tucker Wetmore,Wind Up Missin’ You - Tucker Wetmore
1332,2d6454bd-2612-40ec-9b8c-ba90755782a7,c0184143-477e-4485-8f86-3672ee73af2f,All Time Low,All Time Low,Blinding Lights - All Time Low
1333,10790cf7-b636-4802-9c15-31c17c42ced2,04cf326e-a847-4f72-8f26-c7b97c6e42d7,Asking Alexandria,Asking Alexandria,Hopelessly Hopeful - Asking Alexandria
1334,23bc8be4-e913-4367-a31c-38f3ab1ce46f,18e2cf75-1514-4d22-81bb-05c168f36de7,The Neighbourhood,The Neighbourhood  feat.  G‐Eazy ,When I Get Back - The Neighbourhood  feat.  G‐Eazy 
1334,23bc8be4-e913-4367-a31c-38f3ab1ce46f,18e2cf75-1514-4d22-81bb-05c168f36de7,G‐Eazy,The Neighbourhood  feat.  G‐Eazy ,When I Get Back - The Neighbourhood  feat.  G‐Eazy 
1335,30d3c110-ed73-46de-a6ec-0bc921ac1a23,352fa6c0-4f94-41fa-a0d2-462513b31bb9,AVOID,AVOID,Over Now - AVOID
1336,b85f7e46-6c9b-4fac-8634-33c8733aef88,ec956a0c-5e4e-48db-b536-eed5357603f3,blackbear,blackbear,do re mi - blackbear
1337,9f2efa6e-b5e0-4407-acaf-8c36dcd7473b,7203c23a-5f31-4847-a50e-8a67bb26b43b,Ariana Grande,Ariana Grande,7 rings - Ariana Grande
1338,e49a3290-66ff-41a3-806c-9c4fab4d1e59,a6369671-2108-4c52-8680-dc03f74a9497,Papa Roach,Papa Roach,Kill the Noise - Papa Roach
1339,1d7a6787-c91f-42ee-bfba-0f3b243ef39f,540d5d28-1c1a-4158-9eaf-bc2c298f5d69,6LACK,6LACK,Ex Calling - 6LACK
1340,2d324f0c-7694-4b4a-9961-6cbf5aaaa548,f93ab292-594b-4bdd-93dd-7abc8c905314,Luke Combs,Luke Combs,Beer Never Broke My Heart - Luke Combs
1341,3b5557af-0297-4295-89e1-551c950e1e90,1b402e45-817e-421c-b09b-56dee8e544c7,The Neighbourhood,The Neighbourhood,Prey - The Neighbourhood
1342,44c1f2a2-768f-4c36-b527-5ad0ecb56d2d,985cfe18-0339-4279-9630-4a6668f90b2e,J.I.D,J.I.D,Bruuuh - J.I.D
1343,532a5f7d-f3b2-4384-96f9-1ef77c4789b1,1405fcb1-05c5-4f6f-874f-bb7eb51bbcba,JID,JID,Gz - JID
1344,82915246-27c4-4610-9e78-92ff7b02d0e1,cfbe0248-3bd8-421a-803e-ea5c2e7456f3,JID,JID  feat.  Yasiin Bey ,Stars - JID  feat.  Yasiin Bey 
1344,82915246-27c4-4610-9e78-92ff7b02d0e1,cfbe0248-3bd8-421a-803e-ea5c2e7456f3,Yasiin Bey,JID  feat.  Yasiin Bey ,Stars - JID  feat.  Yasiin Bey 
1345,6e0e6b9c-9bad-4803-8116-26258f57b0be,137ac06a-d5dc-410c-8f14-4bdd656e200f,JID,"JID ,  J. Cole ,  Kenny Mason  &  Sheck Wes ","Stick - JID ,  J. Cole ,  Kenny Mason  &  Sheck Wes "
1345,6e0e6b9c-9bad-4803-8116-26258f57b0be,137ac06a-d5dc-410c-8f14-4bdd656e200f,J. Cole,"JID ,  J. Cole ,  Kenny Mason  &  Sheck Wes ","Stick - JID ,  J. Cole ,  Kenny Mason  &  Sheck Wes "
1345,6e0e6b9c-9bad-4803-8116-26258f57b0be,137ac06a-d5dc-410c-8f14-4bdd656e200f,Kenny Mason,"JID ,  J. Cole ,  Kenny Mason  &  Sheck Wes ","Stick - JID ,  J. Cole ,  Kenny Mason  &  Sheck Wes "
1345,6e0e6b9c-9bad-4803-8116-26258f57b0be,137ac06a-d5dc-410c-8f14-4bdd656e200f,Sheck Wes,"JID ,  J. Cole ,  Kenny Mason  &  Sheck Wes ","Stick - JID ,  J. Cole ,  Kenny Mason  &  Sheck Wes "
1346,2cf6d4b2-3861-47cd-b145-8abf0f4da116,81053f7a-bc1e-4df3-b334-4ae881d9e42c,J.I.D,J.I.D,EdEddnEddy - J.I.D
1347,dcfa4d3d-ecf7-4b6f-bff4-5b76c47c1dff,736272d2-6f6b-49b1-baa6-ce9a3f711ff4,JID,JID,K‐Word - JID
1348,fa7ac2bf-790e-44dd-987d-83d897878a07,2b57cf52-a8b9-4890-874f-b84fda86e746,Dreamville,"Dreamville ,  Bas  &  JID  feat.  Guapdad 4000 ,  Reese LAFLARE ,  Jace ,  Mez ,  Smokepurpp ,  Buddy  &  Ski Mask the Slump God ","Costa Rica - Dreamville ,  Bas  &  JID  feat.  Guapdad 4000 ,  Reese LAFLARE ,  Jace ,  Mez ,  Smokepurpp ,  Buddy  &  Ski Mask the Slump God "
1348,fa7ac2bf-790e-44dd-987d-83d897878a07,2b57cf52-a8b9-4890-874f-b84fda86e746,Bas,"Dreamville ,  Bas  &  JID  feat.  Guapdad 4000 ,  Reese LAFLARE ,  Jace ,  Mez ,  Smokepurpp ,  Buddy  &  Ski Mask the Slump God ","Costa Rica - Dreamville ,  Bas  &  JID  feat.  Guapdad 4000 ,  Reese LAFLARE ,  Jace ,  Mez ,  Smokepurpp ,  Buddy  &  Ski Mask the Slump God "
1348,fa7ac2bf-790e-44dd-987d-83d897878a07,2b57cf52-a8b9-4890-874f-b84fda86e746,JID,"Dreamville ,  Bas  &  JID  feat.  Guapdad 4000 ,  Reese LAFLARE ,  Jace ,  Mez ,  Smokepurpp ,  Buddy  &  Ski Mask the Slump God ","Costa Rica - Dreamville ,  Bas  &  JID  feat.  Guapdad 4000 ,  Reese LAFLARE ,  Jace ,  Mez ,  Smokepurpp ,  Buddy  &  Ski Mask the Slump God "
1348,fa7ac2bf-790e-44dd-987d-83d897878a07,2b57cf52-a8b9-4890-874f-b84fda86e746,Guapdad 4000,"Dreamville ,  Bas  &  JID  feat.  Guapdad 4000 ,  Reese LAFLARE ,  Jace ,  Mez ,  Smokepurpp ,  Buddy  &  Ski Mask the Slump God ","Costa Rica - Dreamville ,  Bas  &  JID  feat.  Guapdad 4000 ,  Reese LAFLARE ,  Jace ,  Mez ,  Smokepurpp ,  Buddy  &  Ski Mask the Slump God "
1348,fa7ac2bf-790e-44dd-987d-83d897878a07,2b57cf52-a8b9-4890-874f-b84fda86e746,Reese LAFLARE,"Dreamville ,  Bas  &  JID  feat.  Guapdad 4000 ,  Reese LAFLARE ,  Jace ,  Mez ,  Smokepurpp ,  Buddy  &  Ski Mask the Slump God ","Costa Rica - Dreamville ,  Bas  &  JID  feat.  Guapdad 4000 ,  Reese LAFLARE ,  Jace ,  Mez ,  Smokepurpp ,  Buddy  &  Ski Mask the Slump God "
1348,fa7ac2bf-790e-44dd-987d-83d897878a07,2b57cf52-a8b9-4890-874f-b84fda86e746,Jace,"Dreamville ,  Bas  &  JID  feat.  Guapdad 4000 ,  Reese LAFLARE ,  Jace ,  Mez ,  Smokepurpp ,  Buddy  &  Ski Mask the Slump God ","Costa Rica - Dreamville ,  Bas  &  JID  feat.  Guapdad 4000 ,  Reese LAFLARE ,  Jace ,  Mez ,  Smokepurpp ,  Buddy  &  Ski Mask the Slump God "
1348,fa7ac2bf-790e-44dd-987d-83d897878a07,2b57cf52-a8b9-4890-874f-b84fda86e746,Mez,"Dreamville ,  Bas  &  JID  feat.  Guapdad 4000 ,  Reese LAFLARE ,  Jace ,  Mez ,  Smokepurpp ,  Buddy  &  Ski Mask the Slump God ","Costa Rica - Dreamville ,  Bas  &  JID  feat.  Guapdad 4000 ,  Reese LAFLARE ,  Jace ,  Mez ,  Smokepurpp ,  Buddy  &  Ski Mask the Slump God "
1348,fa7ac2bf-790e-44dd-987d-83d897878a07,2b57cf52-a8b9-4890-874f-b84fda86e746,Smokepurpp,"Dreamville ,  Bas  &  JID  feat.  Guapdad 4000 ,  Reese LAFLARE ,  Jace ,  Mez ,  Smokepurpp ,  Buddy  &  Ski Mask the Slump God ","Costa Rica - Dreamville ,  Bas  &  JID  feat.  Guapdad 4000 ,  Reese LAFLARE ,  Jace ,  Mez ,  Smokepurpp ,  Buddy  &  Ski Mask the Slump God "
1348,fa7ac2bf-790e-44dd-987d-83d897878a07,2b57cf52-a8b9-4890-874f-b84fda86e746,Buddy,"Dreamville ,  Bas  &  JID  feat.  Guapdad 4000 ,  Reese LAFLARE ,  Jace ,  Mez ,  Smokepurpp ,  Buddy  &  Ski Mask the Slump God ","Costa Rica - Dreamville ,  Bas  &  JID  feat.  Guapdad 4000 ,  Reese LAFLARE ,  Jace ,  Mez ,  Smokepurpp ,  Buddy  &  Ski Mask the Slump God "
1348,fa7ac2bf-790e-44dd-987d-83d897878a07,2b57cf52-a8b9-4890-874f-b84fda86e746,Ski Mask the Slump God,"Dreamville ,  Bas  &  JID  feat.  Guapdad 4000 ,  Reese LAFLARE ,  Jace ,  Mez ,  Smokepurpp ,  Buddy  &  Ski Mask the Slump God ","Costa Rica - Dreamville ,  Bas  &  JID  feat.  Guapdad 4000 ,  Reese LAFLARE ,  Jace ,  Mez ,  Smokepurpp ,  Buddy  &  Ski Mask the Slump God "
1349,b2c090f7-a6f0-49ff-9864-86fd837f543c,f63cd83d-cfcc-4531-972e-630caf71c4b3,J.I.D,J.I.D  feat.  6LACK  &  Ella Mai ,Tiiied - J.I.D  feat.  6LACK  &  Ella Mai 
1349,b2c090f7-a6f0-49ff-9864-86fd837f543c,f63cd83d-cfcc-4531-972e-630caf71c4b3,6LACK,J.I.D  feat.  6LACK  &  Ella Mai ,Tiiied - J.I.D  feat.  6LACK  &  Ella Mai 
1349,b2c090f7-a6f0-49ff-9864-86fd837f543c,f63cd83d-cfcc-4531-972e-630caf71c4b3,Ella Mai,J.I.D  feat.  6LACK  &  Ella Mai ,Tiiied - J.I.D  feat.  6LACK  &  Ella Mai 
1350,74116ed1-6841-4773-a01e-fddf1db9ca16,d064e2ff-c16a-44a7-8218-e6c7f6da3acf,JID,JID  &  Vince Staples ,VCRs - JID  &  Vince Staples 
1350,74116ed1-6841-4773-a01e-fddf1db9ca16,d064e2ff-c16a-44a7-8218-e6c7f6da3acf,Vince Staples,JID  &  Vince Staples ,VCRs - JID  &  Vince Staples 
1351,ff5db728-dce1-44e5-9e78-a0bdf9966e9d,8ba33578-8128-484a-b255-c6e2b9e078eb,JID,JID,Kody Blu 31 - JID
1352,39e5a27c-d596-4c6c-a2fd-125eb81a089b,4343b43c-94a4-4ab3-81bf-a334186be7d8,The Neighbourhood,The Neighbourhood,Compass - The Neighbourhood
1353,7c26e5c3-81f7-49b2-8347-ed42ff0f16b1,a423ee66-14e0-454f-9940-dd14c6a5f0f0,The Neighbourhood,The Neighbourhood,Hell or High Water - The Neighbourhood
1354,0a6499f5-9c9f-44e9-aa5c-8a4ed76b51dc,be1a5bfc-c9b9-4de7-89f0-22dbeacb0dc5,The Neighbourhood,The Neighbourhood,Ferrari - The Neighbourhood
1355,77f9a66b-6c21-4311-aadf-68edf3acb76e,7c1ca799-bb7d-400b-b480-7d51b2860b5e,Bring Me the Horizon,Bring Me the Horizon,DIg It - Bring Me the Horizon
1356,09a586f2-97cf-41a2-95c0-b8fceaf4284e,c74e6295-580c-43bc-a18f-0bf93b3a7cda,Sleep Token,Sleep Token,Gods - Sleep Token
1357,1766a2fc-7391-47bd-938f-ef20713f1663,961a8bfc-bac7-4be9-9c40-67fdfcc771ee,Sleep Token,Sleep Token,Descending - Sleep Token
1358,07f185cb-3a2a-44b7-9a93-1c6ad80a8d46,52b58f33-eba3-4634-b621-321f0273b1fc,Pierce the Veil,Pierce the Veil,Million Dollar Houses (The Painter) - Pierce the Veil
1359,e63a9fe4-9afe-4114-a71e-87e0a32b7ac5,0f534924-a5a8-496b-ab9a-e9261d114581,Jutes,Jutes,It Takes Two - Jutes
1360,6e8519a9-8111-43c3-aafb-89bb94dc7fdf,7a118488-4fd0-4556-a3cc-a42b9d6d3e87,jxdn,jxdn,Comatose - jxdn
1361,8a219f26-9090-4762-a7ae-c62bec602ff7,,,,Mhmm - Shameik Moore
1362,16aa8373-e6ff-4eee-822a-e82683cd60bf,01fa230d-38c8-45f9-9cca-68afc41bdfcb,Daughtry,Daughtry,NERVOUS - Daughtry
1363,57750004-d1a6-4aa2-aceb-b1ef8e15d567,2956ceea-13e8-4bec-a741-028894408f3a,KennyHoopla,KennyHoopla,How Will I Rest in Peace If I'm Buried by a Highway?// - KennyHoopla
1364,1ae42119-fe50-4d0c-8393-83eba9d0b9a0,2308a8b0-67e4-4dbd-b9b5-1cd3cce0c52e,DE’WAYNE,DE’WAYNE,lightweight - DE’WAYNE
1365,03c2651d-0da7-4114-8494-c88b3c63537b,14d0cbff-9061-4066-8732-550ffe14a396,Awaken I Am,Awaken I Am,Roses - Awaken I Am
1366,efe4471e-ae40-46df-8ab0-2c1dc95be21d,e94c10ad-c6c1-4898-860e-7947c53fd3b9,Until I Wake,Until I Wake,Self Medicated - Until I Wake
1367,ade80faa-5106-4b67-962e-de873c051b39,c3550d5b-2eba-4977-9b55-8c27c45c78b9,Caskets,Caskets,Drowned in Emotion - Caskets
1368,9f1dcb1c-47e2-4a8f-abfd-9b46dcad6af0,0cdf875a-d474-4b47-89c2-f486c1eb1ffd,Caskets,Caskets,Glass Heart - Caskets
1369,8a8a51eb-46d8-47e1-b789-dd8e97e158d1,eda4b4af-21ef-4494-8657-f68ec116d4ad,Rise Against,Rise Against,Savior - Rise Against
1370,732c372f-7835-48f7-85e7-ab0bbce963b6,57cbe61a-9871-4425-b523-0ab5e7b1a1b4,Caskets,Caskets,Falling Apart - Caskets
1371,949f4b1c-4656-4d69-b44a-731d441ee910,5835528c-58e6-4436-b959-6c070eb6251b,Fire From the Gods,Fire From the Gods,Right Now - Fire From the Gods
1372,fe78e0f5-5eb2-4ec5-95ac-95f708b703e9,744ec4be-194b-41a4-9e10-620a3dbc8eeb,Dead Lakes,Dead Lakes,SMS Happiness - Dead Lakes
1373,5427ac42-07d1-417e-ac1c-a8170ec003e8,c753fdac-ff26-4412-88dd-02c8a59b020a,Line So Thin,Line So Thin,Done With Everything - Line So Thin
1374,16f8f16a-ac84-4740-8543-9b8cd479414c,63122b25-ad57-427a-9f2b-50c562f9f1f5,Hands Like Houses,Hands Like Houses,Colourblind - Hands Like Houses
1375,704614de-6dc4-4576-99d9-1e873d977ac9,bd0e3f28-7af0-4699-9748-22767d74f7fc,Minute After Midnight,Minute After Midnight,GHOST - Minute After Midnight
1376,41425dac-e3d3-491d-99e9-b6ce63f00767,3b979ae0-6e00-4078-aa1d-a1924703ad86,Speech Patterns,Speech Patterns,Didn't Need a Reason - Speech Patterns
1377,5f1108b7-36cb-4474-86a1-cf0d028c814c,2b2b877d-e03a-4975-93fc-dab6839b0e5f,Nevertel,Nevertel,Criminal - Nevertel
1378,d0f8c892-6168-4222-9123-6afefa0f6b96,9076bfee-0f06-419b-b8b2-e5eb3ee7cf6b,breakk.away,breakk.away,Outside - breakk.away
1379,05d7ceab-12cd-4cf5-bbb9-2c457060faae,786b5d43-3e39-46aa-8c5b-f51463ae1b06,Memphis May Fire,Memphis May Fire,The Sinner - Memphis May Fire
1380,03fa1730-83d9-4732-87fc-f436103ef34c,0c6e88d4-39a7-49f7-985e-2f5f55c335cc,Palisades,Palisades,Memories - Palisades
1381,67ef6be7-0e1c-41e4-a251-f52b479555ec,c6eff25d-3edf-41ce-9760-de4eb4a05e58,Too Close to Touch,Too Close to Touch,Burn - Too Close to Touch
1382,ba3ed978-552f-4949-9449-7add836a4aa3,995c6b19-ce5f-46b7-9930-7310744372b2,Dead Lakes,Dead Lakes,hold back - Dead Lakes
1383,32b09855-61d5-4031-8a4b-fd1f5b2e0142,871ccc95-e231-4191-be6e-76d2dbe46187,Speech Patterns,Speech Patterns,Déjà Vu - Speech Patterns
1384,5af54eed-2a94-4266-879d-9b82e2e57a18,5cdf9191-dd9a-4bc5-a5e2-875378c54ce0,Fame on Fire,Fame on Fire,Suicide (The Lovers) - Fame on Fire
1385,3ea72ae3-0792-4c04-9fe1-1f234fdff99a,c9010c73-7280-48c0-a324-5541e62c22b3,The Neighbourhood,The Neighbourhood,Leaving Tonight - The Neighbourhood
1386,b33c1188-4cc3-49cf-96de-92da5dcadcde,ebfceda0-c47c-42e5-b4c3-8157a18f6d14,The Neighbourhood,The Neighbourhood,Noise - The Neighbourhood
1387,3fb78b93-f102-4404-be36-ccfb768e92c4,c4f47ef2-4109-4200-9358-cde3cbb8cacd,The Neighbourhood,The Neighbourhood,1 of Those Weaks - The Neighbourhood
1388,385028ae-f311-4578-87b2-7999914578f0,b5f8ecfe-8695-49dd-ae1c-24d08eea79e4,The Neighbourhood,The Neighbourhood,Staying Up - The Neighbourhood
1389,3e7a2234-d332-4948-8742-e410a7d3477a,9aa4fa41-2411-4b50-aa9b-3e5df3de2cd1,The Neighbourhood,The Neighbourhood,Cherry Flavoured - The Neighbourhood
1390,68a9c464-645f-435f-89e0-436b5813db81,c1fd2125-2002-44a2-b010-052d3bc97f03,The Neighbourhood,The Neighbourhood,Let It Go - The Neighbourhood
1391,1c811cfd-7e74-44ef-8821-d1e1db7bb5cd,74a52cf7-3608-4ed9-b101-d1d8e25dce8e,The Neighbourhood,The Neighbourhood,To - The Neighbourhood
1392,38aa06ae-b6cb-4b50-8112-e873ffa8a2a5,2869546f-190b-4ffa-bdd3-cfb83c0269ae,The Neighbourhood,The Neighbourhood  feat.  YG ,Dangerous - The Neighbourhood  feat.  YG 
1392,38aa06ae-b6cb-4b50-8112-e873ffa8a2a5,2869546f-190b-4ffa-bdd3-cfb83c0269ae,YG,The Neighbourhood  feat.  YG ,Dangerous - The Neighbourhood  feat.  YG 
1393,edd3331c-f47e-4ccf-a599-337703ed2389,d2673f10-e293-4e27-bc5e-b8e7858bf82a,The Neighbourhood,The Neighbourhood,Rabbit - The Neighbourhood
1394,3d30ceb5-6df6-4fff-a4c9-279867f733dd,e77f26ae-8caf-4c27-a869-8a66d37d1b69,The Neighbourhood,The Neighbourhood,No Grey - The Neighbourhood
1395,2d1fdfd1-c3e2-4442-a331-6de8c64a0415,91bd08d0-f36c-45af-ba08-787c2b1e010d,The Neighbourhood,The Neighbourhood,Wires - The Neighbourhood
1396,1bd0e68f-13eb-4057-8b6f-5b2afe79227d,e7c9603b-b121-4318-a0cf-e8037fc7d5f3,The Neighbourhood,The Neighbourhood,Everybody’s Watching Me (Uh Oh) - The Neighbourhood
1397,a3f002c4-7177-4dac-8b22-c3a0f16b9973,18c2388f-1bc9-404a-bf2f-2c3c844c1d6e,The Neighbourhood,The Neighbourhood,Pretty Boy - The Neighbourhood
1398,75fbb1a5-2948-4929-ab2d-1e1c19ca391d,f34e1492-ccbf-4c40-af1b-ac8fbeef30b7,The Neighbourhood,The Neighbourhood,Tides - The Neighbourhood
1399,2993c15d-937c-4ca9-843d-bdc917a835a9,f9462766-8938-4bb8-8d4a-1d4f5d4b0144,Daughtry,Daughtry,It’s Not Over - Daughtry
1400,1867dffa-639b-4ddc-9877-c27c8e50fe2a,f47d2a02-51cd-409c-9d57-759fc45000d1,J. Cole,J. Cole,No Role Modelz - J. Cole
1401,563d27a8-8a8c-45f2-b41b-d307becd5318,a45225e6-b89d-4df6-96d4-c033b35b7ad9,emei,emei,Late to the Party - emei
1402,8452a230-72bd-430a-911f-0d3430a9c151,66f3846a-f203-41be-b425-e27db7f360df,NOTHING MORE,NOTHING MORE,WE’RE ALL GONNA DIE - NOTHING MORE
1403,0193c864-4528-4be6-83c0-5753dd7ee51e,4c986184-424a-44bb-ad23-b6261f3d044f,Arctic Monkeys,Arctic Monkeys,Why’d You Only Call Me When You’re High? - Arctic Monkeys
1404,25f86c93-0cf4-45dc-a678-ae1ef31400fb,,,,Can You - AshleyJohnson
1405,8335c321-6b4b-4f56-beea-6613a8838db3,7c60dd21-ad76-46da-8d89-4b3c15e8146e,Mother Mother,Mother Mother,The Matrix - Mother Mother
1406,2b3b7bc1-956c-483f-8d94-7f26eae2a776,106ced3b-8782-4bed-9f5a-06deb9ad9163,21 Savage,21 Savage,Immortal - 21 Savage
1407,ff355158-8a16-4153-8237-17262e29fe50,1a37d78c-7003-4bb0-8ac4-d4fd40d5704b,The Neighbourhood,The Neighbourhood,Reflections - The Neighbourhood
1408,45021d18-f3b8-40a8-a493-3b53f828fb49,c9fa42a2-cab9-4965-9e5c-871f00560f11,The Neighbourhood,The Neighbourhood,Tobacco Sunburst - The Neighbourhood
1409,cf997da7-4fa4-4337-ad60-bf602d6afad0,0efceaa2-9a79-41ac-b29b-462bb189a255,The Neighbourhood,The Neighbourhood  feat.  Nipsey Hussle ,Livin' in a Dream - The Neighbourhood  feat.  Nipsey Hussle 
1409,cf997da7-4fa4-4337-ad60-bf602d6afad0,0efceaa2-9a79-41ac-b29b-462bb189a255,Nipsey Hussle,The Neighbourhood  feat.  Nipsey Hussle ,Livin' in a Dream - The Neighbourhood  feat.  Nipsey Hussle 
1410,0655b2c0-d8d4-481b-8228-2b933208c90d,64104903-94d3-47db-a25b-ff6c9724b0e8,The Neighbourhood,The Neighbourhood,Float - The Neighbourhood
1411,59da3ebb-bbec-439a-b09a-d004a5a11593,c1edc8e0-84b8-4c36-86e8-c789a3050e56,The Neighbourhood,The Neighbourhood  feat.  Casey Veggies  &  Kossisko ,Jealou$y - The Neighbourhood  feat.  Casey Veggies  &  Kossisko 
1411,59da3ebb-bbec-439a-b09a-d004a5a11593,c1edc8e0-84b8-4c36-86e8-c789a3050e56,Casey Veggies,The Neighbourhood  feat.  Casey Veggies  &  Kossisko ,Jealou$y - The Neighbourhood  feat.  Casey Veggies  &  Kossisko 
1411,59da3ebb-bbec-439a-b09a-d004a5a11593,c1edc8e0-84b8-4c36-86e8-c789a3050e56,Kossisko,The Neighbourhood  feat.  Casey Veggies  &  Kossisko ,Jealou$y - The Neighbourhood  feat.  Casey Veggies  &  Kossisko 
1412,daa952be-a73e-480f-8b1a-5955f931598e,13fa02fe-a982-405d-8b65-4a09ac92de9f,The Neighbourhood,The Neighbourhood,Lil Ol Me - The Neighbourhood
1413,496999c2-5a1e-47ab-81fc-0ebc534c9e6c,23701b63-1bab-4716-8838-f277617ccac4,The Neighbourhood,The Neighbourhood,Honest - The Neighbourhood
1414,31ec3b66-f1a1-4afc-adbd-b97f02d0eaec,d8ac72ad-0342-428e-8252-370d5c6f2f91,The Neighbourhood,The Neighbourhood  feat.  Ghostface Killah ,Beat Take 1 - The Neighbourhood  feat.  Ghostface Killah 
1414,31ec3b66-f1a1-4afc-adbd-b97f02d0eaec,d8ac72ad-0342-428e-8252-370d5c6f2f91,Ghostface Killah,The Neighbourhood  feat.  Ghostface Killah ,Beat Take 1 - The Neighbourhood  feat.  Ghostface Killah 
1415,4d87f94f-2356-476b-a183-454a722b2816,dc305834-5261-4e8c-afb6-b93a89e7946d,The Neighbourhood,The Neighbourhood,Lurk - The Neighbourhood
1416,d3ebe73c-d3d6-4335-b911-2f8ef35ab321,a863bd47-cc3e-473f-a292-c5f615536a3c,The Neighbourhood,The Neighbourhood,Private - The Neighbourhood
1417,3346bf89-d558-475d-80b1-7dd9056451c4,d24c1c4a-ec4c-455d-8577-eea49d6ff5b2,The Neighbourhood,The Neighbourhood,Yellow Box - The Neighbourhood
1418,7d84c653-9b28-4bec-b772-bc27940599d6,448d9627-e47d-4da1-b8ab-2015100dbf95,The Neighbourhood,The Neighbourhood,Sadderdaze - The Neighbourhood
1419,51eca703-fc4b-45ea-889d-e2c9d6d1ccea,2105a802-a404-4b5e-9491-c2ca39d60b31,The Neighbourhood,The Neighbourhood,Lost in Translation - The Neighbourhood
1420,517b5ddb-179c-4201-a181-49fa9da1a7e5,078a1158-b49e-4280-802f-bcc0278d5abe,The Neighbourhood,The Neighbourhood,Flowers - The Neighbourhood
1421,ebca0c03-e01e-41b4-9753-bb416df013b1,17cb09f6-ca54-457d-852b-b8fcf4966b2d,Rain City Drive,Rain City Drive,Neverbloom - Rain City Drive
1422,63e744ba-8a71-464a-85d7-e062a7667049,67f58fc3-0661-4c5b-909e-3876dfdb08b9,Nerv,Nerv,Bad Nature - Nerv
1423,71657c2e-fd87-47ea-a966-55608aedc1a5,838c752a-69b8-4f60-8d86-b27542a71abb,Nerv,Nerv,Enough - Nerv
1424,fc10720b-b1f9-4c20-a75a-27b3b006546d,15d9b9d9-9824-4909-a6e4-c5977af8daed,Rain City Drive,Rain City Drive,Waiting on You - Rain City Drive
1425,611208ad-600e-48d6-bd73-0f6c7b6cabd2,1769a92c-6e11-48cf-a44f-ab925f0b5a72,Bad Bunny,Bad Bunny,Chambea - Bad Bunny
1426,743252d9-b61c-4c5a-8b23-de9cf3f81f3e,f094b32c-d8ec-46a0-a1b6-b4f3a9fc8d83,Bad Bunny,Bad Bunny,Tití me preguntó - Bad Bunny
1427,1a933be3-7016-4070-be6e-9b8aea685134,5eaa5ccd-b4e4-451b-80ac-3d0e7f93dd76,Drake,Drake,Worst Behavior - Drake
1428,207e6d54-ab17-4a27-b610-46692d7e22f2,f454f301-aeaf-4536-8e78-eb428bdf13fe,JID,JID,Wholeheartedly - JID
1429,19115f23-29e0-4976-8184-627a19971314,55b22152-81ef-4b9d-9830-b3538ba07d80,BROCKHAMPTON,BROCKHAMPTON,1999 WILDFIRE - BROCKHAMPTON
1430,61e92f57-2470-4a95-8fd3-f9faa52c0e3b,,,,Whats My Name? - Trippie Redd
1431,342fac35-5fea-4932-81ae-4bd85e823fa0,e3ca5d22-9f3d-4a11-8141-6af33129ed93,ScHoolboy Q,ScHoolboy Q  feat.  Freddie Gibbs ,oHio - ScHoolboy Q  feat.  Freddie Gibbs 
1431,342fac35-5fea-4932-81ae-4bd85e823fa0,e3ca5d22-9f3d-4a11-8141-6af33129ed93,Freddie Gibbs,ScHoolboy Q  feat.  Freddie Gibbs ,oHio - ScHoolboy Q  feat.  Freddie Gibbs 
1432,5d01c370-32b8-450e-a11c-31180024b4af,2091a216-5ac9-46d1-9ec7-fcff989d67e9,J. Cole,J. Cole,c l o s e - J. Cole
1433,6436ec0d-c851-4084-8c28-78002d6ffabd,c916f299-8421-4470-95f5-b2d135d67679,ScHoolboy Q,ScHoolboy Q  feat.  BJ the Chicago Kid ,Studio - ScHoolboy Q  feat.  BJ the Chicago Kid 
1433,6436ec0d-c851-4084-8c28-78002d6ffabd,c916f299-8421-4470-95f5-b2d135d67679,BJ the Chicago Kid,ScHoolboy Q  feat.  BJ the Chicago Kid ,Studio - ScHoolboy Q  feat.  BJ the Chicago Kid 
1434,b65b57a4-00dc-48a3-9a7d-6d1454739175,8f0a7ffb-941e-4e07-b36b-33e5aa48a670,Chief Keef,Chief Keef  feat.  50 Cent  &  Wiz Khalifa ,Hate Bein’ Sober - Chief Keef  feat.  50 Cent  &  Wiz Khalifa 
1434,b65b57a4-00dc-48a3-9a7d-6d1454739175,8f0a7ffb-941e-4e07-b36b-33e5aa48a670,50 Cent,Chief Keef  feat.  50 Cent  &  Wiz Khalifa ,Hate Bein’ Sober - Chief Keef  feat.  50 Cent  &  Wiz Khalifa 
1434,b65b57a4-00dc-48a3-9a7d-6d1454739175,8f0a7ffb-941e-4e07-b36b-33e5aa48a670,Wiz Khalifa,Chief Keef  feat.  50 Cent  &  Wiz Khalifa ,Hate Bein’ Sober - Chief Keef  feat.  50 Cent  &  Wiz Khalifa 
1435,693a45b7-8e92-48f7-9c88-3e80c872aaf7,8cf63c03-83d2-4c0d-9a87-6676ab7b6998,Lil Wayne,"Lil Wayne ,  Wiz Khalifa ,  Imagine Dragons ,  Logic ,  Ty Dolla $ign  &  X Ambassadors ","Sucker for Pain - Lil Wayne ,  Wiz Khalifa ,  Imagine Dragons ,  Logic ,  Ty Dolla $ign  &  X Ambassadors "
1435,693a45b7-8e92-48f7-9c88-3e80c872aaf7,8cf63c03-83d2-4c0d-9a87-6676ab7b6998,Wiz Khalifa,"Lil Wayne ,  Wiz Khalifa ,  Imagine Dragons ,  Logic ,  Ty Dolla $ign  &  X Ambassadors ","Sucker for Pain - Lil Wayne ,  Wiz Khalifa ,  Imagine Dragons ,  Logic ,  Ty Dolla $ign  &  X Ambassadors "
1435,693a45b7-8e92-48f7-9c88-3e80c872aaf7,8cf63c03-83d2-4c0d-9a87-6676ab7b6998,Imagine Dragons,"Lil Wayne ,  Wiz Khalifa ,  Imagine Dragons ,  Logic ,  Ty Dolla $ign  &  X Ambassadors ","Sucker for Pain - Lil Wayne ,  Wiz Khalifa ,  Imagine Dragons ,  Logic ,  Ty Dolla $ign  &  X Ambassadors "
1435,693a45b7-8e92-48f7-9c88-3e80c872aaf7,8cf63c03-83d2-4c0d-9a87-6676ab7b6998,Logic,"Lil Wayne ,  Wiz Khalifa ,  Imagine Dragons ,  Logic ,  Ty Dolla $ign  &  X Ambassadors ","Sucker for Pain - Lil Wayne ,  Wiz Khalifa ,  Imagine Dragons ,  Logic ,  Ty Dolla $ign  &  X Ambassadors "
1435,693a45b7-8e92-48f7-9c88-3e80c872aaf7,8cf63c03-83d2-4c0d-9a87-6676ab7b6998,Ty Dolla $ign,"Lil Wayne ,  Wiz Khalifa ,  Imagine Dragons ,  Logic ,  Ty Dolla $ign  &  X Ambassadors ","Sucker for Pain - Lil Wayne ,  Wiz Khalifa ,  Imagine Dragons ,  Logic ,  Ty Dolla $ign  &  X Ambassadors "
1435,693a45b7-8e92-48f7-9c88-3e80c872aaf7,8cf63c03-83d2-4c0d-9a87-6676ab7b6998,X Ambassadors,"Lil Wayne ,  Wiz Khalifa ,  Imagine Dragons ,  Logic ,  Ty Dolla $ign  &  X Ambassadors ","Sucker for Pain - Lil Wayne ,  Wiz Khalifa ,  Imagine Dragons ,  Logic ,  Ty Dolla $ign  &  X Ambassadors "
1436,dca1b6c4-900f-4022-9375-f857dac54fba,abf7b90e-4bda-4d54-b6e6-e5afa8ad85f5,Daughtry,Daughtry,ARTIFICIAL - Daughtry
1437,9d931386-b922-441e-a88c-9bef6531e668,f2f81099-d189-47a5-8947-bd1146061149,Ne‐Yo,Ne‐Yo  &  O.T. Genasis ,Pinky Ring - Ne‐Yo  &  O.T. Genasis 
1437,9d931386-b922-441e-a88c-9bef6531e668,f2f81099-d189-47a5-8947-bd1146061149,O.T. Genasis,Ne‐Yo  &  O.T. Genasis ,Pinky Ring - Ne‐Yo  &  O.T. Genasis 
1438,6911248b-e421-4b96-9f1b-4ade540e6b50,df1f5c55-eaa0-4ca4-96a7-43006b1cee97,Normani,Normani  feat.  6LACK ,Waves - Normani  feat.  6LACK 
1438,6911248b-e421-4b96-9f1b-4ade540e6b50,df1f5c55-eaa0-4ca4-96a7-43006b1cee97,6LACK,Normani  feat.  6LACK ,Waves - Normani  feat.  6LACK 
1439,a32c35e1-7694-4566-afc1-cc4859ea939f,79507653-0268-4f48-babe-cc9530f4d268,Spillage Village,Spillage Village  feat.  6LACK ,PUSSY ON REPEAT - Spillage Village  feat.  6LACK 
1439,a32c35e1-7694-4566-afc1-cc4859ea939f,79507653-0268-4f48-babe-cc9530f4d268,6LACK,Spillage Village  feat.  6LACK ,PUSSY ON REPEAT - Spillage Village  feat.  6LACK 
1440,4de07c14-9241-4396-88c9-d7be33411859,2062905e-91cf-479d-b0f6-8227d436012b,Jessie Reyez,Jessie Reyez  &  6LACK ,IMPORTED - Jessie Reyez  &  6LACK 
1440,4de07c14-9241-4396-88c9-d7be33411859,2062905e-91cf-479d-b0f6-8227d436012b,6LACK,Jessie Reyez  &  6LACK ,IMPORTED - Jessie Reyez  &  6LACK 
1441,cc6ce773-52fc-4576-bb76-b49457e29971,c9d8cafa-8480-4a5b-ab12-4819146127f7,Bea Miller,Bea Miller  &  6LACK ,it’s not u it’s me - Bea Miller  &  6LACK 
1441,cc6ce773-52fc-4576-bb76-b49457e29971,c9d8cafa-8480-4a5b-ab12-4819146127f7,6LACK,Bea Miller  &  6LACK ,it’s not u it’s me - Bea Miller  &  6LACK 
1442,ad84c239-f3a7-46a8-8c95-eae3ef73c5b9,f90ebe43-e00f-4ceb-b74a-74d9b77c8800,Dreamville,"Dreamville ,  J.I.D  &  Lute  feat.  6LACK ","Still Dreamin - Dreamville ,  J.I.D  &  Lute  feat.  6LACK "
1442,ad84c239-f3a7-46a8-8c95-eae3ef73c5b9,f90ebe43-e00f-4ceb-b74a-74d9b77c8800,J.I.D,"Dreamville ,  J.I.D  &  Lute  feat.  6LACK ","Still Dreamin - Dreamville ,  J.I.D  &  Lute  feat.  6LACK "
1442,ad84c239-f3a7-46a8-8c95-eae3ef73c5b9,f90ebe43-e00f-4ceb-b74a-74d9b77c8800,Lute,"Dreamville ,  J.I.D  &  Lute  feat.  6LACK ","Still Dreamin - Dreamville ,  J.I.D  &  Lute  feat.  6LACK "
1442,ad84c239-f3a7-46a8-8c95-eae3ef73c5b9,f90ebe43-e00f-4ceb-b74a-74d9b77c8800,6LACK,"Dreamville ,  J.I.D  &  Lute  feat.  6LACK ","Still Dreamin - Dreamville ,  J.I.D  &  Lute  feat.  6LACK "
1443,d494c197-482a-406f-994c-85d0947f1933,6aa7d4ab-82c6-458a-a287-a26281ee093a,Sleep Token,Sleep Token,Jaws - Sleep Token
1444,8c4d2659-77b8-4bb7-b328-7f9f03638e69,ac61eb5f-2bee-463a-a449-54d2be72df9c,Sleep Token,Sleep Token,Jericho - Sleep Token
1445,a4f54a90-bbda-4d40-b6b8-87c47f26c6bf,26c9636e-bfbc-4382-8f84-365682c0e63e,Sleep Token,Sleep Token,Nazareth - Sleep Token
1446,937006c1-d153-4d51-a7af-20f645cbacf1,a1b03541-996c-4a2d-8164-648ba079bc93,Sleep Token,Sleep Token,Blood Sport - Sleep Token
1447,f7a7a079-d2db-41e7-a1b6-23d69e04733a,e2ed03af-0140-47ca-93d3-1b20de03db59,Sleep Token,Sleep Token,Take Aim - Sleep Token
1448,bfd67130-4940-41f7-b0cd-ef0e29d4101d,c1aca937-de3a-4041-b1e8-c7fc1f3d1e14,Sleep Token,Sleep Token,Levitate - Sleep Token
1449,1043164d-320a-4243-b5aa-9e6c5ee01227,3a211eda-83e0-4bca-9eb3-12dd968a8e33,Sleep Token,Sleep Token,Telomeres - Sleep Token
1450,3febca2e-8fa7-457d-a7c1-07be98be34cc,8155e7d2-15a0-4e1e-bcdd-40319cd828a7,Sleep Token,Sleep Token,Distraction - Sleep Token
1451,17325456-99dc-4824-9abf-2daf67f95c9d,6b79b0cc-3d8c-4420-a7d3-ac4f5ee8f652,Sleep Token,Sleep Token,The Love You Want - Sleep Token
1452,00eb8c67-cf95-4167-8eab-f94f39dae7cd,24b11ad9-df6e-42d0-a008-e41c539822de,Sleep Token,Sleep Token,Like That - Sleep Token
1453,13eaf302-0652-4165-8fab-8f31b3f1c77b,16b56d2b-75d7-467a-b03b-aeeabf752a92,Sleep Token,Sleep Token,Hypnosis - Sleep Token
1454,3f783768-260d-4c2c-9fff-d30b399cc047,b04b35b1-ac14-4b98-b125-009239144b49,Sleep Token,Sleep Token,Atlantic - Sleep Token
1455,19ec0e29-d125-42ad-9ad5-fcae47a00f3e,be948133-bb6a-41d7-a8c7-cb1609d3c96c,Sleep Token,Sleep Token,Infinite Baths - Sleep Token
1456,7addb7eb-6238-4f5f-b1f9-e52dc2615ece,b7027e21-1d47-42ce-b231-e441ca1a26d4,Sleep Token,Sleep Token,Gethsemane - Sleep Token
1457,14985fd4-e415-4c54-89f7-dd66bb7966d5,e877483e-0d88-4546-9042-f7868e27147b,6LACK,6LACK  feat.  J. Cole ,Pretty Little Fears - 6LACK  feat.  J. Cole 
1457,14985fd4-e415-4c54-89f7-dd66bb7966d5,e877483e-0d88-4546-9042-f7868e27147b,J. Cole,6LACK  feat.  J. Cole ,Pretty Little Fears - 6LACK  feat.  J. Cole 
1458,1ac32fea-8101-4b5e-9743-810956a96824,5204cd7a-f226-48a3-abd8-94de1fd6228d,6LACK,6LACK,PRBLMS - 6LACK
1459,663e2658-5f8e-4bc6-b2f8-fce0d778bf1a,0dbac732-ac59-4483-a044-bdf6475237ec,The Neighbourhood,The Neighbourhood,W.D.Y.W.F.M? - The Neighbourhood
1460,4849118f-dc05-4a4a-8234-151c46579d8d,6a06d548-ab59-4fc2-b762-560b059d3937,The Neighbourhood,The Neighbourhood,T$RL - The Neighbourhood
1461,3405e444-4f5a-45f1-9add-5bff63a7c376,,,,Say My Name Cry Me A River - The Neighbourhood
1462,11c47b55-2040-48ce-99d5-3f20020e0b04,0547edb2-3eea-4b90-9b18-26dcfc101521,Paramore,Paramore,Pressure - Paramore
1463,17f60516-2036-405a-941c-2905c1aaf0d9,f87dc257-fa1f-41d4-b630-fd36f9175c3e,Paramore,Paramore,Ignorance - Paramore
1464,3892f4b8-b173-477e-98b1-ab7c2cdecfe4,2959edfa-f15f-4b90-a8ad-937505206d0c,Pierce the Veil,Pierce the Veil,Resilience - Pierce the Veil
1465,6cf696bb-a77b-41a0-8562-e61800906605,60a21162-077e-4150-8fe4-37fdc09d19b4,RL Grime,RL Grime  feat.  Big Sean ,Kingpin - RL Grime  feat.  Big Sean 
1465,6cf696bb-a77b-41a0-8562-e61800906605,60a21162-077e-4150-8fe4-37fdc09d19b4,Big Sean,RL Grime  feat.  Big Sean ,Kingpin - RL Grime  feat.  Big Sean 
1466,4bfc0722-109a-4885-ae21-07422d24fbce,dfc2f4c3-94e1-4385-a3bc-d09c8a83a15e,DJ Snake,"DJ Snake  feat.  Travis Scott ,  Migos  &  G4shi ","Oh Me Oh My - DJ Snake  feat.  Travis Scott ,  Migos  &  G4shi "
1466,4bfc0722-109a-4885-ae21-07422d24fbce,dfc2f4c3-94e1-4385-a3bc-d09c8a83a15e,Travis Scott,"DJ Snake  feat.  Travis Scott ,  Migos  &  G4shi ","Oh Me Oh My - DJ Snake  feat.  Travis Scott ,  Migos  &  G4shi "
1466,4bfc0722-109a-4885-ae21-07422d24fbce,dfc2f4c3-94e1-4385-a3bc-d09c8a83a15e,Migos,"DJ Snake  feat.  Travis Scott ,  Migos  &  G4shi ","Oh Me Oh My - DJ Snake  feat.  Travis Scott ,  Migos  &  G4shi "
1466,4bfc0722-109a-4885-ae21-07422d24fbce,dfc2f4c3-94e1-4385-a3bc-d09c8a83a15e,G4shi,"DJ Snake  feat.  Travis Scott ,  Migos  &  G4shi ","Oh Me Oh My - DJ Snake  feat.  Travis Scott ,  Migos  &  G4shi "
1467,822589fe-6384-45dd-8703-003d26970330,dd8518bd-37b6-4c43-8697-ca6941c40d5a,NOTHING MORE,NOTHING MORE  feat.  Sinizter ,STUCK - NOTHING MORE  feat.  Sinizter 
1467,822589fe-6384-45dd-8703-003d26970330,dd8518bd-37b6-4c43-8697-ca6941c40d5a,Sinizter,NOTHING MORE  feat.  Sinizter ,STUCK - NOTHING MORE  feat.  Sinizter 
1468,f2ab2c5a-85dd-4d60-9376-973932e49365,36ac8cf7-8859-434b-976c-13f11c23ee6d,Nothing More,Nothing More,Go to War - Nothing More
1469,402c29c9-e065-4e6f-81a5-9ea008855d51,aa7dd583-1cc5-41df-ba85-e847325b9765,Nothing More,Nothing More,TURN IT UP LIKE (Stand in the Fire) - Nothing More
1470,6bba1642-197a-4ab9-969f-df6d29358ecc,1617f8aa-768f-48a5-aee2-2c04bc0c8ae6,Nothing More,Nothing More,Let ’em Burn - Nothing More
1471,1b1b0d91-9005-4be8-81fb-8554947cb798,cadcdbe6-cb93-4c6d-a5ab-c1abf0eb09c8,Nothing More,Nothing More,Do You Really Want It? - Nothing More
1472,102ebda2-3339-4c62-ac46-6c519e30c096,b85024a7-49f8-4e6b-b59d-cd87d9bbc65d,Nothing More,Nothing More,If I Were - Nothing More
1473,2a15e5e3-24b7-4039-a014-00412a108997,27788bfb-e5fa-44e4-9074-0e82994b7974,Nothing More,Nothing More,YOU DON’T KNOW WHAT LOVE MEANS - Nothing More
1474,9121c37d-38aa-4c49-bec0-f7a4b538d3f0,691293a7-9904-4d0d-8245-42bb581ac8bb,Nothing More,Nothing More,Don’t Stop - Nothing More
1475,917e8141-ca33-4c98-919a-9508ed0b5b2d,6c20e48a-2dff-4e6c-8081-f098438bfa50,NOTHING MORE,NOTHING MORE,FREEFALL - NOTHING MORE
1476,d545b041-d572-4b47-8e8f-8d2cc1e0b5d8,6cabd0c3-1259-4881-892f-a4a3986a0077,Rain City Drive,Rain City Drive,Wish You the Best - Rain City Drive
1477,0b2b6344-7666-4480-985b-f3baec491d13,3521d61f-3d9d-4b8b-a93f-89ade71fb161,YG,YG,Still Brazy - YG
1478,41296ec7-3b73-40d8-8746-95959fce44b0,501af9e5-df3f-4fc4-8f70-b0149fabc270,Zach Bryan,Zach Bryan,Something in the Orange (Z&E’s version) - Zach Bryan
1479,022a1dc9-5cdc-4927-8ccb-773e938f0b69,d4713645-4c40-4fe9-b843-b3037210f8ec,Young Nudy,Young Nudy,Spaced Out - Young Nudy
1480,0c3c1f51-0954-4867-9602-e2a956cca9cb,21ccb41e-276b-4d2d-8d9a-f4adca68b10b,Joe Jordan,Joe Jordan,Frost On The Pines - Joe Jordan
1481,16c973fa-abed-4680-bcf9-08d333d56cb7,f9054a16-05ae-4eea-ac20-a71af04de7c9,Paramore,Paramore,Ain’t It Fun - Paramore
1482,02693336-6512-4548-887f-cc7deb5cf3fb,62250e94-b1e3-41f0-878b-736867fa7b50,All Time Low,All Time Low,Birthday - All Time Low
1483,c0a259a2-2b9f-4756-861e-a715e2872684,b37a3401-7e5b-4f46-901c-cdae89632f4f,The Word Alive,The Word Alive,Burning Your World Down - The Word Alive
1484,0f54af8d-d1ab-478d-8c26-b562e82433b0,e0d85543-b8e4-4aae-bc9e-071e718b5599,Dreamville,Dreamville  &  J. Cole  feat.  Young Nudy ,Sunset - Dreamville  &  J. Cole  feat.  Young Nudy 
1484,0f54af8d-d1ab-478d-8c26-b562e82433b0,e0d85543-b8e4-4aae-bc9e-071e718b5599,J. Cole,Dreamville  &  J. Cole  feat.  Young Nudy ,Sunset - Dreamville  &  J. Cole  feat.  Young Nudy 
1484,0f54af8d-d1ab-478d-8c26-b562e82433b0,e0d85543-b8e4-4aae-bc9e-071e718b5599,Young Nudy,Dreamville  &  J. Cole  feat.  Young Nudy ,Sunset - Dreamville  &  J. Cole  feat.  Young Nudy 
1485,b2ea2b1f-281f-4765-ad4b-87b0b97f3ff9,346255f7-d0c5-48ce-9b69-2e654f60c168,All Time Low,All Time Low,The Way You Miss Me - All Time Low
1486,9b7fcab4-ca58-42ff-a06e-1f84271c15ba,b01e3a66-0ef0-4933-950f-15d345270fd0,Shinedown,Shinedown,Asking for It - Shinedown
1487,efa379f5-4784-4647-a6c8-9825a36ce558,84020c25-9715-47c9-bd0a-b6248095cdb8,The Neighbourhood,The Neighbourhood,Roll Call - The Neighbourhood
1488,d3757961-a4d6-4b6a-aa9f-43ffa5d1da5e,c74a22fe-b14f-492d-b260-53ea806348e6,Atreyu,Atreyu,Watch Me Burn - Atreyu
1489,cae26e05-00dc-4137-b885-d8dc8d265f17,,,,The Divine Aesthetic - Dear Sleeper
1490,08e9c517-e23c-4b47-b10b-f646c97ab4f6,f55b8704-f119-4103-9988-0eb4f713c880,XXXTENTACION,XXXTENTACION,SAD! - XXXTENTACION
1491,4e154c17-0287-4954-a502-ae054b0f3c56,84a2d747-f9b5-4241-b79f-2673ae737b26,YBN Cordae,YBN Cordae,Kung Fu - YBN Cordae
1492,dae0a7e5-786d-40b4-8c71-8b9b053b8236,597e3a74-c4f7-4721-a398-4539198e91db,Logic,Logic,Ballin - Logic
1493,3f436973-ce8b-4a04-b521-2d5e71985668,adadc047-e040-45d5-b020-0603db0d69dc,Arctic Monkeys,Arctic Monkeys,Snap Out of It - Arctic Monkeys
1494,00cad771-7d49-437c-85a0-fe5afe4f767e,237b6930-395a-42b8-a042-e65c1afddbe6,All Time Low,All Time Low,Life of the Party - All Time Low
1495,b384f168-3adf-4508-b03b-a2e038a729a6,15e4c6f8-ce8e-4f62-8288-449a1adf3962,Bad Wolves,Bad Wolves,Bad Friend - Bad Wolves
1496,b1085788-03c7-4de2-b8c7-5a1fe0f0d178,cc09cdf6-be3f-4066-8ce9-8f1708e913d0,Amine,Amine  feat.  Injury Reserve ,Campfire - Amine  feat.  Injury Reserve 
1496,b1085788-03c7-4de2-b8c7-5a1fe0f0d178,cc09cdf6-be3f-4066-8ce9-8f1708e913d0,Injury Reserve,Amine  feat.  Injury Reserve ,Campfire - Amine  feat.  Injury Reserve 
1497,f1201c02-c331-4971-a181-d95da51e4918,4d68ed0b-d6d3-44a2-bd42-f65efa0011f3,J. Cole,J. Cole,7 Minute Drill - J. Cole
1498,4d863c02-a01c-4e57-8de6-64eabbbe83cb,11c785f7-9f48-4ce1-9ddd-2235bceddf30,Pharrell Williams,"Pharrell Williams  feat.  21 Savage  &  Tyler, The Creator ","Cash In Cash Out - Pharrell Williams  feat.  21 Savage  &  Tyler, The Creator "
1498,4d863c02-a01c-4e57-8de6-64eabbbe83cb,11c785f7-9f48-4ce1-9ddd-2235bceddf30,21 Savage,"Pharrell Williams  feat.  21 Savage  &  Tyler, The Creator ","Cash In Cash Out - Pharrell Williams  feat.  21 Savage  &  Tyler, The Creator "
1498,4d863c02-a01c-4e57-8de6-64eabbbe83cb,11c785f7-9f48-4ce1-9ddd-2235bceddf30,"Tyler, The Creator","Pharrell Williams  feat.  21 Savage  &  Tyler, The Creator ","Cash In Cash Out - Pharrell Williams  feat.  21 Savage  &  Tyler, The Creator "
1499,302a393d-477a-4ce3-9201-be6d44e26a97,b48068a0-02f8-494f-935c-ba67e0e81d21,Logic,Logic,clickbait - Logic
1500,05f3821a-233d-4027-82d9-3ddd3cde9f42,ea570f81-40b0-4675-a13a-ceffb8c26013,The Word Alive,The Word Alive,Why Am I Like This? - The Word Alive
1501,9f108661-fc03-4ce4-9883-3658880cdad1,6c87a766-307f-4fc0-8295-b17654b5b2c5,Baby Keem,Baby Keem,vent - Baby Keem
1502,2ea9c4c0-7ce0-4582-a640-b4591aaf6eab,d17d6e29-c7c1-46d4-893f-4a6fed15009b,XXXTENTACION,XXXTENTACION  feat.  Trippie Redd ,Fuck Love - XXXTENTACION  feat.  Trippie Redd 
1502,2ea9c4c0-7ce0-4582-a640-b4591aaf6eab,d17d6e29-c7c1-46d4-893f-4a6fed15009b,Trippie Redd,XXXTENTACION  feat.  Trippie Redd ,Fuck Love - XXXTENTACION  feat.  Trippie Redd 
1503,cc0032a4-324b-4ff4-a111-b6ea66dc9e60,279d22ff-84ab-4b0c-9b76-481e6cbee47c,Buddy,Buddy  feat.  A$AP Ferg ,Black - Buddy  feat.  A$AP Ferg 
1503,cc0032a4-324b-4ff4-a111-b6ea66dc9e60,279d22ff-84ab-4b0c-9b76-481e6cbee47c,A$AP Ferg,Buddy  feat.  A$AP Ferg ,Black - Buddy  feat.  A$AP Ferg 
1504,e8cf41d3-0b0c-484e-add0-706982f016c1,7366d2e7-7d33-4c77-9707-e4441e497d70,SZA,SZA,Scorsese Baby Daddy - SZA
1505,76f4baae-8adc-44bf-8d34-566182e6fc78,ef80404d-35db-44c3-9d27-371aeba4d6fc,Brent Faiyaz,Brent Faiyaz,Best Time - Brent Faiyaz
1506,d374efa5-e328-4bb6-8cb0-ebca94853cc7,ccdd6cad-f644-4a93-a673-bfa0d39c5064,Point North,Point North,Bring Me Down - Point North
1507,9743f0ff-2ce2-4cff-9d58-05b334618953,2f258170-a763-4e80-a02c-7162adf60cd5,Daughtry,Daughtry  feat.  Lzzy Hale ,Separate Ways (Worlds Apart) - Daughtry  feat.  Lzzy Hale 
1507,9743f0ff-2ce2-4cff-9d58-05b334618953,2f258170-a763-4e80-a02c-7162adf60cd5,Lzzy Hale,Daughtry  feat.  Lzzy Hale ,Separate Ways (Worlds Apart) - Daughtry  feat.  Lzzy Hale 
1508,bc8b9fdd-ec64-47de-b460-a8e99d8a47a6,aea3be00-b40a-4478-b2d5-4b3339115f3e,Cherie Amour,Cherie Amour,Release Me - Cherie Amour
1509,4d258e09-193b-420d-af17-892231a20ff0,7f0f103b-6dc9-4296-aeb5-1f8f33fb0260,Shinedown,Shinedown,Cut the Cord - Shinedown
1510,b90f001f-f8e3-413a-b548-0e9b677f6ff6,39a0f855-9ace-4d54-8415-e43c31f92482,Three Days Grace,Three Days Grace,I Am the Weapon - Three Days Grace
1511,8009d8f3-661b-47e5-9d66-046c3a2c263c,1d4b7c3b-a8fc-44fa-9e90-8768ec4197dd,NOTHING MORE,NOTHING MORE,| SIGHT | - NOTHING MORE
1512,16bc9f80-994b-45c4-acc4-5b1b7018b5c7,7b880568-0ecf-4e2d-a5b8-47e39c2d2222,The Home Team,The Home Team,Walk This World With Me - The Home Team
1513,c1605cef-b9c1-4358-ac14-8c97bc5180f1,09766ac5-16fc-40ee-a56a-079b37c28d38,Papa Roach,Papa Roach  feat.  Beartooth ,Cut the Line - Papa Roach  feat.  Beartooth 
1513,c1605cef-b9c1-4358-ac14-8c97bc5180f1,09766ac5-16fc-40ee-a56a-079b37c28d38,Beartooth,Papa Roach  feat.  Beartooth ,Cut the Line - Papa Roach  feat.  Beartooth 
1514,cff2161f-82a3-4b50-91ce-8ce56081e645,16500487-5090-4d90-810c-7f828ddf1f07,Memphis May Fire,Memphis May Fire,Your Turn - Memphis May Fire
1515,3afc6e18-e4bb-427a-84ce-dddcd9ed5204,59854fe3-6478-4788-b0b7-5c2ce3e90eea,Mammoth WVH,Mammoth WVH,Another Celebration at the End of the World - Mammoth WVH
1516,19c96044-25e3-4a4c-b61c-93d8fe6743d7,3f53f66e-d16c-4b09-a0ad-023e6ad0b0cf,Memphis May Fire,Memphis May Fire,The American Dream - Memphis May Fire
1517,87488469-325d-4e93-82aa-7c89ed422e96,e7ada1d0-0604-4ff2-9361-939ebf5b53af,Weezer,Weezer,Say It Ain’t So - Weezer
1518,03fcf066-da54-4381-8ea9-01e325bcc7b3,f1e57531-e0df-4b3e-938f-1ae30c5b1a11,Arctic Monkeys,Arctic Monkeys,Do I Wanna Know? - Arctic Monkeys
1519,635ff8ff-3ac0-4f7c-86d5-6ba92bda6988,1d176b6e-242a-48ec-a9e3-5ae3e0e816dd,Set It Off,Set It Off,Killer in the Mirror - Set It Off
1520,854a5678-11ca-423e-83bb-e55ce5dedfee,a4a8bd2f-b0e4-4b94-8e84-88c6cbe2258d,COIN,COIN,Brad Pitt - COIN
1521,7bbbbf06-ec40-4bd9-854c-be83d0885adf,eab5039f-86e2-49bd-bfde-642780e21478,YOUNG SLO-BE,YOUNG SLO-BE,Love You - YOUNG SLO-BE
1522,393dc10a-8ee7-436a-84de-b916605536b9,d952d89e-8b07-4a8e-9be7-c8f753897d9f,Of Mice & Men,Of Mice & Men,The Depths - Of Mice & Men
1523,348252e2-af91-4374-a1b1-4d128447db58,eb25e547-e131-4165-924f-5065127d0332,Playboi Carti,Playboi Carti  ft.  A$AP Rocky ,New Choppa - Playboi Carti  ft.  A$AP Rocky 
1523,348252e2-af91-4374-a1b1-4d128447db58,eb25e547-e131-4165-924f-5065127d0332,A$AP Rocky,Playboi Carti  ft.  A$AP Rocky ,New Choppa - Playboi Carti  ft.  A$AP Rocky 
1524,f5a06fba-c0a9-4e62-9969-4139f9e0074e,77997384-6918-4066-b2fa-b77da50dfd07,The Band CAMINO,The Band CAMINO,Three Month Hangover - The Band CAMINO
1525,2e6525a4-e9df-4aa5-90af-5547f276ef74,cbbbc162-872f-47fe-b863-44a21fec233f,Post Malone,Post Malone,Something Real - Post Malone
1526,dbc295d0-6542-45aa-bb55-3660fe423b28,316d0c36-8246-43e7-b36f-a4c1a15fc1a1,Peyton Parrish,Peyton Parrish,Poetry Glass - Peyton Parrish
1527,fa67cf18-8b3d-4094-bb0b-60458e0c3561,be123684-44d6-406e-90c4-54f5e65836a0,Henrik,Henrik,Half of forever - Henrik
1528,f706ba5d-e087-42ce-8cc2-d6dfde7f6521,83223985-78c5-43f5-9a68-ce6f98be3a45,Michael Marcagi,Michael Marcagi,Scared to Start - Michael Marcagi
1529,b77fb769-3f9c-4850-be58-612260104cd8,f647ef98-2468-40fe-a33b-04a91e955990,JID,JID  &  Ari Lennox ,Can’t Make U Change - JID  &  Ari Lennox 
1529,b77fb769-3f9c-4850-be58-612260104cd8,f647ef98-2468-40fe-a33b-04a91e955990,Ari Lennox,JID  &  Ari Lennox ,Can’t Make U Change - JID  &  Ari Lennox 
1530,f4e96b0b-6efd-4c7c-b195-e8b23fa8bfe9,52dc5433-ce6f-4946-8b71-333e66bd37b8,SZA,SZA,Kill Bill - SZA
1531,a0a5b0c4-f363-4cc9-80b0-750094a6a743,638eb6ec-cc41-47aa-86ac-2e9d00b9f7a7,Melrose Avenue,Melrose Avenue,Inside Your Mind - Melrose Avenue
1532,2eda98a0-e67f-457a-9599-d0867e77b9fd,ab443b01-63ef-457e-b86c-202c93cc113e,The Neighbourhood,The Neighbourhood,24/7 - The Neighbourhood
1533,d41a9eba-616c-4e7d-965a-10752bd0ec53,b81853a4-c94d-4dd8-a8c7-feb236ac8aad,The Used,The Used,Numb - The Used
1534,3f030eea-79fe-46de-9b7c-dacbdb08bd2e,04e7a888-c18f-4ab3-9a62-a44f248b80c2,Lil Baby,Lil Baby,Freestyle - Lil Baby
1535,16bcaf97-e5ec-4437-b9d0-0cf0c0136876,eb42a83e-dc51-436a-9972-1520a80c5115,Kendrick Lamar,Kendrick Lamar,ELEMENT. - Kendrick Lamar
1536,52d294a3-3d14-4ad9-9d7a-2406b52b7304,697865c2-a9b4-439c-a447-1392f239aaa1,J.I.D,J.I.D,Slick Talk - J.I.D
1537,c1aaf8e9-ea86-4e0a-af8a-6e99f164b7e0,,,,Don’t Tell Alley - Joe Jordan
1538,4346d9bc-3aaa-4751-9a35-c9837ff9e412,398dcffc-8740-4b8b-8453-846fbf8c5de2,Mumford & Sons,Mumford & Sons,Little Lion Man - Mumford & Sons
1539,1ead769d-30cf-4228-a3b3-12bfd5fe4d98,,,,Spiraling Down - Joe Jordan
1540,02e013c2-a302-4850-8587-827852a7015c,31f919e9-acbf-42ec-bf3e-d4a78b29a205,Hozier,Hozier,Someone New - Hozier
1541,43f634ac-b002-4e6b-8f0f-caae4204a944,292effe0-7b50-4eee-bb16-cf470b2a503d,Benson Boone,Benson Boone,Beautiful Things - Benson Boone
1542,3ff2ba5e-d582-4591-8c69-2e38d3de669e,010e7b4d-9e25-45c6-aaaa-d259f7007e99,Zach Bryan,Zach Bryan  ft.  Kacey Musgraves ,I Remember Everything - Zach Bryan  ft.  Kacey Musgraves 
1542,3ff2ba5e-d582-4591-8c69-2e38d3de669e,010e7b4d-9e25-45c6-aaaa-d259f7007e99,Kacey Musgraves,Zach Bryan  ft.  Kacey Musgraves ,I Remember Everything - Zach Bryan  ft.  Kacey Musgraves 
1543,a10cbe08-b747-457d-be68-d378b24b845f,f6d454f4-9d17-4b4e-9bcb-ef92563e356f,Zach Bryan,Zach Bryan  ft.  War and Treaty ,Hey Driver - Zach Bryan  ft.  War and Treaty 
1543,a10cbe08-b747-457d-be68-d378b24b845f,f6d454f4-9d17-4b4e-9bcb-ef92563e356f,War and Treaty,Zach Bryan  ft.  War and Treaty ,Hey Driver - Zach Bryan  ft.  War and Treaty 
1544,bae27049-e783-4e82-af4a-d48d9128d745,1acdcd91-4073-49a4-a153-5c47b58fb32e,Zach Bryan,Zach Bryan  ft.  The Lumineers ,Spotless - Zach Bryan  ft.  The Lumineers 
1544,bae27049-e783-4e82-af4a-d48d9128d745,1acdcd91-4073-49a4-a153-5c47b58fb32e,The Lumineers,Zach Bryan  ft.  The Lumineers ,Spotless - Zach Bryan  ft.  The Lumineers 
1545,56418412-5c5b-4198-a935-5e02509d9e66,46ee3e26-85d4-49e4-bc65-45a2544904cc,Meek Mill,Meek Mill  feat.  Tory Lanez ,Litty - Meek Mill  feat.  Tory Lanez 
1545,56418412-5c5b-4198-a935-5e02509d9e66,46ee3e26-85d4-49e4-bc65-45a2544904cc,Tory Lanez,Meek Mill  feat.  Tory Lanez ,Litty - Meek Mill  feat.  Tory Lanez 
1546,887be15c-af01-44aa-8455-d071697ae9a0,7dbed259-f9b4-47ab-aab3-b9bfeef1a51b,J. Cole,J. Cole,03’ Adolescence - J. Cole
1547,7ddf0948-0cd2-4d32-a97f-f0b6b7e755a1,d064e2ff-c16a-44a7-8218-e6c7f6da3acf,JID,JID  &  Vince Staples ,VCRs - JID  &  Vince Staples 
1547,7ddf0948-0cd2-4d32-a97f-f0b6b7e755a1,d064e2ff-c16a-44a7-8218-e6c7f6da3acf,Vince Staples,JID  &  Vince Staples ,VCRs - JID  &  Vince Staples 
1548,7eeae93e-ad8e-46cf-b8ed-26b5b6bda0a9,d0c3bc09-40d1-4c1c-85ca-b6b01cb5b0a8,Balu Brigada,Balu Brigada,So Cold - Balu Brigada
1549,41db5d4c-7227-4eec-a9c8-0c5bd74039f5,d8ffbcca-4f55-49eb-97fe-51dc56d4d1b5,Rain City Drive,Rain City Drive,Psycho - Rain City Drive
1550,7becc857-4b4f-4f34-8543-9339a0c9dd87,9896ae5c-4a7c-4d31-ae5a-4ae1712302cf,Halsey,Halsey,Walls Could Talk - Halsey
1551,255ba725-048f-42c1-b97b-b7898cc4637c,a497d5e7-2543-4d6e-9608-0c7e7f16e0be,The Weeknd,The Weeknd,I Was Never There - The Weeknd
1552,a46e5046-7ce0-4489-800b-42927ec5da33,272be1e2-9599-4b8d-b872-5e879881d103,Hozier,Hozier,Too Sweet - Hozier
1553,9fc2ffd1-1e93-43de-98d9-91646cfbea27,892f5592-bae2-45b5-9069-e2f781237d8b,JID,JID,Community - JID
1554,57c26602-0971-4861-b59b-4aa9a6783b9b,9b6b096f-36d8-4297-b181-ea501c4b41a2,SZA,SZA,Saturn - SZA
1555,a5c5c858-445c-43fd-89cc-e19abb161608,1611a3ab-70b5-4e23-b643-d32be03e95df,Redferrin,Redferrin,Just Like Johnny - Redferrin
1556,a8b4ab95-72fa-41cd-acda-2dd8157aa015,195bde02-02b1-44c6-81cc-3a15d7552e73,1900Rugrat,1900Rugrat,One Take Freestyle - 1900Rugrat
1557,331f5be1-5b9b-4e2d-b050-8131790321e6,6c20e48a-2dff-4e6c-8081-f098438bfa50,NOTHING MORE,NOTHING MORE,FREEFALL - NOTHING MORE
1558,4f9658cc-c95f-4f39-8c9c-390018fbab9c,8926d38f-feac-4a3f-a1f4-591f0f25e2f4,Future,"Future ,  Metro Boomin ,  Travis Scott  &  Playboi Carti ","Type Shit - Future ,  Metro Boomin ,  Travis Scott  &  Playboi Carti "
1558,4f9658cc-c95f-4f39-8c9c-390018fbab9c,8926d38f-feac-4a3f-a1f4-591f0f25e2f4,Metro Boomin,"Future ,  Metro Boomin ,  Travis Scott  &  Playboi Carti ","Type Shit - Future ,  Metro Boomin ,  Travis Scott  &  Playboi Carti "
1558,4f9658cc-c95f-4f39-8c9c-390018fbab9c,8926d38f-feac-4a3f-a1f4-591f0f25e2f4,Travis Scott,"Future ,  Metro Boomin ,  Travis Scott  &  Playboi Carti ","Type Shit - Future ,  Metro Boomin ,  Travis Scott  &  Playboi Carti "
1558,4f9658cc-c95f-4f39-8c9c-390018fbab9c,8926d38f-feac-4a3f-a1f4-591f0f25e2f4,Playboi Carti,"Future ,  Metro Boomin ,  Travis Scott  &  Playboi Carti ","Type Shit - Future ,  Metro Boomin ,  Travis Scott  &  Playboi Carti "
1559,1fc23610-5df1-4b7a-8fac-77c3d3379fc1,544469e1-40b4-462a-af1e-02f12335ecba,Grayscale,Grayscale,Fever Dream - Grayscale
1560,30753fea-c867-45bb-933f-c26ded97b52d,a7df1c60-3005-4c22-9935-c650c363b28d,The Plot in You,The Plot in You,Feel Nothing - The Plot in You
1561,4659d460-817a-48ff-98c5-bb169693f82b,721a72fb-a6af-412a-a7e0-c5aa86a6f640,SLEEP CLUB,SLEEP CLUB,When I Close My Eyes - SLEEP CLUB
1562,7e490f11-4936-4da9-8877-28b7b3716121,5d7fe999-f088-495f-b32b-6da2694224a0,Rain City Drive,Rain City Drive  &  Dayseeker ,Medicate Me - Rain City Drive  &  Dayseeker 
1562,7e490f11-4936-4da9-8877-28b7b3716121,5d7fe999-f088-495f-b32b-6da2694224a0,Dayseeker,Rain City Drive  &  Dayseeker ,Medicate Me - Rain City Drive  &  Dayseeker 
1563,ea829d20-d245-465c-9e8c-39fb27fefc1d,47dc5865-f940-489d-a8b8-9a9e92295d1f,Lil Yachty,Lil Yachty  feat.  Veeze ,Can’t Be Crete Boy - Lil Yachty  feat.  Veeze 
1563,ea829d20-d245-465c-9e8c-39fb27fefc1d,47dc5865-f940-489d-a8b8-9a9e92295d1f,Veeze,Lil Yachty  feat.  Veeze ,Can’t Be Crete Boy - Lil Yachty  feat.  Veeze 
1564,cc91d7bb-31f0-49c0-9d56-8fea7ce61fc1,366ad4c5-1e4c-4680-8302-c3600071fa5c,Ski Mask the Slump God,Ski Mask the Slump God,Catch Me Outside 2 - Ski Mask the Slump God
1565,e2abd08f-e838-4e70-b8c1-1825a0cb9923,adfa584b-32f6-48eb-a9e4-4e35887bd339,Jutes,Jutes,Sleepyhead - Jutes
1566,34ce0526-d92a-4148-b129-ec58b9baeccd,e1677961-cda7-41ad-929e-82259fddb059,Too Close to Touch,Too Close to Touch  &  Bad Omens ,Novocaine - Too Close to Touch  &  Bad Omens 
1566,34ce0526-d92a-4148-b129-ec58b9baeccd,e1677961-cda7-41ad-929e-82259fddb059,Bad Omens,Too Close to Touch  &  Bad Omens ,Novocaine - Too Close to Touch  &  Bad Omens 
1567,f8dd0037-1463-459b-b840-ceecf499b353,1add4052-879f-49ce-9961-8f095c800c61,A$AP Rocky,A$AP Rocky,HELICOPTER - A$AP Rocky
1568,090e983d-e34a-4093-9cf3-fd07b3508036,7cbac5db-bb4c-4f88-a0a3-54dbc6f4ba78,The Weeknd,The Weeknd  feat.  Playboi Carti ,Timeless - The Weeknd  feat.  Playboi Carti 
1568,090e983d-e34a-4093-9cf3-fd07b3508036,7cbac5db-bb4c-4f88-a0a3-54dbc6f4ba78,Playboi Carti,The Weeknd  feat.  Playboi Carti ,Timeless - The Weeknd  feat.  Playboi Carti 
1569,6e7801d6-9dc5-4e76-ac91-476ad5ae8a19,49392f65-ebcb-4719-8f4a-5203c81d499d,Bossman Dlow,Bossman Dlow  feat.  French Montana ,Mo Chicken - Bossman Dlow  feat.  French Montana 
1569,6e7801d6-9dc5-4e76-ac91-476ad5ae8a19,49392f65-ebcb-4719-8f4a-5203c81d499d,French Montana,Bossman Dlow  feat.  French Montana ,Mo Chicken - Bossman Dlow  feat.  French Montana 
1570,35acb2f4-d090-4c0f-a37e-85445aa130b0,176b75cb-b7cb-4d93-aaa5-a1fb242bc69b,Shinedown,Shinedown,Oblivion - Shinedown
1571,ec223af1-426b-4b7f-a4f0-409ae9cf4bb9,2af1ce06-cc63-4e75-b5fa-71f7970f842f,Betcha,Betcha,Trippin - Betcha
1572,9e591898-da58-4471-8c6f-9954ad74fe16,e147e8e6-ac7c-4242-8374-37ab2f80afe4,Zach Bryan,Zach Bryan  feat.  Noah Kahan ,Sarah’s Place - Zach Bryan  feat.  Noah Kahan 
1572,9e591898-da58-4471-8c6f-9954ad74fe16,e147e8e6-ac7c-4242-8374-37ab2f80afe4,Noah Kahan,Zach Bryan  feat.  Noah Kahan ,Sarah’s Place - Zach Bryan  feat.  Noah Kahan 
1573,8731a2b5-2656-4424-803f-fc1f090758ce,6585d05f-0428-4649-92b9-fb67c89e4247,NOTHING MORE,NOTHING MORE,DOWN THE RIVER - NOTHING MORE
1574,139fa7e5-d803-4d4e-bf20-1a4cd3bde469,858ebfac-1ae5-4f12-b55d-87e7a6c55b35,Kid Cudi,Kid Cudi,Mr. Rager - Kid Cudi
1575,d23bb023-76df-40b9-bcaf-18aed0cbdbda,b62ebaa1-7af9-4727-aee1-0ad9ab1a0a6e,VUKOVI,VUKOVI,MERCY KILL - VUKOVI
1576,eafeac43-8a13-4076-ad30-c79afdbdb9a4,e36b2bc7-0bf6-47f7-8c2a-1646450fb327,The Warning,The Warning,Hell You Call a Dream - The Warning
1577,2ada15e3-0fb9-4c60-a57b-ede89a48f541,e97155dd-6cb4-4b52-a772-95fb8d1decc5,The Plot in You,The Plot in You,Don’t Look Away - The Plot in You
1578,33fa2346-6a01-4a6d-83a9-40e3aed28773,04ab2b4d-fc26-46db-9cc6-644cce561b03,Bad Omens,Bad Omens,Take Me First - Bad Omens
1579,5c128b00-9766-421a-ae08-fd98fe03678f,186f953f-3940-46ca-adf3-f70a80e658de,Until I Wake,Until I Wake,Octane - Until I Wake
1580,412649d3-d4c8-43be-96b5-e355bd989cb4,1ea52e18-5045-4a8c-a16f-ae8a7043c0ef,Tory Lanez,Tory Lanez,Real Addresses - Tory Lanez
1581,873271ad-0ca8-4c50-9a1e-aa845a8e9115,06e4802f-6f56-486b-a1c2-534ee9fe902f,BRKN LOVE,BRKN LOVE,Animal - BRKN LOVE
1582,196d5381-eb19-4deb-a61b-333cf9d384c2,eb25e547-e131-4165-924f-5065127d0332,Playboi Carti,Playboi Carti  ft.  A$AP Rocky ,New Choppa - Playboi Carti  ft.  A$AP Rocky 
1582,196d5381-eb19-4deb-a61b-333cf9d384c2,eb25e547-e131-4165-924f-5065127d0332,A$AP Rocky,Playboi Carti  ft.  A$AP Rocky ,New Choppa - Playboi Carti  ft.  A$AP Rocky 
1583,f2acedec-942d-42e8-a30b-ecb712d9f7e9,7d2f67b6-9d18-44c6-8222-6785cd07a95f,Magnolia Park,Magnolia Park,Shallow - Magnolia Park
1584,7ba2d061-bb0f-4906-8b80-204f0e975b3b,82ce7eb9-6f23-4368-bb02-ce5e6e809511,Asking Alexandria,Asking Alexandria,Alone Again - Asking Alexandria
1585,5a2dd2cf-9868-46e8-a6ca-c4311ade23fd,dc2f3f78-29f0-4aff-8968-49bdc7cbcb58,Architects,Architects,Seeing Red - Architects
1586,c549ed8b-e0eb-4aa2-97e5-7c846a3801eb,9f331d71-12ee-46c8-b155-b3828e4cfd7e,Bring Me the Horizon,Bring Me the Horizon  feat.  Lil Uzi Vert  &  Daryl Palumbo of Glassjaw ,AmEN! - Bring Me the Horizon  feat.  Lil Uzi Vert  &  Daryl Palumbo of Glassjaw 
1586,c549ed8b-e0eb-4aa2-97e5-7c846a3801eb,9f331d71-12ee-46c8-b155-b3828e4cfd7e,Lil Uzi Vert,Bring Me the Horizon  feat.  Lil Uzi Vert  &  Daryl Palumbo of Glassjaw ,AmEN! - Bring Me the Horizon  feat.  Lil Uzi Vert  &  Daryl Palumbo of Glassjaw 
1586,c549ed8b-e0eb-4aa2-97e5-7c846a3801eb,9f331d71-12ee-46c8-b155-b3828e4cfd7e,Daryl Palumbo of Glassjaw,Bring Me the Horizon  feat.  Lil Uzi Vert  &  Daryl Palumbo of Glassjaw ,AmEN! - Bring Me the Horizon  feat.  Lil Uzi Vert  &  Daryl Palumbo of Glassjaw 
1587,4edfc77b-bd99-422a-a4a8-81092f56735d,,,,Sunny Days - Luke Christopher
1588,d7b15269-53fe-4c9c-b89b-d77d71151767,3b7d9b0b-8828-4bbd-a193-e2c176aa4266,J Cole,J Cole,Interlude - J Cole
1589,160dc4b2-5304-4c1e-84e7-0ac01c592eb6,11db20e4-a946-4d64-bf43-2d7039eeaa16,Bring Me the Horizon,Bring Me the Horizon  feat.  Rahzel ,heavy metal - Bring Me the Horizon  feat.  Rahzel 
1589,160dc4b2-5304-4c1e-84e7-0ac01c592eb6,11db20e4-a946-4d64-bf43-2d7039eeaa16,Rahzel,Bring Me the Horizon  feat.  Rahzel ,heavy metal - Bring Me the Horizon  feat.  Rahzel 
1590,174a279f-c1c2-4927-aea0-c72fd228c33b,b58134ab-92f7-4680-b851-3361687eb964,Jay Rock,Jay Rock  feat.  Jeremih ,Tap Out - Jay Rock  feat.  Jeremih 
1590,174a279f-c1c2-4927-aea0-c72fd228c33b,b58134ab-92f7-4680-b851-3361687eb964,Jeremih,Jay Rock  feat.  Jeremih ,Tap Out - Jay Rock  feat.  Jeremih 
1591,8ee36c12-dfd0-45b1-96d1-5039820638b0,ed7835f6-c4a1-4b45-8dc1-be4d27f13a50,The Plot in You,The Plot in You,Spare Me - The Plot in You
1592,fc33991e-98ef-4a48-ac9c-6c0249867ee6,482aa5d4-2c12-44ac-ad69-249448d651d1,Memphis May Fire,Memphis May Fire,Somebody - Memphis May Fire
1593,05153887-b3cc-4a92-908a-1f33b714bbcf,f1475d0f-04ca-4dc4-b3d4-4188a3fd0033,Ocean Alley,Ocean Alley,Confidence - Ocean Alley
1594,786abe73-2cf8-4081-841c-9d2292ae277a,2a3ec3db-5305-461d-b075-ebff14cc3687,Cold War Kids,Cold War Kids,Meditations - Cold War Kids
1595,1e9caec8-6fe0-4c64-b44d-c364c5600ffc,0435f55c-d17b-4619-a91b-1d43bad1834d,Isles & Glaciers,Isles & Glaciers,Clush - Isles & Glaciers
1596,794998e0-6d39-4a02-8b16-afc077a0fbf3,ab692ca0-8b01-4d7e-8177-b1a2d074ee96,HARDY,HARDY,ROCKSTAR - HARDY
1597,6eef164a-7be8-4f11-941a-90376d435ce1,866d4458-2d63-4963-8402-b5d0d378824a,Playboi Carti,Playboi Carti  &  Kendrick Lamar ,GOOD CREDIT - Playboi Carti  &  Kendrick Lamar 
1597,6eef164a-7be8-4f11-941a-90376d435ce1,866d4458-2d63-4963-8402-b5d0d378824a,Kendrick Lamar,Playboi Carti  &  Kendrick Lamar ,GOOD CREDIT - Playboi Carti  &  Kendrick Lamar 
1598,8f4991f4-37ed-439a-ac63-dde1bfe1d448,7a9b9337-c428-4f8a-9ed0-c087ff9f1cdc,NOTHING MORE,NOTHING MORE  feat.  David Draiman ,ANGEL SONG - NOTHING MORE  feat.  David Draiman 
1598,8f4991f4-37ed-439a-ac63-dde1bfe1d448,7a9b9337-c428-4f8a-9ed0-c087ff9f1cdc,David Draiman,NOTHING MORE  feat.  David Draiman ,ANGEL SONG - NOTHING MORE  feat.  David Draiman 
1599,17462372-fc72-4217-90d2-f0cad6de48e0,b88a19a4-ac13-4efe-920c-dff7188b7b11,cleopatrick,cleopatrick,SARAH - cleopatrick
1600,dc44252f-778a-4e1e-8b3f-4a74cdaa789a,0b85e588-b374-4e04-b440-cace0cd14080,cleopatrick,cleopatrick,FAKE MOON - cleopatrick
1601,70349e95-7aab-4604-a6c9-c99f9ef09849,91ed8df8-d26b-4802-bafb-a54599c1a497,cleopatrick,cleopatrick,LOVE YOU - cleopatrick
1602,a22b9185-249d-414b-bbf9-84244412ed85,5ba1fcd3-71b5-4df0-82c8-12d6c1a3b8eb,cleopatrick,cleopatrick,HEAT DEATH - cleopatrick
1603,cdeef9ed-af03-4529-b6bf-9851d0d8c7e7,2c11ba0a-9def-4532-b622-c3d12dce78b1,Slaves,Slaves,Heavier - Slaves
1604,cbbd5824-8a54-4c09-8d51-12d3a176b401,5baf3fd9-65d0-4dbd-b2c0-c9cad27b9307,Dreamville,Dreamville  with  J. Cole ,Adonis Interlude (The Montage) - Dreamville  with  J. Cole 
1604,cbbd5824-8a54-4c09-8d51-12d3a176b401,5baf3fd9-65d0-4dbd-b2c0-c9cad27b9307,J. Cole,Dreamville  with  J. Cole ,Adonis Interlude (The Montage) - Dreamville  with  J. Cole 
1605,1015713e-6fda-4c8f-b1fd-5e6fa280fc21,613cc40e-1e2f-44c0-8b07-4140c96b08ab,Kendrick Lamar,Kendrick Lamar  feat.  Zacari ,LOVE. - Kendrick Lamar  feat.  Zacari 
1605,1015713e-6fda-4c8f-b1fd-5e6fa280fc21,613cc40e-1e2f-44c0-8b07-4140c96b08ab,Zacari,Kendrick Lamar  feat.  Zacari ,LOVE. - Kendrick Lamar  feat.  Zacari 
1606,6495f144-0ae9-4002-a400-90dd6c828bc3,5af76198-4435-4145-90b7-ef8b6bdaa8d3,Falling in Reverse,Falling in Reverse,Don’t Mess With Ouija Boards - Falling in Reverse
1607,ce7e8a06-7872-487c-8c9e-e3ea27f13100,c916f299-8421-4470-95f5-b2d135d67679,ScHoolboy Q,ScHoolboy Q  feat.  BJ the Chicago Kid ,Studio - ScHoolboy Q  feat.  BJ the Chicago Kid 
1607,ce7e8a06-7872-487c-8c9e-e3ea27f13100,c916f299-8421-4470-95f5-b2d135d67679,BJ the Chicago Kid,ScHoolboy Q  feat.  BJ the Chicago Kid ,Studio - ScHoolboy Q  feat.  BJ the Chicago Kid 
1608,14a37b2c-d2bb-47ac-9348-8b3d958c531b,f95fd73e-5629-4c76-bfb1-3dea29735367,Silent Vice,Silent Vice,Echo Stasis - Silent Vice
1609,b27ce5d1-aa5d-4b37-9e87-2cd5589671d6,2ca99b4f-6144-4397-95e3-ecc3543d7af6,Pierce the Veil,Pierce the Veil  feat.  Jason Butler ,Tangled in the Great Escape - Pierce the Veil  feat.  Jason Butler 
1609,b27ce5d1-aa5d-4b37-9e87-2cd5589671d6,2ca99b4f-6144-4397-95e3-ecc3543d7af6,Jason Butler,Pierce the Veil  feat.  Jason Butler ,Tangled in the Great Escape - Pierce the Veil  feat.  Jason Butler 
1610,dc1f6169-53d8-41e3-a369-6c158db2063b,8422f93b-32f8-40be-b5da-149dab749faa,Circles,Circles,Reckoning - Circles
1611,db21131c-6dfd-4b7e-81f0-f5117f6f9f1e,6c673cc0-fa66-4a2b-b379-8dcee437ea19,Lil Durk,Lil Durk  &  Morgan Wallen ,Broadway Girls - Lil Durk  &  Morgan Wallen 
1611,db21131c-6dfd-4b7e-81f0-f5117f6f9f1e,6c673cc0-fa66-4a2b-b379-8dcee437ea19,Morgan Wallen,Lil Durk  &  Morgan Wallen ,Broadway Girls - Lil Durk  &  Morgan Wallen 
1612,2d0288e9-369f-4a58-beb0-2ecaa6159a30,ddba86eb-7439-4d81-8204-9843567043ec,Loveless,Loveless,MIDDLE OF THE NIGHT - Loveless
1613,78ad6012-2ad0-4527-9758-63f29b20cf43,fea0cca5-29eb-4670-afdb-1d9b39a57717,The Home Team,The Home Team,Worthy - The Home Team
1614,376bfa7b-5083-4595-ab8a-4a58bf05d744,c43d6208-7caf-4f8e-ab4b-e1b20fd77e52,Corey Kent,Corey Kent,This Heart - Corey Kent
1615,42dfd066-dd11-4f66-a825-72080b34431c,dc19676f-ad3c-4e50-8101-839a50b8b846,Flyleaf,Flyleaf,Fully Alive - Flyleaf
1616,1c571bf3-ccca-463c-ba31-752c73ae7eb9,8f0a7ffb-941e-4e07-b36b-33e5aa48a670,Chief Keef,Chief Keef  feat.  50 Cent  &  Wiz Khalifa ,Hate Bein’ Sober - Chief Keef  feat.  50 Cent  &  Wiz Khalifa 
1616,1c571bf3-ccca-463c-ba31-752c73ae7eb9,8f0a7ffb-941e-4e07-b36b-33e5aa48a670,50 Cent,Chief Keef  feat.  50 Cent  &  Wiz Khalifa ,Hate Bein’ Sober - Chief Keef  feat.  50 Cent  &  Wiz Khalifa 
1616,1c571bf3-ccca-463c-ba31-752c73ae7eb9,8f0a7ffb-941e-4e07-b36b-33e5aa48a670,Wiz Khalifa,Chief Keef  feat.  50 Cent  &  Wiz Khalifa ,Hate Bein’ Sober - Chief Keef  feat.  50 Cent  &  Wiz Khalifa 
1617,8306423c-4aae-4bf8-a97d-f934c6fd476d,244d8a42-f670-416d-9e2b-dc9cb58ccf2a,Pink Sweat$,Pink Sweat$,Honesty - Pink Sweat$
1618,3f2d6b33-3a83-4e17-9ebc-42989ab62e06,cbe2d20d-3df8-4f70-ba4d-e2ced024f679,Lil Uzi Vert,Lil Uzi Vert,Baby Pluto - Lil Uzi Vert
1619,1f1459b3-46c6-4f19-8dc1-b4a62bb1badd,505ae984-deac-4c1c-a398-6ab4a0c48d21,All Time Low,All Time Low,Stella - All Time Low
1620,0a9c4ed9-4d0c-48c0-82ec-6c553ccca3a4,d658e681-3e31-4c91-9cd1-27515a0418ab,Lil Wayne,"Lil Wayne ,  Wiz Khalifa  &  Imagine Dragons  with  Logic  and  Ty Dolla $ign  feat.  X Ambassadors ","Sucker for Pain - Lil Wayne ,  Wiz Khalifa  &  Imagine Dragons  with  Logic  and  Ty Dolla $ign  feat.  X Ambassadors "
1620,0a9c4ed9-4d0c-48c0-82ec-6c553ccca3a4,d658e681-3e31-4c91-9cd1-27515a0418ab,Wiz Khalifa,"Lil Wayne ,  Wiz Khalifa  &  Imagine Dragons  with  Logic  and  Ty Dolla $ign  feat.  X Ambassadors ","Sucker for Pain - Lil Wayne ,  Wiz Khalifa  &  Imagine Dragons  with  Logic  and  Ty Dolla $ign  feat.  X Ambassadors "
1620,0a9c4ed9-4d0c-48c0-82ec-6c553ccca3a4,d658e681-3e31-4c91-9cd1-27515a0418ab,Imagine Dragons,"Lil Wayne ,  Wiz Khalifa  &  Imagine Dragons  with  Logic  and  Ty Dolla $ign  feat.  X Ambassadors ","Sucker for Pain - Lil Wayne ,  Wiz Khalifa  &  Imagine Dragons  with  Logic  and  Ty Dolla $ign  feat.  X Ambassadors "
1620,0a9c4ed9-4d0c-48c0-82ec-6c553ccca3a4,d658e681-3e31-4c91-9cd1-27515a0418ab,Logic,"Lil Wayne ,  Wiz Khalifa  &  Imagine Dragons  with  Logic  and  Ty Dolla $ign  feat.  X Ambassadors ","Sucker for Pain - Lil Wayne ,  Wiz Khalifa  &  Imagine Dragons  with  Logic  and  Ty Dolla $ign  feat.  X Ambassadors "
1620,0a9c4ed9-4d0c-48c0-82ec-6c553ccca3a4,d658e681-3e31-4c91-9cd1-27515a0418ab,Ty Dolla $ign,"Lil Wayne ,  Wiz Khalifa  &  Imagine Dragons  with  Logic  and  Ty Dolla $ign  feat.  X Ambassadors ","Sucker for Pain - Lil Wayne ,  Wiz Khalifa  &  Imagine Dragons  with  Logic  and  Ty Dolla $ign  feat.  X Ambassadors "
1620,0a9c4ed9-4d0c-48c0-82ec-6c553ccca3a4,d658e681-3e31-4c91-9cd1-27515a0418ab,X Ambassadors,"Lil Wayne ,  Wiz Khalifa  &  Imagine Dragons  with  Logic  and  Ty Dolla $ign  feat.  X Ambassadors ","Sucker for Pain - Lil Wayne ,  Wiz Khalifa  &  Imagine Dragons  with  Logic  and  Ty Dolla $ign  feat.  X Ambassadors "
1621,53c868d3-e025-4c17-ad62-e4a502980bb7,9ec60e63-b0ba-48fa-8f02-b83003bd3f27,Luke Christopher,Luke Christopher,Jameson - Luke Christopher
1622,f46e003d-3b92-447d-9107-63f1a18c7af6,cf2ee2af-7a49-4845-a676-4bfae0589b9e,Nas,Nas  feat.  Puff Daddy ,Hate Me Now - Nas  feat.  Puff Daddy 
1622,f46e003d-3b92-447d-9107-63f1a18c7af6,cf2ee2af-7a49-4845-a676-4bfae0589b9e,Puff Daddy,Nas  feat.  Puff Daddy ,Hate Me Now - Nas  feat.  Puff Daddy 
1623,2584e087-2c02-4e91-b736-2d6e4c1b2795,ab1512fc-bea3-4723-9722-bd84fd256659,BROCKHAMPTON,BROCKHAMPTON,I BEEN BORN AGAIN - BROCKHAMPTON
1624,07168493-507c-4bd0-a9ab-5ba1d225700d,6f799bd0-6cd7-46ce-9bc3-3c3c8c89180c,J. Cole,J. Cole  feat.  TLC ,Crooked Smile - J. Cole  feat.  TLC 
1624,07168493-507c-4bd0-a9ab-5ba1d225700d,6f799bd0-6cd7-46ce-9bc3-3c3c8c89180c,TLC,J. Cole  feat.  TLC ,Crooked Smile - J. Cole  feat.  TLC 
1625,31fe0321-ca3d-4c3d-b9a4-f8d1d1a705ad,d1b1a123-9785-4c88-8ec3-bfc0b0954635,Travis Scott,Travis Scott,4X4 - Travis Scott
1626,239dda14-8829-49f4-a6a6-6ed71876dfe8,,,,STAR - Quarters of Change
1627,e3242c56-5531-4117-9b2f-1cbda421dc02,d55cde7f-2b8c-42e0-92dd-dae0ca23d87e,Point North,Point North,STITCH ME UP - Point North
1628,0e281947-2f4e-4966-af9f-15d3cd94a24d,2ae7fb78-843a-4f54-87b6-86ce7f156212,AVOID,AVOID  feat.  Colorblind ,The Song of the Summer - AVOID  feat.  Colorblind 
1628,0e281947-2f4e-4966-af9f-15d3cd94a24d,2ae7fb78-843a-4f54-87b6-86ce7f156212,Colorblind,AVOID  feat.  Colorblind ,The Song of the Summer - AVOID  feat.  Colorblind 
1629,85d57c34-9ecc-4496-9869-d124740aadfb,ebe2fc53-175e-4217-a3c5-451659c3d352,AVOID,AVOID,Sour Apple - AVOID
1630,6be06aa6-5c0f-4bed-9053-532b9d11bdcb,0e8bf4fc-3a19-46ff-8023-7010c5125ef2,Panic! at the Disco,Panic! at the Disco,Time to Dance - Panic! at the Disco
1631,099950d7-7d50-4810-8851-178a02438eb4,6c282560-6e13-491e-843d-fce9a8021aa6,WILLOW,WILLOW  feat.  Travis Barker ,t r a n s p a r e n t s o u l - WILLOW  feat.  Travis Barker 
1631,099950d7-7d50-4810-8851-178a02438eb4,6c282560-6e13-491e-843d-fce9a8021aa6,Travis Barker,WILLOW  feat.  Travis Barker ,t r a n s p a r e n t s o u l - WILLOW  feat.  Travis Barker 
1632,459b6285-9612-4f86-af94-1d7a69683ff0,30a6feb0-e400-44a6-894d-02eb22d7a45a,Breaking Benjamin,Breaking Benjamin,The Diary of Jane - Breaking Benjamin
1633,2aabc1be-7a9f-4d1c-b591-66724b7c07aa,0f4512a8-c856-4022-bb81-2c219ba572e0,Isles & Glaciers,Isles & Glaciers,Hills Like White Elephants - Isles & Glaciers
1634,5073c770-97e9-4cc9-b0b7-475d99962f55,14cdcc57-68bf-466b-8ec9-57ef097c79bb,Siaynoq,Siaynoq,Ambrosia - Siaynoq
1635,0349236a-a0bc-4b10-a339-c7be53102d8f,5a97b963-3f1a-4da0-8b08-add3cb57fdca,Deftones,Deftones,Sextape - Deftones
1636,1be5259a-e59c-4304-b967-1c8e6a8a72f8,16c65ba3-9dcb-4b01-8d26-a2e27c7f2298,Shinedown,Shinedown,BLACK SOUL - Shinedown
1637,324584f3-71ae-4169-b178-17353f16de84,63c754d9-37e9-4002-8be3-443baf8d24c2,Beartooth,Beartooth,In Between - Beartooth
1638,a3da210c-7b38-4fab-a162-9bb92062b342,992967a4-6154-4c1d-92de-66db1998bcf5,Thousand Below,Thousand Below,Sabotage - Thousand Below
1639,81208a6c-af7c-4c00-a631-395bff552509,d419bcac-5bdb-4b23-8190-f844950fdefc,Elijah,Elijah,SKIN - Elijah
1640,62e3fd08-c339-4e15-b2dd-72eb03b25a5c,92155ba2-b134-4f38-b964-1d80eb1bd75e,Travis Scott,Travis Scott  feat.  Kacy Hill ,90210 - Travis Scott  feat.  Kacy Hill 
1640,62e3fd08-c339-4e15-b2dd-72eb03b25a5c,92155ba2-b134-4f38-b964-1d80eb1bd75e,Kacy Hill,Travis Scott  feat.  Kacy Hill ,90210 - Travis Scott  feat.  Kacy Hill 
1641,30390299-7bde-4789-9e08-07975158942b,ec2c0dd0-b8d0-45eb-b4e3-dc9e5936546d,Point North,Point North,2 LITER SPITE - Point North
1642,f20028eb-4fcd-4e70-85af-a87dc3b0b800,50e03ee5-b9ca-4319-8b59-2c924cfc723f,Caskets,Caskets,The Only Heaven You’ll Know - Caskets
1643,f622a4cc-92b9-4eb0-bed3-be48bd17bcc6,a0aca77f-6899-43dc-bb83-e9a6b7e54967,If Not For Me,If Not For Me,Feel Me Now - If Not For Me
1644,00c92d26-c9b6-4457-94e5-cfcf5b742fe2,09f90074-62d9-4ba1-a076-be48a0fbd11a,PVRIS,PVRIS,My House - PVRIS
1645,3dbc9224-4baa-4efb-8e27-1a3bb5951645,98a74f1c-71a0-4607-a14c-e3c1f65b96ca,Wage War,Wage War,MAGNETIC - Wage War
1646,de1b8fd8-c1bf-4a4a-a971-dc7902d34f9f,8204059a-9d08-4db7-918d-5017c932fa29,Pierce the Veil,Pierce the Veil  featuring  chloe moriondo ,12 Fractures - Pierce the Veil  featuring  chloe moriondo 
1646,de1b8fd8-c1bf-4a4a-a971-dc7902d34f9f,8204059a-9d08-4db7-918d-5017c932fa29,chloe moriondo,Pierce the Veil  featuring  chloe moriondo ,12 Fractures - Pierce the Veil  featuring  chloe moriondo 
1647,2a93ad64-3181-4aa6-a043-dfa39ebb807d,3dd048e0-cd25-474c-b8dc-e99f131f128b,Pierce the Veil,Pierce the Veil  feat.  Lindsey Stamey ,Hold on Till May - Pierce the Veil  feat.  Lindsey Stamey 
1647,2a93ad64-3181-4aa6-a043-dfa39ebb807d,3dd048e0-cd25-474c-b8dc-e99f131f128b,Lindsey Stamey,Pierce the Veil  feat.  Lindsey Stamey ,Hold on Till May - Pierce the Veil  feat.  Lindsey Stamey 
1648,2f05997f-d5b9-4b09-ad3d-5015d06da969,affdb8c6-2157-4c75-80fc-5f49c2e0611f,Three Days Grace,Three Days Grace,Home - Three Days Grace
1649,082d7c70-744b-4484-9942-f8ba902f5421,37966d79-8273-467b-b565-9e72980e787e,Chevelle,Chevelle,Grab Thy Hand - Chevelle
1650,a255bb4f-51f5-4946-bda4-22507e049eb2,f7a6b05e-3b55-44dc-b341-74c977de9c73,Token,Token,Curfew - Token
1651,1facae2f-a802-4cfc-836e-9e7093ffd248,d71e1d94-1d0e-4820-96bb-4aef1d3804ec,J.I.D,J.I.D  &  Conway ,Ballads - J.I.D  &  Conway 
1651,1facae2f-a802-4cfc-836e-9e7093ffd248,d71e1d94-1d0e-4820-96bb-4aef1d3804ec,Conway,J.I.D  &  Conway ,Ballads - J.I.D  &  Conway 
1652,d1552bf0-5c8b-4959-b7c6-68970f51e957,b442aa5c-143d-48e4-aba0-00b0ba772106,Atreyu,Atreyu,Drowning - Atreyu
1653,35e20bb9-d4ef-4839-93f2-944ac4d49117,ecd644ff-aba9-4901-ab6b-276408dc0364,Future,Future,I Serve the Base - Future
1654,223c4391-9ba0-408d-81a5-a4528cdf2397,,,,SAY IT BACK - Luke Christopher
1655,0b8e7f4c-3be9-4bb7-ae8b-95931554740a,fae3baf5-c2df-4955-b8a3-934cca56ef8f,All Time Low,All Time Low,Poppin’ Champagne - All Time Low
1656,92fe2d54-14ff-42b4-abdc-38841ad56e27,6f442524-3f75-4f39-b26b-8cd1ee12831a,Of Mice & Men,Of Mice & Men,Second & Sebring - Of Mice & Men
1657,15737bc9-950a-44ea-a016-46416bf1162b,b0bceab5-4e28-4596-8c8a-b4400f3f1975,Leon Thomas,Leon Thomas  &  Big Sean ,PARTY FAVORS - Leon Thomas  &  Big Sean 
1657,15737bc9-950a-44ea-a016-46416bf1162b,b0bceab5-4e28-4596-8c8a-b4400f3f1975,Big Sean,Leon Thomas  &  Big Sean ,PARTY FAVORS - Leon Thomas  &  Big Sean 
1658,afe01ef0-63b3-4842-ab7c-036cdbd99fe5,2cfbcc98-22d0-462d-ad57-06045ead88ed,Broadside,Broadside,I Think They Know - Broadside
1659,89ba56e6-6593-481c-b60c-9ca1fc95805e,1994aa01-8923-4e7d-bf37-81e9a4cf2396,Before Today,Before Today,Pierce the Veil - Before Today
1660,c1b55f19-3d1c-44dc-aca8-c868c537fe00,,,,LOOK_AT_ME_ - Culi.
1661,4b822ef1-51e7-4366-9afe-67b4d5d2f43b,684e53d2-456b-401e-ad8c-42ec1beed6d9,Architects,Architects,Everything Ends - Architects
1662,c22214b5-6a6b-4d49-9194-b363dd02ffa7,7f5e09fe-6409-49e3-b293-61211ea60bf7,Chris Brown,Chris Brown  feat.  T‐Pain ,Kiss Kiss - Chris Brown  feat.  T‐Pain 
1662,c22214b5-6a6b-4d49-9194-b363dd02ffa7,7f5e09fe-6409-49e3-b293-61211ea60bf7,T‐Pain,Chris Brown  feat.  T‐Pain ,Kiss Kiss - Chris Brown  feat.  T‐Pain 
1663,4989f238-a020-4cd2-9cee-cf31915ab80d,9689e845-ed95-407d-8f05-5980e29fa772,Scotty McCreery,Scotty McCreery,Damn Strait - Scotty McCreery
1664,45796f71-e722-4f3a-84e6-5009540fc0de,f34a505d-db1e-430d-913a-9daed181b7c0,cleopatrick,cleopatrick,BIG MACHINE - cleopatrick
1665,45e53856-ffd9-4d29-82d9-c2e3a287c7c7,5980ab43-fd3d-49e2-8b97-8749cd062b6b,cleopatrick,cleopatrick,CHEW - cleopatrick
1666,026f9b7f-958a-4bda-bc9a-6a6b6e20fec2,2fd5e581-49cb-4cc1-a38f-0dc77ebaceef,cleopatrick,cleopatrick,SOFTDRIVE - cleopatrick
1667,003c1bbd-677b-4b01-afc2-d8099ea9d71f,c6e69eda-db5e-43b7-a2ca-bd9bd41049e7,cleopatrick,cleopatrick,PLEASE - cleopatrick
1668,d9aca558-aa78-4a25-aec2-b36422e075c9,c5ed0674-e633-4b92-9455-91c87bfbf09d,cleopatrick,cleopatrick,HAMMER - cleopatrick
1669,d7c8d73d-fa78-47a8-a2fc-d105ea65f315,886be501-92a6-4f7c-a819-183f9bfb8d0f,cleopatrick,cleopatrick,BAD GUY - cleopatrick
1670,eede9565-bd36-40af-9f84-75dc2bbc8d17,845bd2c3-a43e-430e-94b5-eb9a5a22b1a1,Fit for a King,Fit for a King,No Tomorrow - Fit for a King
1671,c0def654-d1b8-4639-a0da-04f6fe96ff11,975629ad-d3a9-4ec6-81f0-c1165b034250,Nerv,Nerv,Low - Nerv
1672,110548df-c88b-42e1-9cce-a89e3d27e103,538661e2-f9bd-4354-84d5-abefc21d9ec5,Bryson Tiller,Bryson Tiller,Sorry Not Sorry - Bryson Tiller
1673,16c21dc1-36be-4ddf-a274-98ebb0a87c8c,240ce563-437b-41aa-901e-3067735c770c,Trapt,Trapt,Headstrong - Trapt
1674,becc281e-5544-4a39-8ba2-5b5bbde9cca7,20df9bc6-0929-4b41-8a86-1697bb67dacb,Our Promise,Our Promise,Panic Waves - Our Promise
1675,8fbfc45a-0c71-475c-a428-1556fec3d5b7,e8d49121-d263-48a7-a0bc-e629f7c54aa7,Panic! at the Disco,Panic! at the Disco,Lying Is the Most Fun a Girl Can Have Without Taking Her Clothes Off - Panic! at the Disco
1676,29a9b4f7-4d2d-4301-942a-dacf9d326db7,4045786e-0933-425e-a3b7-8615282fb0e4,Basement,Basement,Covet - Basement
1677,5cc150a3-6db6-4693-90f3-5fa5d6050250,69c7fe3d-512f-4daf-b4ba-84e994373fe4,The Neighbourhood,The Neighbourhood,OMG - The Neighbourhood
1678,6a3b553a-8aba-4a40-8cf4-c8e09e782ed6,9fc001da-c73a-4be0-9f93-53232e8ce50e,Attack Attack!,Attack Attack!,Concrete - Attack Attack!
1679,7ed1e726-7dc7-4e53-8960-9c5c11f6ad2f,,,,What's Today? - Dinosaurs In Paris
1680,1ed7b3f2-b40a-44f1-916b-f3a660202250,f3997e75-ab27-494e-b93e-d38b19ebdb9b,J. Cole,J. Cole,Foldin Clothes - J. Cole
1681,f05c8f52-c6a3-4656-bc94-f37d9dc4a0c3,cf4b0dd9-7295-4449-92e3-ea24fda0a995,Papa Roach,Papa Roach,Broken as Me - Papa Roach
1682,5b3395d2-12e6-46ae-8305-40b8b44fb126,7a99905b-9ff5-4d07-9c6c-2e7d71d27914,Shinedown,Shinedown,How Did You Love? - Shinedown
1683,457168d7-cb77-4e28-9f6c-c5922336a086,615dbdd4-14f9-453f-9174-41ebf10c9e00,J. Cole,J. Cole  feat.  Morray  &  21 Savage ,m y . l i f e - J. Cole  feat.  Morray  &  21 Savage 
1683,457168d7-cb77-4e28-9f6c-c5922336a086,615dbdd4-14f9-453f-9174-41ebf10c9e00,Morray,J. Cole  feat.  Morray  &  21 Savage ,m y . l i f e - J. Cole  feat.  Morray  &  21 Savage 
1683,457168d7-cb77-4e28-9f6c-c5922336a086,615dbdd4-14f9-453f-9174-41ebf10c9e00,21 Savage,J. Cole  feat.  Morray  &  21 Savage ,m y . l i f e - J. Cole  feat.  Morray  &  21 Savage 
1684,3950e730-6840-40f5-8010-ec9ffd1cf018,7090808c-434d-46a2-929e-28f8464fa4e4,Daughtry,Daughtry,Heavy Is the Crown - Daughtry
1685,43fc7d86-0473-4ce8-b181-15c68a07fdbd,acf138ff-5533-44d2-b5f2-6ef4cda8f409,Sam Barber,Sam Barber,Better Year - Sam Barber
1686,306a57c5-447e-46c2-9f07-bdbbc61ad916,4705bb31-56c4-4959-96da-c49ebb5eca4c,Mt. Joy,Mt. Joy,Dirty Love - Mt. Joy
1687,a2fa4478-b92b-4730-994e-7b7bdb1a85db,955962c6-7e95-4223-ba17-9103a92b624f,Leon Thomas,Leon Thomas,MUTT - Leon Thomas
1688,db83cfd6-5acb-4e67-8688-7d6a6301e414,8290f2d3-59ee-4806-8fda-5149de94f799,Post Malone,Post Malone  feat.  Morgan Wallen ,I Had Some Help - Post Malone  feat.  Morgan Wallen 
1688,db83cfd6-5acb-4e67-8688-7d6a6301e414,8290f2d3-59ee-4806-8fda-5149de94f799,Morgan Wallen,Post Malone  feat.  Morgan Wallen ,I Had Some Help - Post Malone  feat.  Morgan Wallen 
1689,bd4e0c2f-46f9-4deb-9fcd-134f7737e6d2,c35c9b7f-9a5f-41aa-be94-b4151f4a8f91,Dead Poet Society,Dead Poet Society,HURT - Dead Poet Society
