,recording_mbid,genres
0,000c3003-0e65-43b8-b273-016ef119c015,contemporary gospel
0,000c3003-0e65-43b8-b273-016ef119c015,christian hip hop
0,000c3003-0e65-43b8-b273-016ef119c015,praise & worship
0,000c3003-0e65-43b8-b273-016ef119c015,contemporary christian
0,000c3003-0e65-43b8-b273-016ef119c015,contemporary christian
1,001f564a-3e5f-4995-bba3-1c7495c22bd1,hip hop
1,001f564a-3e5f-4995-bba3-1c7495c22bd1,boom bap
1,001f564a-3e5f-4995-bba3-1c7495c22bd1,east coast hip hop
1,001f564a-3e5f-4995-bba3-1c7495c22bd1,pop rap
1,001f564a-3e5f-4995-bba3-1c7495c22bd1,jazz rap
1,001f564a-3e5f-4995-bba3-1c7495c22bd1,conscious hip hop
2,0044ede3-98b6-4cd5-9747-d3d05e2f1a5d,progressive rap
2,0044ede3-98b6-4cd5-9747-d3d05e2f1a5d,alternative hip hop
2,0044ede3-98b6-4cd5-9747-d3d05e2f1a5d,gangsta rap
2,0044ede3-98b6-4cd5-9747-d3d05e2f1a5d,2020s
2,0044ede3-98b6-4cd5-9747-d3d05e2f1a5d,dance
2,0044ede3-98b6-4cd5-9747-d3d05e2f1a5d,alternative r&b
2,0044ede3-98b6-4cd5-9747-d3d05e2f1a5d,future bass
2,0044ede3-98b6-4cd5-9747-d3d05e2f1a5d,house
2,0044ede3-98b6-4cd5-9747-d3d05e2f1a5d,2010s
2,0044ede3-98b6-4cd5-9747-d3d05e2f1a5d,contemporary r&b
2,0044ede3-98b6-4cd5-9747-d3d05e2f1a5d,r&b
2,0044ede3-98b6-4cd5-9747-d3d05e2f1a5d,neo soul
2,0044ede3-98b6-4cd5-9747-d3d05e2f1a5d,female vocals
2,0044ede3-98b6-4cd5-9747-d3d05e2f1a5d,electronic
2,0044ede3-98b6-4cd5-9747-d3d05e2f1a5d,alternative rnb
2,0044ede3-98b6-4cd5-9747-d3d05e2f1a5d,rnb
2,0044ede3-98b6-4cd5-9747-d3d05e2f1a5d,american
2,0044ede3-98b6-4cd5-9747-d3d05e2f1a5d,neo-soul
2,0044ede3-98b6-4cd5-9747-d3d05e2f1a5d,soul
2,0044ede3-98b6-4cd5-9747-d3d05e2f1a5d,hip hop soul
2,0044ede3-98b6-4cd5-9747-d3d05e2f1a5d,pop
2,0044ede3-98b6-4cd5-9747-d3d05e2f1a5d,jazz
2,0044ede3-98b6-4cd5-9747-d3d05e2f1a5d,pop
2,0044ede3-98b6-4cd5-9747-d3d05e2f1a5d,trap
2,0044ede3-98b6-4cd5-9747-d3d05e2f1a5d,pop rap
2,0044ede3-98b6-4cd5-9747-d3d05e2f1a5d,r&b
2,0044ede3-98b6-4cd5-9747-d3d05e2f1a5d,rap
2,0044ede3-98b6-4cd5-9747-d3d05e2f1a5d,west coast hip hop
2,0044ede3-98b6-4cd5-9747-d3d05e2f1a5d,hardcore hip hop
2,0044ede3-98b6-4cd5-9747-d3d05e2f1a5d,hip hop
2,0044ede3-98b6-4cd5-9747-d3d05e2f1a5d,conscious hip hop
2,0044ede3-98b6-4cd5-9747-d3d05e2f1a5d,jazz rap
2,0044ede3-98b6-4cd5-9747-d3d05e2f1a5d,disco
2,0044ede3-98b6-4cd5-9747-d3d05e2f1a5d,conscious rapper
2,0044ede3-98b6-4cd5-9747-d3d05e2f1a5d,contemporary rap
3,00544013-953d-4a18-bed9-8ff615ea06b8,hip hop
3,00544013-953d-4a18-bed9-8ff615ea06b8,soul
3,00544013-953d-4a18-bed9-8ff615ea06b8,cocaine rap
4,010e7b4d-9e25-45c6-aaaa-d259f7007e99,country
4,010e7b4d-9e25-45c6-aaaa-d259f7007e99,alternative country
4,010e7b4d-9e25-45c6-aaaa-d259f7007e99,americana
4,010e7b4d-9e25-45c6-aaaa-d259f7007e99,contemporary country
4,010e7b4d-9e25-45c6-aaaa-d259f7007e99,alternative country
4,010e7b4d-9e25-45c6-aaaa-d259f7007e99,easy listening
4,010e7b4d-9e25-45c6-aaaa-d259f7007e99,red dirt
4,010e7b4d-9e25-45c6-aaaa-d259f7007e99,country pop
4,010e7b4d-9e25-45c6-aaaa-d259f7007e99,americana
4,010e7b4d-9e25-45c6-aaaa-d259f7007e99,country
5,0133e675-b38f-4d23-854c-4a331f06214b,hardcore punk
5,0133e675-b38f-4d23-854c-4a331f06214b,pop
5,0133e675-b38f-4d23-854c-4a331f06214b,post-hardcore
5,0133e675-b38f-4d23-854c-4a331f06214b,pop screamo
5,0133e675-b38f-4d23-854c-4a331f06214b,easycore
5,0133e675-b38f-4d23-854c-4a331f06214b,alternative/indie rock
5,0133e675-b38f-4d23-854c-4a331f06214b,emo
5,0133e675-b38f-4d23-854c-4a331f06214b,progressive rock
5,0133e675-b38f-4d23-854c-4a331f06214b,melodic hardcore
5,0133e675-b38f-4d23-854c-4a331f06214b,scene
5,0133e675-b38f-4d23-854c-4a331f06214b,millennial
5,0133e675-b38f-4d23-854c-4a331f06214b,experimental rock
5,0133e675-b38f-4d23-854c-4a331f06214b,rock
5,0133e675-b38f-4d23-854c-4a331f06214b,alternative rock
5,0133e675-b38f-4d23-854c-4a331f06214b,alternative
5,0133e675-b38f-4d23-854c-4a331f06214b,screamo
5,0133e675-b38f-4d23-854c-4a331f06214b,pop punk
5,0133e675-b38f-4d23-854c-4a331f06214b,pop rock
6,014b41c6-8eb1-4268-936d-72897468f061,post-hardcore
6,014b41c6-8eb1-4268-936d-72897468f061,pop punk
6,014b41c6-8eb1-4268-936d-72897468f061,metalcore
6,014b41c6-8eb1-4268-936d-72897468f061,acoustic
6,014b41c6-8eb1-4268-936d-72897468f061,pop screamo
6,014b41c6-8eb1-4268-936d-72897468f061,emo pop
6,014b41c6-8eb1-4268-936d-72897468f061,alternative rock
7,01552e9a-11b0-4b5d-bcd5-cd15850ebd29,queer
7,01552e9a-11b0-4b5d-bcd5-cd15850ebd29,contemporary r&b
7,01552e9a-11b0-4b5d-bcd5-cd15850ebd29,dance
7,01552e9a-11b0-4b5d-bcd5-cd15850ebd29,synth-pop
7,01552e9a-11b0-4b5d-bcd5-cd15850ebd29,electropop
7,01552e9a-11b0-4b5d-bcd5-cd15850ebd29,alternative
7,01552e9a-11b0-4b5d-bcd5-cd15850ebd29,indie pop
7,01552e9a-11b0-4b5d-bcd5-cd15850ebd29,rock
7,01552e9a-11b0-4b5d-bcd5-cd15850ebd29,indie
7,01552e9a-11b0-4b5d-bcd5-cd15850ebd29,alternative rock
7,01552e9a-11b0-4b5d-bcd5-cd15850ebd29,pop
7,01552e9a-11b0-4b5d-bcd5-cd15850ebd29,2020s
7,01552e9a-11b0-4b5d-bcd5-cd15850ebd29,2010s
7,01552e9a-11b0-4b5d-bcd5-cd15850ebd29,female vocalists
7,01552e9a-11b0-4b5d-bcd5-cd15850ebd29,hip hop
7,01552e9a-11b0-4b5d-bcd5-cd15850ebd29,female vocals
7,01552e9a-11b0-4b5d-bcd5-cd15850ebd29,alternative r&b
7,01552e9a-11b0-4b5d-bcd5-cd15850ebd29,art pop
7,01552e9a-11b0-4b5d-bcd5-cd15850ebd29,alternative pop
7,01552e9a-11b0-4b5d-bcd5-cd15850ebd29,pop rock
7,01552e9a-11b0-4b5d-bcd5-cd15850ebd29,country
8,0155deef-1cd3-4142-a2cf-fbb25c027dbd,chamber pop
8,0155deef-1cd3-4142-a2cf-fbb25c027dbd,power pop
8,0155deef-1cd3-4142-a2cf-fbb25c027dbd,electropop
8,0155deef-1cd3-4142-a2cf-fbb25c027dbd,alternative rock
8,0155deef-1cd3-4142-a2cf-fbb25c027dbd,rock
8,0155deef-1cd3-4142-a2cf-fbb25c027dbd,pop punk
8,0155deef-1cd3-4142-a2cf-fbb25c027dbd,emo
8,0155deef-1cd3-4142-a2cf-fbb25c027dbd,group turned solo project
8,0155deef-1cd3-4142-a2cf-fbb25c027dbd,emo pop
8,0155deef-1cd3-4142-a2cf-fbb25c027dbd,pop rock
8,0155deef-1cd3-4142-a2cf-fbb25c027dbd,baroque pop
9,01742228-24b2-4071-8371-17db82c4ccae,hip hop
9,01742228-24b2-4071-8371-17db82c4ccae,trap
9,01742228-24b2-4071-8371-17db82c4ccae,rap
9,01742228-24b2-4071-8371-17db82c4ccae,detroit hip hop
9,01742228-24b2-4071-8371-17db82c4ccae,r&b
9,01742228-24b2-4071-8371-17db82c4ccae,southern hip hop
9,01742228-24b2-4071-8371-17db82c4ccae,pop rap
9,01742228-24b2-4071-8371-17db82c4ccae,pop rap
9,01742228-24b2-4071-8371-17db82c4ccae,hip hop
9,01742228-24b2-4071-8371-17db82c4ccae,english
9,01742228-24b2-4071-8371-17db82c4ccae,rap
10,017de610-34d8-4db3-8f7d-7ee6ac79b0b7,
11,018873b9-62ca-4119-ad01-17b1655bed82,pop
11,018873b9-62ca-4119-ad01-17b1655bed82,neo soul
11,018873b9-62ca-4119-ad01-17b1655bed82,rnb
11,018873b9-62ca-4119-ad01-17b1655bed82,electronic
11,018873b9-62ca-4119-ad01-17b1655bed82,r&b
11,018873b9-62ca-4119-ad01-17b1655bed82,contemporary r&b
11,018873b9-62ca-4119-ad01-17b1655bed82,alternative r&b
11,018873b9-62ca-4119-ad01-17b1655bed82,female vocals
11,018873b9-62ca-4119-ad01-17b1655bed82,american
11,018873b9-62ca-4119-ad01-17b1655bed82,neo-soul
11,018873b9-62ca-4119-ad01-17b1655bed82,soul
11,018873b9-62ca-4119-ad01-17b1655bed82,alternative rnb
11,018873b9-62ca-4119-ad01-17b1655bed82,hip hop soul
12,01891a66-c613-482b-869d-f1043acc804e,
13,020630c0-978b-4b5c-9e91-ccc2e5227df1,experimental rock
13,020630c0-978b-4b5c-9e91-ccc2e5227df1,post-hardcore
14,02449738-4edb-4d57-85e6-4a326349b8dc,top 100
14,02449738-4edb-4d57-85e6-4a326349b8dc,atlanta hip-hop
14,02449738-4edb-4d57-85e6-4a326349b8dc,sxsw
14,02449738-4edb-4d57-85e6-4a326349b8dc,austin city limits
14,02449738-4edb-4d57-85e6-4a326349b8dc,trap (rap)
14,02449738-4edb-4d57-85e6-4a326349b8dc,top 5
14,02449738-4edb-4d57-85e6-4a326349b8dc,southern rap
14,02449738-4edb-4d57-85e6-4a326349b8dc,contemporary country
14,02449738-4edb-4d57-85e6-4a326349b8dc,country rock
14,02449738-4edb-4d57-85e6-4a326349b8dc,rock
14,02449738-4edb-4d57-85e6-4a326349b8dc,contemporary rap
14,02449738-4edb-4d57-85e6-4a326349b8dc,hardcore hip hop
14,02449738-4edb-4d57-85e6-4a326349b8dc,dirty south
14,02449738-4edb-4d57-85e6-4a326349b8dc,relic inn
14,02449738-4edb-4d57-85e6-4a326349b8dc,top 10
14,02449738-4edb-4d57-85e6-4a326349b8dc,southern hip-hop
14,02449738-4edb-4d57-85e6-4a326349b8dc,trap
14,02449738-4edb-4d57-85e6-4a326349b8dc,hip hop
14,02449738-4edb-4d57-85e6-4a326349b8dc,pop rap
14,02449738-4edb-4d57-85e6-4a326349b8dc,trap rap
14,02449738-4edb-4d57-85e6-4a326349b8dc,southern hip hop
14,02449738-4edb-4d57-85e6-4a326349b8dc,trap music
14,02449738-4edb-4d57-85e6-4a326349b8dc,gangsta rap
15,02759489-c74f-4000-9c9f-8355feb2e65e,
16,028fbea0-6994-483c-8f03-4fa3b3acc70a,
17,02bfc4e8-4a7c-4ba1-a1d5-1c7cd8f97b36,tumblr
17,02bfc4e8-4a7c-4ba1-a1d5-1c7cd8f97b36,indie pop
17,02bfc4e8-4a7c-4ba1-a1d5-1c7cd8f97b36,alternative rock
18,02dca35c-af77-44ea-8045-547d671db8e5,hard rock
18,02dca35c-af77-44ea-8045-547d671db8e5,rock
18,02dca35c-af77-44ea-8045-547d671db8e5,alternative rock
19,034e6489-111b-4d0e-980f-86e8b8575daf,
20,0379ff8a-7d59-4bf0-9b44-0b8e2612695c,hip hop soul
20,0379ff8a-7d59-4bf0-9b44-0b8e2612695c,r&b
20,0379ff8a-7d59-4bf0-9b44-0b8e2612695c,contemporary r&b
20,0379ff8a-7d59-4bf0-9b44-0b8e2612695c,neo-soul
20,0379ff8a-7d59-4bf0-9b44-0b8e2612695c,soul
20,0379ff8a-7d59-4bf0-9b44-0b8e2612695c,rnb
20,0379ff8a-7d59-4bf0-9b44-0b8e2612695c,alternative rnb
20,0379ff8a-7d59-4bf0-9b44-0b8e2612695c,female vocals
20,0379ff8a-7d59-4bf0-9b44-0b8e2612695c,electronic
20,0379ff8a-7d59-4bf0-9b44-0b8e2612695c,american
20,0379ff8a-7d59-4bf0-9b44-0b8e2612695c,alternative r&b
20,0379ff8a-7d59-4bf0-9b44-0b8e2612695c,pop
20,0379ff8a-7d59-4bf0-9b44-0b8e2612695c,neo soul
21,0389942c-b4a1-4cad-81cd-4e74de72236d,experimental
21,0389942c-b4a1-4cad-81cd-4e74de72236d,experimental rock
21,0389942c-b4a1-4cad-81cd-4e74de72236d,math rock
21,0389942c-b4a1-4cad-81cd-4e74de72236d,metalcore
21,0389942c-b4a1-4cad-81cd-4e74de72236d,swancore
21,0389942c-b4a1-4cad-81cd-4e74de72236d,progressive rock
21,0389942c-b4a1-4cad-81cd-4e74de72236d,hardcore
21,0389942c-b4a1-4cad-81cd-4e74de72236d,pop
21,0389942c-b4a1-4cad-81cd-4e74de72236d,rock
21,0389942c-b4a1-4cad-81cd-4e74de72236d,screamo
21,0389942c-b4a1-4cad-81cd-4e74de72236d,emocore
21,0389942c-b4a1-4cad-81cd-4e74de72236d,emo
21,0389942c-b4a1-4cad-81cd-4e74de72236d,alternative/indie rock
21,0389942c-b4a1-4cad-81cd-4e74de72236d,post-hardcore
22,03b2b1e5-4ddf-4170-afa5-497ec49f9090,emo
22,03b2b1e5-4ddf-4170-afa5-497ec49f9090,experimental rock
22,03b2b1e5-4ddf-4170-afa5-497ec49f9090,screamo
22,03b2b1e5-4ddf-4170-afa5-497ec49f9090,post-hardcore
22,03b2b1e5-4ddf-4170-afa5-497ec49f9090,swancore
22,03b2b1e5-4ddf-4170-afa5-497ec49f9090,rock
22,03b2b1e5-4ddf-4170-afa5-497ec49f9090,emocore
22,03b2b1e5-4ddf-4170-afa5-497ec49f9090,math rock
22,03b2b1e5-4ddf-4170-afa5-497ec49f9090,metalcore
22,03b2b1e5-4ddf-4170-afa5-497ec49f9090,experimental
22,03b2b1e5-4ddf-4170-afa5-497ec49f9090,hardcore
22,03b2b1e5-4ddf-4170-afa5-497ec49f9090,alternative/indie rock
22,03b2b1e5-4ddf-4170-afa5-497ec49f9090,progressive rock
22,03b2b1e5-4ddf-4170-afa5-497ec49f9090,pop
23,0439b19b-d1ce-4594-a6de-5392d97fcfad,country rock
23,0439b19b-d1ce-4594-a6de-5392d97fcfad,contemporary country
23,0439b19b-d1ce-4594-a6de-5392d97fcfad,southern rock
23,0439b19b-d1ce-4594-a6de-5392d97fcfad,country pop
24,047b3ef5-2e1c-4a21-880a-ee2a6efa5b04,pop
25,05057303-2e91-4277-9120-d83b5cdda4cd,art pop
25,05057303-2e91-4277-9120-d83b5cdda4cd,alternative pop
25,05057303-2e91-4277-9120-d83b5cdda4cd,alternative metal
25,05057303-2e91-4277-9120-d83b5cdda4cd,progressive metal
25,05057303-2e91-4277-9120-d83b5cdda4cd,alternative r&b
25,05057303-2e91-4277-9120-d83b5cdda4cd,djent
25,05057303-2e91-4277-9120-d83b5cdda4cd,progressive rock
26,0547b950-f2d4-41cd-a201-b6a3ffb7838b,
27,0549e4b8-1084-4e3d-ac7b-d93f5a560793,trap rap
27,0549e4b8-1084-4e3d-ac7b-d93f5a560793,southern hip hop
27,0549e4b8-1084-4e3d-ac7b-d93f5a560793,hip hop
27,0549e4b8-1084-4e3d-ac7b-d93f5a560793,dirty south
27,0549e4b8-1084-4e3d-ac7b-d93f5a560793,pop rap
27,0549e4b8-1084-4e3d-ac7b-d93f5a560793,rapper
27,0549e4b8-1084-4e3d-ac7b-d93f5a560793,gangsta rap
27,0549e4b8-1084-4e3d-ac7b-d93f5a560793,hardcore hip hop
27,0549e4b8-1084-4e3d-ac7b-d93f5a560793,trap
27,0549e4b8-1084-4e3d-ac7b-d93f5a560793,hip hop
27,0549e4b8-1084-4e3d-ac7b-d93f5a560793,hip hop
27,0549e4b8-1084-4e3d-ac7b-d93f5a560793,conscious hip hop
27,0549e4b8-1084-4e3d-ac7b-d93f5a560793,boom bap
27,0549e4b8-1084-4e3d-ac7b-d93f5a560793,southern hip hop
27,0549e4b8-1084-4e3d-ac7b-d93f5a560793,east coast hip hop
28,056fbf4a-a354-447f-91a9-39e0fb823a64,alternative r&b
28,056fbf4a-a354-447f-91a9-39e0fb823a64,pop
28,056fbf4a-a354-447f-91a9-39e0fb823a64,rnb
28,056fbf4a-a354-447f-91a9-39e0fb823a64,alternative rnb
28,056fbf4a-a354-447f-91a9-39e0fb823a64,hip hop soul
28,056fbf4a-a354-447f-91a9-39e0fb823a64,rap
28,056fbf4a-a354-447f-91a9-39e0fb823a64,contemporary r&b
28,056fbf4a-a354-447f-91a9-39e0fb823a64,pop rap
28,056fbf4a-a354-447f-91a9-39e0fb823a64,experimental hip hop
28,056fbf4a-a354-447f-91a9-39e0fb823a64,female vocals
28,056fbf4a-a354-447f-91a9-39e0fb823a64,southern hip hop
28,056fbf4a-a354-447f-91a9-39e0fb823a64,r&b
28,056fbf4a-a354-447f-91a9-39e0fb823a64,neo soul
28,056fbf4a-a354-447f-91a9-39e0fb823a64,english
28,056fbf4a-a354-447f-91a9-39e0fb823a64,hip hop
28,056fbf4a-a354-447f-91a9-39e0fb823a64,soul
28,056fbf4a-a354-447f-91a9-39e0fb823a64,trap
28,056fbf4a-a354-447f-91a9-39e0fb823a64,neo-soul
28,056fbf4a-a354-447f-91a9-39e0fb823a64,american
28,056fbf4a-a354-447f-91a9-39e0fb823a64,electronic
29,057c8042-8030-4070-b01b-b11b00817a0d,emo
29,057c8042-8030-4070-b01b-b11b00817a0d,electropop
29,057c8042-8030-4070-b01b-b11b00817a0d,alternative rock
29,057c8042-8030-4070-b01b-b11b00817a0d,pop punk
29,057c8042-8030-4070-b01b-b11b00817a0d,pop rock
29,057c8042-8030-4070-b01b-b11b00817a0d,chamber pop
29,057c8042-8030-4070-b01b-b11b00817a0d,rock
29,057c8042-8030-4070-b01b-b11b00817a0d,power pop
29,057c8042-8030-4070-b01b-b11b00817a0d,baroque pop
29,057c8042-8030-4070-b01b-b11b00817a0d,emo pop
29,057c8042-8030-4070-b01b-b11b00817a0d,group turned solo project
30,05b394e8-3b2c-4cc4-9a2c-cbe2814d362c,r&b
30,05b394e8-3b2c-4cc4-9a2c-cbe2814d362c,house
30,05b394e8-3b2c-4cc4-9a2c-cbe2814d362c,dance
30,05b394e8-3b2c-4cc4-9a2c-cbe2814d362c,disco
30,05b394e8-3b2c-4cc4-9a2c-cbe2814d362c,progressive rap
30,05b394e8-3b2c-4cc4-9a2c-cbe2814d362c,jazz rap
30,05b394e8-3b2c-4cc4-9a2c-cbe2814d362c,conscious hip hop
30,05b394e8-3b2c-4cc4-9a2c-cbe2814d362c,hip hop
30,05b394e8-3b2c-4cc4-9a2c-cbe2814d362c,hardcore hip hop
30,05b394e8-3b2c-4cc4-9a2c-cbe2814d362c,west coast hip hop
30,05b394e8-3b2c-4cc4-9a2c-cbe2814d362c,rap
30,05b394e8-3b2c-4cc4-9a2c-cbe2814d362c,pop rap
30,05b394e8-3b2c-4cc4-9a2c-cbe2814d362c,jazz
30,05b394e8-3b2c-4cc4-9a2c-cbe2814d362c,pop rap
30,05b394e8-3b2c-4cc4-9a2c-cbe2814d362c,experimental hip hop
30,05b394e8-3b2c-4cc4-9a2c-cbe2814d362c,pop
30,05b394e8-3b2c-4cc4-9a2c-cbe2814d362c,trap
30,05b394e8-3b2c-4cc4-9a2c-cbe2814d362c,southern hip hop
30,05b394e8-3b2c-4cc4-9a2c-cbe2814d362c,english
30,05b394e8-3b2c-4cc4-9a2c-cbe2814d362c,hip hop
30,05b394e8-3b2c-4cc4-9a2c-cbe2814d362c,trap
30,05b394e8-3b2c-4cc4-9a2c-cbe2814d362c,rap
30,05b394e8-3b2c-4cc4-9a2c-cbe2814d362c,future bass
30,05b394e8-3b2c-4cc4-9a2c-cbe2814d362c,alternative hip hop
30,05b394e8-3b2c-4cc4-9a2c-cbe2814d362c,gangsta rap
30,05b394e8-3b2c-4cc4-9a2c-cbe2814d362c,2020s
30,05b394e8-3b2c-4cc4-9a2c-cbe2814d362c,2010s
30,05b394e8-3b2c-4cc4-9a2c-cbe2814d362c,conscious rapper
30,05b394e8-3b2c-4cc4-9a2c-cbe2814d362c,contemporary rap
31,05e98511-c2ee-4a09-82f7-ad4844741b76,country
31,05e98511-c2ee-4a09-82f7-ad4844741b76,contemporary country
31,05e98511-c2ee-4a09-82f7-ad4844741b76,country pop
31,05e98511-c2ee-4a09-82f7-ad4844741b76,country rock
32,061ddd86-bfaf-497c-b5f5-b208217407aa,
33,06d82ce5-fb26-4522-957a-91645f81fa0f,
34,07d08093-0708-4a1a-8b18-a7e81cf0c2f3,alternative rock
34,07d08093-0708-4a1a-8b18-a7e81cf0c2f3,pop punk
34,07d08093-0708-4a1a-8b18-a7e81cf0c2f3,emo
34,07d08093-0708-4a1a-8b18-a7e81cf0c2f3,hip hop
35,0813ed4b-f652-4968-868f-2db10adb6c36,alternative rock
35,0813ed4b-f652-4968-868f-2db10adb6c36,emo pop
35,0813ed4b-f652-4968-868f-2db10adb6c36,power pop
35,0813ed4b-f652-4968-868f-2db10adb6c36,indie rock
35,0813ed4b-f652-4968-868f-2db10adb6c36,emo
35,0813ed4b-f652-4968-868f-2db10adb6c36,pop punk
36,0888b00f-9a49-4450-a11c-938aff07bd58,alternative pop
36,0888b00f-9a49-4450-a11c-938aff07bd58,art pop
36,0888b00f-9a49-4450-a11c-938aff07bd58,alternative metal
36,0888b00f-9a49-4450-a11c-938aff07bd58,progressive rock
36,0888b00f-9a49-4450-a11c-938aff07bd58,djent
36,0888b00f-9a49-4450-a11c-938aff07bd58,alternative r&b
36,0888b00f-9a49-4450-a11c-938aff07bd58,progressive metal
37,08c80e89-2914-4c7a-afaf-83f50bfafa4b,trap
37,08c80e89-2914-4c7a-afaf-83f50bfafa4b,west coast hip hop
37,08c80e89-2914-4c7a-afaf-83f50bfafa4b,hip hop
38,08cbf725-d3d1-48e7-8629-c9117e85d8f6,country
38,08cbf725-d3d1-48e7-8629-c9117e85d8f6,hip hop
38,08cbf725-d3d1-48e7-8629-c9117e85d8f6,pop rap
38,08cbf725-d3d1-48e7-8629-c9117e85d8f6,english
38,08cbf725-d3d1-48e7-8629-c9117e85d8f6,r&b
38,08cbf725-d3d1-48e7-8629-c9117e85d8f6,contemporary r&b
38,08cbf725-d3d1-48e7-8629-c9117e85d8f6,2010s
38,08cbf725-d3d1-48e7-8629-c9117e85d8f6,mumble rap
38,08cbf725-d3d1-48e7-8629-c9117e85d8f6,trap
38,08cbf725-d3d1-48e7-8629-c9117e85d8f6,alternative r&b
38,08cbf725-d3d1-48e7-8629-c9117e85d8f6,pop rap
38,08cbf725-d3d1-48e7-8629-c9117e85d8f6,trap
38,08cbf725-d3d1-48e7-8629-c9117e85d8f6,cloud rap
38,08cbf725-d3d1-48e7-8629-c9117e85d8f6,gangsta rap
38,08cbf725-d3d1-48e7-8629-c9117e85d8f6,southern hip hop
38,08cbf725-d3d1-48e7-8629-c9117e85d8f6,hip hop
38,08cbf725-d3d1-48e7-8629-c9117e85d8f6,2020s
39,098a16a6-f383-4b70-9550-bb272f055a11,indie
39,098a16a6-f383-4b70-9550-bb272f055a11,alternative
40,09a613f7-5f9d-414a-9c4a-5c318dfe6b9a,hip hop
40,09a613f7-5f9d-414a-9c4a-5c318dfe6b9a,2010s
40,09a613f7-5f9d-414a-9c4a-5c318dfe6b9a,southern hip hop
40,09a613f7-5f9d-414a-9c4a-5c318dfe6b9a,english
40,09a613f7-5f9d-414a-9c4a-5c318dfe6b9a,2020s
40,09a613f7-5f9d-414a-9c4a-5c318dfe6b9a,trap rap
40,09a613f7-5f9d-414a-9c4a-5c318dfe6b9a,trap
41,09c5d994-5f5f-41b6-bfbe-60cc4b2c8539,
42,0ba8063f-6d83-45c2-bd1b-3846d923e0c3,alternative r&b
42,0ba8063f-6d83-45c2-bd1b-3846d923e0c3,art pop
42,0ba8063f-6d83-45c2-bd1b-3846d923e0c3,djent
42,0ba8063f-6d83-45c2-bd1b-3846d923e0c3,progressive metal
42,0ba8063f-6d83-45c2-bd1b-3846d923e0c3,alternative pop
42,0ba8063f-6d83-45c2-bd1b-3846d923e0c3,alternative metal
42,0ba8063f-6d83-45c2-bd1b-3846d923e0c3,progressive rock
43,0bd4048f-4096-4d9c-8b92-ba640c98c11e,drill
43,0bd4048f-4096-4d9c-8b92-ba640c98c11e,hip hop
43,0bd4048f-4096-4d9c-8b92-ba640c98c11e,death by murder
43,0bd4048f-4096-4d9c-8b92-ba640c98c11e,chicago drill
43,0bd4048f-4096-4d9c-8b92-ba640c98c11e,trap
44,0c199068-a309-4cc5-9ffa-f5498ff9c49e,american
44,0c199068-a309-4cc5-9ffa-f5498ff9c49e,emo
44,0c199068-a309-4cc5-9ffa-f5498ff9c49e,indie
44,0c199068-a309-4cc5-9ffa-f5498ff9c49e,pop punk
44,0c199068-a309-4cc5-9ffa-f5498ff9c49e,midwest emo
45,0d2083a9-bcd6-4bc1-a513-a9ca9c0c3cf4,pop rock
45,0d2083a9-bcd6-4bc1-a513-a9ca9c0c3cf4,metal
45,0d2083a9-bcd6-4bc1-a513-a9ca9c0c3cf4,post-grunge
45,0d2083a9-bcd6-4bc1-a513-a9ca9c0c3cf4,rock
45,0d2083a9-bcd6-4bc1-a513-a9ca9c0c3cf4,hard rock
45,0d2083a9-bcd6-4bc1-a513-a9ca9c0c3cf4,alternative metal
46,0d751dff-30e6-46fd-bc75-574f973d9eac,pop rap
46,0d751dff-30e6-46fd-bc75-574f973d9eac,soul
46,0d751dff-30e6-46fd-bc75-574f973d9eac,alternative r&b
46,0d751dff-30e6-46fd-bc75-574f973d9eac,contemporary r&b
46,0d751dff-30e6-46fd-bc75-574f973d9eac,wonky
47,0ddd3308-8def-4cab-9a83-b38893144f20,indie rock
48,0e29eb2f-b9fd-4b7c-bf01-a927f04a73c5,trip hop
48,0e29eb2f-b9fd-4b7c-bf01-a927f04a73c5,pop rock
48,0e29eb2f-b9fd-4b7c-bf01-a927f04a73c5,new wave
48,0e29eb2f-b9fd-4b7c-bf01-a927f04a73c5,synth-pop
48,0e29eb2f-b9fd-4b7c-bf01-a927f04a73c5,contemporary r&b
48,0e29eb2f-b9fd-4b7c-bf01-a927f04a73c5,english
48,0e29eb2f-b9fd-4b7c-bf01-a927f04a73c5,hip hop
48,0e29eb2f-b9fd-4b7c-bf01-a927f04a73c5,rage
48,0e29eb2f-b9fd-4b7c-bf01-a927f04a73c5,2010s
48,0e29eb2f-b9fd-4b7c-bf01-a927f04a73c5,2020s
48,0e29eb2f-b9fd-4b7c-bf01-a927f04a73c5,rap
48,0e29eb2f-b9fd-4b7c-bf01-a927f04a73c5,plugg
48,0e29eb2f-b9fd-4b7c-bf01-a927f04a73c5,cloud rap
48,0e29eb2f-b9fd-4b7c-bf01-a927f04a73c5,trap
48,0e29eb2f-b9fd-4b7c-bf01-a927f04a73c5,southern hip hop
48,0e29eb2f-b9fd-4b7c-bf01-a927f04a73c5,contemporary r&b
48,0e29eb2f-b9fd-4b7c-bf01-a927f04a73c5,hypnagogic pop
48,0e29eb2f-b9fd-4b7c-bf01-a927f04a73c5,synth-pop
48,0e29eb2f-b9fd-4b7c-bf01-a927f04a73c5,pop
48,0e29eb2f-b9fd-4b7c-bf01-a927f04a73c5,electropop
48,0e29eb2f-b9fd-4b7c-bf01-a927f04a73c5,art pop
48,0e29eb2f-b9fd-4b7c-bf01-a927f04a73c5,electronic
48,0e29eb2f-b9fd-4b7c-bf01-a927f04a73c5,folk music
48,0e29eb2f-b9fd-4b7c-bf01-a927f04a73c5,adult contemporary music
48,0e29eb2f-b9fd-4b7c-bf01-a927f04a73c5,dance music
48,0e29eb2f-b9fd-4b7c-bf01-a927f04a73c5,club
48,0e29eb2f-b9fd-4b7c-bf01-a927f04a73c5,contemporary pop/rock
48,0e29eb2f-b9fd-4b7c-bf01-a927f04a73c5,adult contemporary
48,0e29eb2f-b9fd-4b7c-bf01-a927f04a73c5,female vocals
48,0e29eb2f-b9fd-4b7c-bf01-a927f04a73c5,electronica
48,0e29eb2f-b9fd-4b7c-bf01-a927f04a73c5,bubblegum pop
48,0e29eb2f-b9fd-4b7c-bf01-a927f04a73c5,easy listening
48,0e29eb2f-b9fd-4b7c-bf01-a927f04a73c5,edm
48,0e29eb2f-b9fd-4b7c-bf01-a927f04a73c5,country pop
48,0e29eb2f-b9fd-4b7c-bf01-a927f04a73c5,pop
48,0e29eb2f-b9fd-4b7c-bf01-a927f04a73c5,alternative r&b
48,0e29eb2f-b9fd-4b7c-bf01-a927f04a73c5,r&b
48,0e29eb2f-b9fd-4b7c-bf01-a927f04a73c5,dance-pop
48,0e29eb2f-b9fd-4b7c-bf01-a927f04a73c5,dance-pop
48,0e29eb2f-b9fd-4b7c-bf01-a927f04a73c5,jazz
49,0e4055c7-6331-4697-96f6-79da8b157a78,alternative rock
49,0e4055c7-6331-4697-96f6-79da8b157a78,rock
49,0e4055c7-6331-4697-96f6-79da8b157a78,alternative
49,0e4055c7-6331-4697-96f6-79da8b157a78,emo
49,0e4055c7-6331-4697-96f6-79da8b157a78,pop rock
49,0e4055c7-6331-4697-96f6-79da8b157a78,power pop
49,0e4055c7-6331-4697-96f6-79da8b157a78,pop punk
50,0e831736-1882-4357-b2fb-6c53ae38233b,english
50,0e831736-1882-4357-b2fb-6c53ae38233b,pop rap
50,0e831736-1882-4357-b2fb-6c53ae38233b,alternative r&b
50,0e831736-1882-4357-b2fb-6c53ae38233b,rap
50,0e831736-1882-4357-b2fb-6c53ae38233b,hip hop
51,0ea16ab7-6dae-4118-acbf-f5aa2124c0c8,
52,0f2ca5c8-3ae7-46d9-a096-81d07429e92b,trap
52,0f2ca5c8-3ae7-46d9-a096-81d07429e92b,hip hop
52,0f2ca5c8-3ae7-46d9-a096-81d07429e92b,hip hop
52,0f2ca5c8-3ae7-46d9-a096-81d07429e92b,rap
53,0f787784-868a-45ac-a0cf-607fafd97e40,
54,0fbf5e4e-f7a3-43f2-abb0-453990e85355,top 10
54,0fbf5e4e-f7a3-43f2-abb0-453990e85355,gangsta rap
54,0fbf5e4e-f7a3-43f2-abb0-453990e85355,trap
54,0fbf5e4e-f7a3-43f2-abb0-453990e85355,east coast hip hop
54,0fbf5e4e-f7a3-43f2-abb0-453990e85355,hip hop
54,0fbf5e4e-f7a3-43f2-abb0-453990e85355,latin
54,0fbf5e4e-f7a3-43f2-abb0-453990e85355,pop rap
54,0fbf5e4e-f7a3-43f2-abb0-453990e85355,hip hop
54,0fbf5e4e-f7a3-43f2-abb0-453990e85355,east coast hip hop
54,0fbf5e4e-f7a3-43f2-abb0-453990e85355,reggaeton
54,0fbf5e4e-f7a3-43f2-abb0-453990e85355,top 100
54,0fbf5e4e-f7a3-43f2-abb0-453990e85355,rap
54,0fbf5e4e-f7a3-43f2-abb0-453990e85355,trap latino
55,0fd3ebc6-7c48-407d-9ab7-312d0ac39a41,punk
55,0fd3ebc6-7c48-407d-9ab7-312d0ac39a41,pop rock
55,0fd3ebc6-7c48-407d-9ab7-312d0ac39a41,pop punk
56,0fd77307-430c-4b35-bf88-35f7a1aba869,pop punk
57,0fd79d24-f1be-4de4-8d70-f013c5f357f1,hip hop
57,0fd79d24-f1be-4de4-8d70-f013c5f357f1,alternative r&b
57,0fd79d24-f1be-4de4-8d70-f013c5f357f1,trap
58,0ff7a467-ead8-49b9-9ee3-5c2889b94b12,art pop
58,0ff7a467-ead8-49b9-9ee3-5c2889b94b12,progressive rock
58,0ff7a467-ead8-49b9-9ee3-5c2889b94b12,alternative r&b
58,0ff7a467-ead8-49b9-9ee3-5c2889b94b12,progressive metal
58,0ff7a467-ead8-49b9-9ee3-5c2889b94b12,alternative metal
58,0ff7a467-ead8-49b9-9ee3-5c2889b94b12,djent
58,0ff7a467-ead8-49b9-9ee3-5c2889b94b12,alternative pop
59,101be464-9087-4e8e-9edb-a87ae6af706e,emo
59,101be464-9087-4e8e-9edb-a87ae6af706e,alternative
59,101be464-9087-4e8e-9edb-a87ae6af706e,punk
59,101be464-9087-4e8e-9edb-a87ae6af706e,pop rock
59,101be464-9087-4e8e-9edb-a87ae6af706e,power pop
59,101be464-9087-4e8e-9edb-a87ae6af706e,neon pop
59,101be464-9087-4e8e-9edb-a87ae6af706e,powerpop
59,101be464-9087-4e8e-9edb-a87ae6af706e,rock
59,101be464-9087-4e8e-9edb-a87ae6af706e,pop punk
59,101be464-9087-4e8e-9edb-a87ae6af706e,emo-pop
59,101be464-9087-4e8e-9edb-a87ae6af706e,alternative/indie rock
59,101be464-9087-4e8e-9edb-a87ae6af706e,modern rock
59,101be464-9087-4e8e-9edb-a87ae6af706e,emo pop
59,101be464-9087-4e8e-9edb-a87ae6af706e,pop
59,101be464-9087-4e8e-9edb-a87ae6af706e,alternative rock
60,1090894d-0420-4771-a8c1-b7723556c2b1,tumblr
60,1090894d-0420-4771-a8c1-b7723556c2b1,indie pop
60,1090894d-0420-4771-a8c1-b7723556c2b1,alternative rock
61,1093cf79-ec35-4349-b5f4-500f12e6a10b,pop rock
61,1093cf79-ec35-4349-b5f4-500f12e6a10b,punk
61,1093cf79-ec35-4349-b5f4-500f12e6a10b,pop punk
62,109b989a-7fec-4f3b-a422-c14372d6728c,drum and bass
62,109b989a-7fec-4f3b-a422-c14372d6728c,psychedelic rock
62,109b989a-7fec-4f3b-a422-c14372d6728c,nu metal
62,109b989a-7fec-4f3b-a422-c14372d6728c,deathcore
62,109b989a-7fec-4f3b-a422-c14372d6728c,metalcore
62,109b989a-7fec-4f3b-a422-c14372d6728c,post-hardcore
62,109b989a-7fec-4f3b-a422-c14372d6728c,alternative metal
62,109b989a-7fec-4f3b-a422-c14372d6728c,screamo
62,109b989a-7fec-4f3b-a422-c14372d6728c,electronic rock
62,109b989a-7fec-4f3b-a422-c14372d6728c,house
62,109b989a-7fec-4f3b-a422-c14372d6728c,electronic
62,109b989a-7fec-4f3b-a422-c14372d6728c,melodic metalcore
62,109b989a-7fec-4f3b-a422-c14372d6728c,alternative rock
62,109b989a-7fec-4f3b-a422-c14372d6728c,emo
62,109b989a-7fec-4f3b-a422-c14372d6728c,rock
62,109b989a-7fec-4f3b-a422-c14372d6728c,hard rock
62,109b989a-7fec-4f3b-a422-c14372d6728c,alternative/indie rock
62,109b989a-7fec-4f3b-a422-c14372d6728c,pop rock
62,109b989a-7fec-4f3b-a422-c14372d6728c,pop
62,109b989a-7fec-4f3b-a422-c14372d6728c,heavy metal
63,10cb9489-f6f2-4c7d-a67d-491e226976f6,r&b
64,10f0e0a6-352f-4903-92a4-50b6ff2295a6,emo
64,10f0e0a6-352f-4903-92a4-50b6ff2295a6,experimental rock
64,10f0e0a6-352f-4903-92a4-50b6ff2295a6,metalcore
64,10f0e0a6-352f-4903-92a4-50b6ff2295a6,progressive rock
64,10f0e0a6-352f-4903-92a4-50b6ff2295a6,screamo
64,10f0e0a6-352f-4903-92a4-50b6ff2295a6,post-hardcore
64,10f0e0a6-352f-4903-92a4-50b6ff2295a6,math rock
64,10f0e0a6-352f-4903-92a4-50b6ff2295a6,swancore
64,10f0e0a6-352f-4903-92a4-50b6ff2295a6,pop
64,10f0e0a6-352f-4903-92a4-50b6ff2295a6,emocore
64,10f0e0a6-352f-4903-92a4-50b6ff2295a6,rock
64,10f0e0a6-352f-4903-92a4-50b6ff2295a6,alternative/indie rock
64,10f0e0a6-352f-4903-92a4-50b6ff2295a6,experimental
64,10f0e0a6-352f-4903-92a4-50b6ff2295a6,hardcore
65,115cb8ee-ca32-4f0c-8d33-6070cc828a8e,alternative rock
65,115cb8ee-ca32-4f0c-8d33-6070cc828a8e,indie rock
66,11693a5e-1fe5-46ad-a6ed-54330e6b1053,metal
66,11693a5e-1fe5-46ad-a6ed-54330e6b1053,shoegaze
66,11693a5e-1fe5-46ad-a6ed-54330e6b1053,alternative metal
67,117ea298-83ba-444a-ac60-8bd2870178c0,alternative rock
67,117ea298-83ba-444a-ac60-8bd2870178c0,rock
67,117ea298-83ba-444a-ac60-8bd2870178c0,pop punk
67,117ea298-83ba-444a-ac60-8bd2870178c0,pop rock
67,117ea298-83ba-444a-ac60-8bd2870178c0,power pop
67,117ea298-83ba-444a-ac60-8bd2870178c0,chamber pop
67,117ea298-83ba-444a-ac60-8bd2870178c0,group turned solo project
67,117ea298-83ba-444a-ac60-8bd2870178c0,emo pop
67,117ea298-83ba-444a-ac60-8bd2870178c0,baroque pop
67,117ea298-83ba-444a-ac60-8bd2870178c0,emo
67,117ea298-83ba-444a-ac60-8bd2870178c0,electropop
68,124fec9a-d3aa-4bbd-acbc-370757fccd2b,electronic
68,124fec9a-d3aa-4bbd-acbc-370757fccd2b,metalcore
68,124fec9a-d3aa-4bbd-acbc-370757fccd2b,post-hardcore
68,124fec9a-d3aa-4bbd-acbc-370757fccd2b,alternative rock
69,127842b6-6a9e-44ad-9ec0-27b451df7362,psychedelic rock
69,127842b6-6a9e-44ad-9ec0-27b451df7362,drum and bass
69,127842b6-6a9e-44ad-9ec0-27b451df7362,post-hardcore
69,127842b6-6a9e-44ad-9ec0-27b451df7362,alternative/indie rock
69,127842b6-6a9e-44ad-9ec0-27b451df7362,melodic metalcore
69,127842b6-6a9e-44ad-9ec0-27b451df7362,screamo
69,127842b6-6a9e-44ad-9ec0-27b451df7362,electronic
69,127842b6-6a9e-44ad-9ec0-27b451df7362,pop
69,127842b6-6a9e-44ad-9ec0-27b451df7362,rock
69,127842b6-6a9e-44ad-9ec0-27b451df7362,deathcore
69,127842b6-6a9e-44ad-9ec0-27b451df7362,house
69,127842b6-6a9e-44ad-9ec0-27b451df7362,emo
69,127842b6-6a9e-44ad-9ec0-27b451df7362,nu metal
69,127842b6-6a9e-44ad-9ec0-27b451df7362,alternative metal
69,127842b6-6a9e-44ad-9ec0-27b451df7362,pop rock
69,127842b6-6a9e-44ad-9ec0-27b451df7362,electronic rock
69,127842b6-6a9e-44ad-9ec0-27b451df7362,hard rock
69,127842b6-6a9e-44ad-9ec0-27b451df7362,heavy metal
69,127842b6-6a9e-44ad-9ec0-27b451df7362,metalcore
69,127842b6-6a9e-44ad-9ec0-27b451df7362,alternative rock
70,12fc7109-df16-41ab-9b68-f20e65895085,group turned solo project
70,12fc7109-df16-41ab-9b68-f20e65895085,pop rock
70,12fc7109-df16-41ab-9b68-f20e65895085,chamber pop
70,12fc7109-df16-41ab-9b68-f20e65895085,emo
70,12fc7109-df16-41ab-9b68-f20e65895085,emo pop
70,12fc7109-df16-41ab-9b68-f20e65895085,rock
70,12fc7109-df16-41ab-9b68-f20e65895085,alternative rock
70,12fc7109-df16-41ab-9b68-f20e65895085,baroque pop
70,12fc7109-df16-41ab-9b68-f20e65895085,pop punk
70,12fc7109-df16-41ab-9b68-f20e65895085,power pop
70,12fc7109-df16-41ab-9b68-f20e65895085,electropop
71,1305cbda-a203-4194-9d7b-12ce2779f49c,hip hop
71,1305cbda-a203-4194-9d7b-12ce2779f49c,southern hip hop
71,1305cbda-a203-4194-9d7b-12ce2779f49c,trap
71,1305cbda-a203-4194-9d7b-12ce2779f49c,rapper
72,1319433b-cbfc-486c-b58c-efb18e3c9869,emo rap
72,1319433b-cbfc-486c-b58c-efb18e3c9869,2020s
72,1319433b-cbfc-486c-b58c-efb18e3c9869,millennial
72,1319433b-cbfc-486c-b58c-efb18e3c9869,rage
72,1319433b-cbfc-486c-b58c-efb18e3c9869,2010s
72,1319433b-cbfc-486c-b58c-efb18e3c9869,cloud rap
72,1319433b-cbfc-486c-b58c-efb18e3c9869,trap
72,1319433b-cbfc-486c-b58c-efb18e3c9869,east coast hip hop
72,1319433b-cbfc-486c-b58c-efb18e3c9869,hip hop
72,1319433b-cbfc-486c-b58c-efb18e3c9869,pop rap
72,1319433b-cbfc-486c-b58c-efb18e3c9869,pescetarian
72,1319433b-cbfc-486c-b58c-efb18e3c9869,proto-rage
73,1371be6e-0da1-4278-bdda-607660114c57,emo rap
73,1371be6e-0da1-4278-bdda-607660114c57,trap
73,1371be6e-0da1-4278-bdda-607660114c57,pop rap
73,1371be6e-0da1-4278-bdda-607660114c57,hip hop
74,139f50dd-4f08-4ded-84cd-246de3347c51,trap
74,139f50dd-4f08-4ded-84cd-246de3347c51,hip hop
75,13a67110-b782-461d-9c9f-4400e6cb8531,power pop
75,13a67110-b782-461d-9c9f-4400e6cb8531,punk
75,13a67110-b782-461d-9c9f-4400e6cb8531,emo pop
75,13a67110-b782-461d-9c9f-4400e6cb8531,emo-pop
75,13a67110-b782-461d-9c9f-4400e6cb8531,pop punk
75,13a67110-b782-461d-9c9f-4400e6cb8531,rock
75,13a67110-b782-461d-9c9f-4400e6cb8531,pop
75,13a67110-b782-461d-9c9f-4400e6cb8531,modern rock
75,13a67110-b782-461d-9c9f-4400e6cb8531,alternative/indie rock
75,13a67110-b782-461d-9c9f-4400e6cb8531,pop rock
75,13a67110-b782-461d-9c9f-4400e6cb8531,alternative rock
75,13a67110-b782-461d-9c9f-4400e6cb8531,alternative
75,13a67110-b782-461d-9c9f-4400e6cb8531,emo
75,13a67110-b782-461d-9c9f-4400e6cb8531,powerpop
75,13a67110-b782-461d-9c9f-4400e6cb8531,neon pop
76,14076ca4-0c80-4797-9b78-a85d8a3185a4,post-grunge
76,14076ca4-0c80-4797-9b78-a85d8a3185a4,rock
76,14076ca4-0c80-4797-9b78-a85d8a3185a4,alternative metal
76,14076ca4-0c80-4797-9b78-a85d8a3185a4,hard rock
76,14076ca4-0c80-4797-9b78-a85d8a3185a4,pop rock
76,14076ca4-0c80-4797-9b78-a85d8a3185a4,metal
77,140c77c1-0ee7-4894-a194-a0f31144a76d,post-hardcore
77,140c77c1-0ee7-4894-a194-a0f31144a76d,metalcore
77,140c77c1-0ee7-4894-a194-a0f31144a76d,alternative rock
77,140c77c1-0ee7-4894-a194-a0f31144a76d,pop rock
77,140c77c1-0ee7-4894-a194-a0f31144a76d,alternative
77,140c77c1-0ee7-4894-a194-a0f31144a76d,rock
77,140c77c1-0ee7-4894-a194-a0f31144a76d,hard rock
78,142da2a1-1b94-4729-800d-6a24bb146bc4,country rock
78,142da2a1-1b94-4729-800d-6a24bb146bc4,outlaw country
78,142da2a1-1b94-4729-800d-6a24bb146bc4,country
78,142da2a1-1b94-4729-800d-6a24bb146bc4,country
79,147b2c34-2e4d-4dfb-9a39-fa45a069e790,post-hardcore
79,147b2c34-2e4d-4dfb-9a39-fa45a069e790,experimental rock
80,14e9391b-9b19-4982-863c-ab0fb1cd02db,post-screamo
80,14e9391b-9b19-4982-863c-ab0fb1cd02db,alternative rock
80,14e9391b-9b19-4982-863c-ab0fb1cd02db,post-hardcore
80,14e9391b-9b19-4982-863c-ab0fb1cd02db,pop rock
80,14e9391b-9b19-4982-863c-ab0fb1cd02db,rock
81,14f77fb1-70c1-4b9c-952e-6c23f38d9d16,latin
81,14f77fb1-70c1-4b9c-952e-6c23f38d9d16,hip hop
81,14f77fb1-70c1-4b9c-952e-6c23f38d9d16,fictitious-artist
81,14f77fb1-70c1-4b9c-952e-6c23f38d9d16,electronic
81,14f77fb1-70c1-4b9c-952e-6c23f38d9d16,fictional
81,14f77fb1-70c1-4b9c-952e-6c23f38d9d16,uk garage
81,14f77fb1-70c1-4b9c-952e-6c23f38d9d16,trap
81,14f77fb1-70c1-4b9c-952e-6c23f38d9d16,art pop
81,14f77fb1-70c1-4b9c-952e-6c23f38d9d16,fabloo
81,14f77fb1-70c1-4b9c-952e-6c23f38d9d16,fictitious artist
81,14f77fb1-70c1-4b9c-952e-6c23f38d9d16,breaks
81,14f77fb1-70c1-4b9c-952e-6c23f38d9d16,indie rock
81,14f77fb1-70c1-4b9c-952e-6c23f38d9d16,tech house
81,14f77fb1-70c1-4b9c-952e-6c23f38d9d16,alternative rock
81,14f77fb1-70c1-4b9c-952e-6c23f38d9d16,alternative pop
81,14f77fb1-70c1-4b9c-952e-6c23f38d9d16,alternative/indie rock
81,14f77fb1-70c1-4b9c-952e-6c23f38d9d16,synth-pop
81,14f77fb1-70c1-4b9c-952e-6c23f38d9d16,breakbeat
81,14f77fb1-70c1-4b9c-952e-6c23f38d9d16,pop rock
81,14f77fb1-70c1-4b9c-952e-6c23f38d9d16,trip rock
81,14f77fb1-70c1-4b9c-952e-6c23f38d9d16,electronica
81,14f77fb1-70c1-4b9c-952e-6c23f38d9d16,dance
81,14f77fb1-70c1-4b9c-952e-6c23f38d9d16,future bass
81,14f77fb1-70c1-4b9c-952e-6c23f38d9d16,pop
81,14f77fb1-70c1-4b9c-952e-6c23f38d9d16,rock
81,14f77fb1-70c1-4b9c-952e-6c23f38d9d16,electropop
81,14f77fb1-70c1-4b9c-952e-6c23f38d9d16,vyrzukhisuc-artiest
81,14f77fb1-70c1-4b9c-952e-6c23f38d9d16,british
81,14f77fb1-70c1-4b9c-952e-6c23f38d9d16,virtual band
81,14f77fb1-70c1-4b9c-952e-6c23f38d9d16,disco
81,14f77fb1-70c1-4b9c-952e-6c23f38d9d16,trip hop
81,14f77fb1-70c1-4b9c-952e-6c23f38d9d16,alternative
81,14f77fb1-70c1-4b9c-952e-6c23f38d9d16,bassline
81,14f77fb1-70c1-4b9c-952e-6c23f38d9d16,alternative dance
81,14f77fb1-70c1-4b9c-952e-6c23f38d9d16,african
81,14f77fb1-70c1-4b9c-952e-6c23f38d9d16,alternative hip hop
82,1548736b-2ff2-41c8-a1a8-47c744906331,alternative country
82,1548736b-2ff2-41c8-a1a8-47c744906331,red dirt
82,1548736b-2ff2-41c8-a1a8-47c744906331,country
82,1548736b-2ff2-41c8-a1a8-47c744906331,americana
83,155fcebf-b270-4e4c-ae87-46b061c6ac1d,post-metalcore
83,155fcebf-b270-4e4c-ae87-46b061c6ac1d,post-hardcore
83,155fcebf-b270-4e4c-ae87-46b061c6ac1d,metal
83,155fcebf-b270-4e4c-ae87-46b061c6ac1d,metalcore
84,157ade33-f693-43ac-b267-9ee7f3ce1d27,trap soul
84,157ade33-f693-43ac-b267-9ee7f3ce1d27,2010s
84,157ade33-f693-43ac-b267-9ee7f3ce1d27,contemporary r&b
84,157ade33-f693-43ac-b267-9ee7f3ce1d27,pop soul
84,157ade33-f693-43ac-b267-9ee7f3ce1d27,hip hop soul
84,157ade33-f693-43ac-b267-9ee7f3ce1d27,hip hop
84,157ade33-f693-43ac-b267-9ee7f3ce1d27,alternative r&b
85,15a981d9-cba1-4df7-a26f-1235a2aaca0b,tumblr
85,15a981d9-cba1-4df7-a26f-1235a2aaca0b,alternative rock
85,15a981d9-cba1-4df7-a26f-1235a2aaca0b,indie pop
86,165a6304-85aa-49c7-8933-ce4d969c2b3c,country
86,165a6304-85aa-49c7-8933-ce4d969c2b3c,hip hop
86,165a6304-85aa-49c7-8933-ce4d969c2b3c,hip hop
86,165a6304-85aa-49c7-8933-ce4d969c2b3c,southern hip hop
86,165a6304-85aa-49c7-8933-ce4d969c2b3c,country pop
86,165a6304-85aa-49c7-8933-ce4d969c2b3c,trap
86,165a6304-85aa-49c7-8933-ce4d969c2b3c,stomp and holler
87,1660a8a7-77bd-4aea-9f0a-bd011a756236,heavy metal
87,1660a8a7-77bd-4aea-9f0a-bd011a756236,post-hardcore
88,167b0a18-8923-4f64-82dd-30fb57e6216f,gangsta rap
88,167b0a18-8923-4f64-82dd-30fb57e6216f,pop
88,167b0a18-8923-4f64-82dd-30fb57e6216f,trap
88,167b0a18-8923-4f64-82dd-30fb57e6216f,jazz
88,167b0a18-8923-4f64-82dd-30fb57e6216f,progressive rap
88,167b0a18-8923-4f64-82dd-30fb57e6216f,disco
88,167b0a18-8923-4f64-82dd-30fb57e6216f,dance
88,167b0a18-8923-4f64-82dd-30fb57e6216f,pop rap
88,167b0a18-8923-4f64-82dd-30fb57e6216f,r&b
88,167b0a18-8923-4f64-82dd-30fb57e6216f,rap
88,167b0a18-8923-4f64-82dd-30fb57e6216f,house
88,167b0a18-8923-4f64-82dd-30fb57e6216f,west coast hip hop
88,167b0a18-8923-4f64-82dd-30fb57e6216f,future bass
88,167b0a18-8923-4f64-82dd-30fb57e6216f,contemporary rap
88,167b0a18-8923-4f64-82dd-30fb57e6216f,conscious rapper
88,167b0a18-8923-4f64-82dd-30fb57e6216f,2010s
88,167b0a18-8923-4f64-82dd-30fb57e6216f,2020s
88,167b0a18-8923-4f64-82dd-30fb57e6216f,hardcore hip hop
88,167b0a18-8923-4f64-82dd-30fb57e6216f,hip hop
88,167b0a18-8923-4f64-82dd-30fb57e6216f,conscious hip hop
88,167b0a18-8923-4f64-82dd-30fb57e6216f,jazz rap
88,167b0a18-8923-4f64-82dd-30fb57e6216f,alternative hip hop
89,16b5ea61-4442-4a55-8885-0e5186133f28,
90,16ccd684-1ed2-402f-b673-05792487d33a,nu metal
90,16ccd684-1ed2-402f-b673-05792487d33a,alternative rock
90,16ccd684-1ed2-402f-b673-05792487d33a,metal
90,16ccd684-1ed2-402f-b673-05792487d33a,alternative metal
90,16ccd684-1ed2-402f-b673-05792487d33a,heavy metal
91,16e64eb2-013b-4f7c-801d-e4e48d9ce171,pop punk
91,16e64eb2-013b-4f7c-801d-e4e48d9ce171,rock
91,16e64eb2-013b-4f7c-801d-e4e48d9ce171,alternative metal
91,16e64eb2-013b-4f7c-801d-e4e48d9ce171,indie rock
91,16e64eb2-013b-4f7c-801d-e4e48d9ce171,alternative pop
91,16e64eb2-013b-4f7c-801d-e4e48d9ce171,post-hardcore
91,16e64eb2-013b-4f7c-801d-e4e48d9ce171,alternative rock
92,177f07b2-202c-4532-a5bb-cf9fec260056,alternative r&b
92,177f07b2-202c-4532-a5bb-cf9fec260056,contemporary r&b
92,177f07b2-202c-4532-a5bb-cf9fec260056,trap
92,177f07b2-202c-4532-a5bb-cf9fec260056,trap soul
93,17ab3870-aab3-4a94-877f-4f4fc5459147,rap
93,17ab3870-aab3-4a94-877f-4f4fc5459147,hip hop
94,180e5337-fc37-4694-8ffa-982c9f5a5b18,pop rock
94,180e5337-fc37-4694-8ffa-982c9f5a5b18,pop punk
94,180e5337-fc37-4694-8ffa-982c9f5a5b18,pop
94,180e5337-fc37-4694-8ffa-982c9f5a5b18,electropop
94,180e5337-fc37-4694-8ffa-982c9f5a5b18,emo
94,180e5337-fc37-4694-8ffa-982c9f5a5b18,emo-pop
94,180e5337-fc37-4694-8ffa-982c9f5a5b18,alternative/indie rock
94,180e5337-fc37-4694-8ffa-982c9f5a5b18,alternative
94,180e5337-fc37-4694-8ffa-982c9f5a5b18,emo pop
94,180e5337-fc37-4694-8ffa-982c9f5a5b18,alternative rock
94,180e5337-fc37-4694-8ffa-982c9f5a5b18,punk
94,180e5337-fc37-4694-8ffa-982c9f5a5b18,indie rock
95,18361a1d-8980-476d-8fe5-c821a4ab3cd3,
96,184139fb-04a8-4eaf-86e3-8693a25c9a51,alternative rock
96,184139fb-04a8-4eaf-86e3-8693a25c9a51,emo
96,184139fb-04a8-4eaf-86e3-8693a25c9a51,metalcore
96,184139fb-04a8-4eaf-86e3-8693a25c9a51,rock
96,184139fb-04a8-4eaf-86e3-8693a25c9a51,melodic metalcore
96,184139fb-04a8-4eaf-86e3-8693a25c9a51,post-hardcore
96,184139fb-04a8-4eaf-86e3-8693a25c9a51,deathcore
96,184139fb-04a8-4eaf-86e3-8693a25c9a51,heavy metal
96,184139fb-04a8-4eaf-86e3-8693a25c9a51,psychedelic rock
96,184139fb-04a8-4eaf-86e3-8693a25c9a51,pop rock
96,184139fb-04a8-4eaf-86e3-8693a25c9a51,hard rock
96,184139fb-04a8-4eaf-86e3-8693a25c9a51,electronic rock
96,184139fb-04a8-4eaf-86e3-8693a25c9a51,drum and bass
96,184139fb-04a8-4eaf-86e3-8693a25c9a51,electronic
96,184139fb-04a8-4eaf-86e3-8693a25c9a51,screamo
96,184139fb-04a8-4eaf-86e3-8693a25c9a51,alternative/indie rock
96,184139fb-04a8-4eaf-86e3-8693a25c9a51,house
96,184139fb-04a8-4eaf-86e3-8693a25c9a51,nu metal
96,184139fb-04a8-4eaf-86e3-8693a25c9a51,pop
96,184139fb-04a8-4eaf-86e3-8693a25c9a51,alternative metal
97,1851b8d7-f2c7-48f0-8b94-4df0b047cb27,post-grunge
98,1876e15b-75df-4575-b3b3-e4d3a3249c3d,instrumental hip hop
98,1876e15b-75df-4575-b3b3-e4d3a3249c3d,ballad
98,1876e15b-75df-4575-b3b3-e4d3a3249c3d,trip hop
98,1876e15b-75df-4575-b3b3-e4d3a3249c3d,alt-pop
98,1876e15b-75df-4575-b3b3-e4d3a3249c3d,lo-fi hip hop
98,1876e15b-75df-4575-b3b3-e4d3a3249c3d,r&b/soul
98,1876e15b-75df-4575-b3b3-e4d3a3249c3d,art pop
98,1876e15b-75df-4575-b3b3-e4d3a3249c3d,alternative r&b
99,18fef20c-a951-47ae-bb58-e6ecfacf6e2f,yg
99,18fef20c-a951-47ae-bb58-e6ecfacf6e2f,hip hop
99,18fef20c-a951-47ae-bb58-e6ecfacf6e2f,west coast hip hop
99,18fef20c-a951-47ae-bb58-e6ecfacf6e2f,hip hop
99,18fef20c-a951-47ae-bb58-e6ecfacf6e2f,pop rap
99,18fef20c-a951-47ae-bb58-e6ecfacf6e2f,west coast hip hop
99,18fef20c-a951-47ae-bb58-e6ecfacf6e2f,ratchet music
99,18fef20c-a951-47ae-bb58-e6ecfacf6e2f,drake
99,18fef20c-a951-47ae-bb58-e6ecfacf6e2f,latin urban
99,18fef20c-a951-47ae-bb58-e6ecfacf6e2f,latin
99,18fef20c-a951-47ae-bb58-e6ecfacf6e2f,hip hop
99,18fef20c-a951-47ae-bb58-e6ecfacf6e2f,ai
99,18fef20c-a951-47ae-bb58-e6ecfacf6e2f,ai-generated
99,18fef20c-a951-47ae-bb58-e6ecfacf6e2f,trap
99,18fef20c-a951-47ae-bb58-e6ecfacf6e2f,ratchet music
99,18fef20c-a951-47ae-bb58-e6ecfacf6e2f,contemporary rap
100,19a57520-a314-4656-bc2f-8be8d014dd13,contemporary country
100,19a57520-a314-4656-bc2f-8be8d014dd13,contemporary r&b
100,19a57520-a314-4656-bc2f-8be8d014dd13,country pop
100,19a57520-a314-4656-bc2f-8be8d014dd13,pop
100,19a57520-a314-4656-bc2f-8be8d014dd13,country
100,19a57520-a314-4656-bc2f-8be8d014dd13,bro-country
101,19e1e5a4-e9ce-4649-b428-17f5b4223532,hip hop
101,19e1e5a4-e9ce-4649-b428-17f5b4223532,neo soul
101,19e1e5a4-e9ce-4649-b428-17f5b4223532,nuno
101,19e1e5a4-e9ce-4649-b428-17f5b4223532,west coast hip hop
101,19e1e5a4-e9ce-4649-b428-17f5b4223532,hip hop
101,19e1e5a4-e9ce-4649-b428-17f5b4223532,contemporary r&b
101,19e1e5a4-e9ce-4649-b428-17f5b4223532,r&b
102,1a67e215-a19e-40c9-9b12-732de134bf5f,r&b
102,1a67e215-a19e-40c9-9b12-732de134bf5f,alternative r&b
102,1a67e215-a19e-40c9-9b12-732de134bf5f,dance-pop
102,1a67e215-a19e-40c9-9b12-732de134bf5f,contemporary r&b
102,1a67e215-a19e-40c9-9b12-732de134bf5f,hypnagogic pop
102,1a67e215-a19e-40c9-9b12-732de134bf5f,synth-pop
102,1a67e215-a19e-40c9-9b12-732de134bf5f,pop
102,1a67e215-a19e-40c9-9b12-732de134bf5f,2020s
102,1a67e215-a19e-40c9-9b12-732de134bf5f,2010s
103,1a7a40f1-94b5-404c-8b40-f5541c8bb089,pop rap
103,1a7a40f1-94b5-404c-8b40-f5541c8bb089,alternative hip hop
103,1a7a40f1-94b5-404c-8b40-f5541c8bb089,jazz rap
103,1a7a40f1-94b5-404c-8b40-f5541c8bb089,conscious hip hop
103,1a7a40f1-94b5-404c-8b40-f5541c8bb089,hip hop
103,1a7a40f1-94b5-404c-8b40-f5541c8bb089,hardcore hip hop
103,1a7a40f1-94b5-404c-8b40-f5541c8bb089,west coast hip hop
103,1a7a40f1-94b5-404c-8b40-f5541c8bb089,rap
103,1a7a40f1-94b5-404c-8b40-f5541c8bb089,r&b
103,1a7a40f1-94b5-404c-8b40-f5541c8bb089,trap
103,1a7a40f1-94b5-404c-8b40-f5541c8bb089,pop
103,1a7a40f1-94b5-404c-8b40-f5541c8bb089,contemporary rap
103,1a7a40f1-94b5-404c-8b40-f5541c8bb089,conscious rapper
103,1a7a40f1-94b5-404c-8b40-f5541c8bb089,2010s
103,1a7a40f1-94b5-404c-8b40-f5541c8bb089,2020s
103,1a7a40f1-94b5-404c-8b40-f5541c8bb089,gangsta rap
103,1a7a40f1-94b5-404c-8b40-f5541c8bb089,future bass
103,1a7a40f1-94b5-404c-8b40-f5541c8bb089,jazz
103,1a7a40f1-94b5-404c-8b40-f5541c8bb089,progressive rap
103,1a7a40f1-94b5-404c-8b40-f5541c8bb089,disco
103,1a7a40f1-94b5-404c-8b40-f5541c8bb089,dance
103,1a7a40f1-94b5-404c-8b40-f5541c8bb089,house
104,1aa361d7-a8a0-4cc2-9072-161808b4e6db,
105,1acdcd91-4073-49a4-a153-5c47b58fb32e,indie pop
105,1acdcd91-4073-49a4-a153-5c47b58fb32e,americana
105,1acdcd91-4073-49a4-a153-5c47b58fb32e,country
105,1acdcd91-4073-49a4-a153-5c47b58fb32e,alternative country
105,1acdcd91-4073-49a4-a153-5c47b58fb32e,folk
105,1acdcd91-4073-49a4-a153-5c47b58fb32e,folk rock
105,1acdcd91-4073-49a4-a153-5c47b58fb32e,americana
105,1acdcd91-4073-49a4-a153-5c47b58fb32e,indie folk
105,1acdcd91-4073-49a4-a153-5c47b58fb32e,alternative country
105,1acdcd91-4073-49a4-a153-5c47b58fb32e,piano rock
105,1acdcd91-4073-49a4-a153-5c47b58fb32e,country folk
105,1acdcd91-4073-49a4-a153-5c47b58fb32e,folk pop
105,1acdcd91-4073-49a4-a153-5c47b58fb32e,stomp and holler
105,1acdcd91-4073-49a4-a153-5c47b58fb32e,red dirt
106,1add4052-879f-49ce-9961-8f095c800c61,hardcore hip hop
106,1add4052-879f-49ce-9961-8f095c800c61,east coast hip hop
106,1add4052-879f-49ce-9961-8f095c800c61,cloud rap
106,1add4052-879f-49ce-9961-8f095c800c61,hip hop
106,1add4052-879f-49ce-9961-8f095c800c61,pop rap
106,1add4052-879f-49ce-9961-8f095c800c61,experimental hip hop
106,1add4052-879f-49ce-9961-8f095c800c61,trap
107,1b01a703-6c29-4fb1-8675-a03dd058daae,
108,1b53241e-5233-4be1-947b-2106fcadc89c,gen z
108,1b53241e-5233-4be1-947b-2106fcadc89c,trap metal
108,1b53241e-5233-4be1-947b-2106fcadc89c,rap
108,1b53241e-5233-4be1-947b-2106fcadc89c,trap
108,1b53241e-5233-4be1-947b-2106fcadc89c,hip hop
108,1b53241e-5233-4be1-947b-2106fcadc89c,death by murder
108,1b53241e-5233-4be1-947b-2106fcadc89c,emo rap
108,1b53241e-5233-4be1-947b-2106fcadc89c,2010s
109,1c96e4a0-fa1e-440b-a182-f11e7bf41d6c,
110,1c9dacce-a180-48a2-8efd-504c485689c8,experimental rock
110,1c9dacce-a180-48a2-8efd-504c485689c8,post-hardcore
111,1d7efa94-d67e-4c07-83da-d807192b02cf,alternative rock
111,1d7efa94-d67e-4c07-83da-d807192b02cf,melodic metalcore
111,1d7efa94-d67e-4c07-83da-d807192b02cf,emo
111,1d7efa94-d67e-4c07-83da-d807192b02cf,psychedelic rock
111,1d7efa94-d67e-4c07-83da-d807192b02cf,nu metal
111,1d7efa94-d67e-4c07-83da-d807192b02cf,heavy metal
111,1d7efa94-d67e-4c07-83da-d807192b02cf,pop
111,1d7efa94-d67e-4c07-83da-d807192b02cf,alternative/indie rock
111,1d7efa94-d67e-4c07-83da-d807192b02cf,hard rock
111,1d7efa94-d67e-4c07-83da-d807192b02cf,rock
111,1d7efa94-d67e-4c07-83da-d807192b02cf,house
111,1d7efa94-d67e-4c07-83da-d807192b02cf,drum and bass
111,1d7efa94-d67e-4c07-83da-d807192b02cf,screamo
111,1d7efa94-d67e-4c07-83da-d807192b02cf,electronic
111,1d7efa94-d67e-4c07-83da-d807192b02cf,post-hardcore
111,1d7efa94-d67e-4c07-83da-d807192b02cf,metalcore
111,1d7efa94-d67e-4c07-83da-d807192b02cf,deathcore
111,1d7efa94-d67e-4c07-83da-d807192b02cf,pop rock
111,1d7efa94-d67e-4c07-83da-d807192b02cf,alternative metal
111,1d7efa94-d67e-4c07-83da-d807192b02cf,electronic rock
112,1d9d9731-f3ec-488c-a4f2-6d27c60bf93f,shoegaze
112,1d9d9731-f3ec-488c-a4f2-6d27c60bf93f,metal
112,1d9d9731-f3ec-488c-a4f2-6d27c60bf93f,alternative metal
112,1d9d9731-f3ec-488c-a4f2-6d27c60bf93f,electronic
112,1d9d9731-f3ec-488c-a4f2-6d27c60bf93f,djent
113,1dc4b6c2-e680-4035-8bc3-ff4494e9b201,nu metal
114,1f35c413-7aac-41ea-aa89-4c1dcd409f77,
115,1f518ebe-3784-4929-9d8a-f50d75bb1b1e,
116,1f5bb166-f27e-4f92-b0f1-8673af6d837b,
117,1fb51b6e-db77-44b1-8353-c8f70b0356f0,electronicore
117,1fb51b6e-db77-44b1-8353-c8f70b0356f0,electronic
117,1fb51b6e-db77-44b1-8353-c8f70b0356f0,metalcore
117,1fb51b6e-db77-44b1-8353-c8f70b0356f0,post-hardcore
117,1fb51b6e-db77-44b1-8353-c8f70b0356f0,nu metal
117,1fb51b6e-db77-44b1-8353-c8f70b0356f0,experimental
118,1fb6fb9d-4154-4280-ad8b-1265eb87198e,rap
118,1fb6fb9d-4154-4280-ad8b-1265eb87198e,hip hop
118,1fb6fb9d-4154-4280-ad8b-1265eb87198e,gen z
118,1fb6fb9d-4154-4280-ad8b-1265eb87198e,trap
118,1fb6fb9d-4154-4280-ad8b-1265eb87198e,2010s
118,1fb6fb9d-4154-4280-ad8b-1265eb87198e,emo rap
118,1fb6fb9d-4154-4280-ad8b-1265eb87198e,trap
118,1fb6fb9d-4154-4280-ad8b-1265eb87198e,pop rap
118,1fb6fb9d-4154-4280-ad8b-1265eb87198e,alternative hip hop
118,1fb6fb9d-4154-4280-ad8b-1265eb87198e,southern hip hop
118,1fb6fb9d-4154-4280-ad8b-1265eb87198e,east coast hip hop
118,1fb6fb9d-4154-4280-ad8b-1265eb87198e,chicago drill
118,1fb6fb9d-4154-4280-ad8b-1265eb87198e,gangsta rap
118,1fb6fb9d-4154-4280-ad8b-1265eb87198e,hip hop
118,1fb6fb9d-4154-4280-ad8b-1265eb87198e,2020s
119,1fe11dfb-c7b8-4586-b715-e522451a9a51,alternative rock
119,1fe11dfb-c7b8-4586-b715-e522451a9a51,alternative pop
119,1fe11dfb-c7b8-4586-b715-e522451a9a51,post-hardcore
119,1fe11dfb-c7b8-4586-b715-e522451a9a51,pop punk
119,1fe11dfb-c7b8-4586-b715-e522451a9a51,alternative metal
119,1fe11dfb-c7b8-4586-b715-e522451a9a51,indie rock
119,1fe11dfb-c7b8-4586-b715-e522451a9a51,rock
120,20129c82-815f-4b46-b9d8-116aedffa7e2,experimental hip hop
120,20129c82-815f-4b46-b9d8-116aedffa7e2,hardcore hip hop
120,20129c82-815f-4b46-b9d8-116aedffa7e2,hip hop
120,20129c82-815f-4b46-b9d8-116aedffa7e2,hip hop
120,20129c82-815f-4b46-b9d8-116aedffa7e2,hardcore hip hop
120,20129c82-815f-4b46-b9d8-116aedffa7e2,cloud rap
120,20129c82-815f-4b46-b9d8-116aedffa7e2,east coast hip hop
120,20129c82-815f-4b46-b9d8-116aedffa7e2,pop rap
120,20129c82-815f-4b46-b9d8-116aedffa7e2,horrorcore
120,20129c82-815f-4b46-b9d8-116aedffa7e2,trap
120,20129c82-815f-4b46-b9d8-116aedffa7e2,west coast hip hop
120,20129c82-815f-4b46-b9d8-116aedffa7e2,pop rap
121,207557db-1e2d-4194-b58b-a2a6381500c7,metalcore
121,207557db-1e2d-4194-b58b-a2a6381500c7,post-hardcore
121,207557db-1e2d-4194-b58b-a2a6381500c7,alternative rock
122,20946cde-5f1e-46bc-b24f-81cccea3fd6d,alternative metal
122,20946cde-5f1e-46bc-b24f-81cccea3fd6d,electronic
122,20946cde-5f1e-46bc-b24f-81cccea3fd6d,emo
122,20946cde-5f1e-46bc-b24f-81cccea3fd6d,psychedelic rock
122,20946cde-5f1e-46bc-b24f-81cccea3fd6d,screamo
122,20946cde-5f1e-46bc-b24f-81cccea3fd6d,alternative rock
122,20946cde-5f1e-46bc-b24f-81cccea3fd6d,pop
122,20946cde-5f1e-46bc-b24f-81cccea3fd6d,post-hardcore
122,20946cde-5f1e-46bc-b24f-81cccea3fd6d,pop rock
122,20946cde-5f1e-46bc-b24f-81cccea3fd6d,metalcore
122,20946cde-5f1e-46bc-b24f-81cccea3fd6d,hard rock
122,20946cde-5f1e-46bc-b24f-81cccea3fd6d,nu metal
122,20946cde-5f1e-46bc-b24f-81cccea3fd6d,house
122,20946cde-5f1e-46bc-b24f-81cccea3fd6d,rock
122,20946cde-5f1e-46bc-b24f-81cccea3fd6d,heavy metal
122,20946cde-5f1e-46bc-b24f-81cccea3fd6d,drum and bass
122,20946cde-5f1e-46bc-b24f-81cccea3fd6d,alternative/indie rock
122,20946cde-5f1e-46bc-b24f-81cccea3fd6d,melodic metalcore
122,20946cde-5f1e-46bc-b24f-81cccea3fd6d,electronic rock
122,20946cde-5f1e-46bc-b24f-81cccea3fd6d,deathcore
123,20c8ffff-4c78-4102-9e07-13ab8b5c0aa4,alternative
123,20c8ffff-4c78-4102-9e07-13ab8b5c0aa4,indie
124,21066f2d-75c0-4cbd-94b2-9921ee80bcb5,rock
124,21066f2d-75c0-4cbd-94b2-9921ee80bcb5,alternative rock
124,21066f2d-75c0-4cbd-94b2-9921ee80bcb5,chamber pop
124,21066f2d-75c0-4cbd-94b2-9921ee80bcb5,electropop
124,21066f2d-75c0-4cbd-94b2-9921ee80bcb5,group turned solo project
124,21066f2d-75c0-4cbd-94b2-9921ee80bcb5,emo
124,21066f2d-75c0-4cbd-94b2-9921ee80bcb5,baroque pop
124,21066f2d-75c0-4cbd-94b2-9921ee80bcb5,pop rock
124,21066f2d-75c0-4cbd-94b2-9921ee80bcb5,emo pop
124,21066f2d-75c0-4cbd-94b2-9921ee80bcb5,pop punk
124,21066f2d-75c0-4cbd-94b2-9921ee80bcb5,power pop
125,21842c0b-b4ac-4418-878c-4f377032f0fe,future bass
125,21842c0b-b4ac-4418-878c-4f377032f0fe,hip hop
125,21842c0b-b4ac-4418-878c-4f377032f0fe,rap
125,21842c0b-b4ac-4418-878c-4f377032f0fe,hip-hop
125,21842c0b-b4ac-4418-878c-4f377032f0fe,pop rap
125,21842c0b-b4ac-4418-878c-4f377032f0fe,top 100
125,21842c0b-b4ac-4418-878c-4f377032f0fe,sxsw
125,21842c0b-b4ac-4418-878c-4f377032f0fe,progressive rap
125,21842c0b-b4ac-4418-878c-4f377032f0fe,hardcore hip hop
125,21842c0b-b4ac-4418-878c-4f377032f0fe,r&b
125,21842c0b-b4ac-4418-878c-4f377032f0fe,trap
125,21842c0b-b4ac-4418-878c-4f377032f0fe,jazz
125,21842c0b-b4ac-4418-878c-4f377032f0fe,dance
125,21842c0b-b4ac-4418-878c-4f377032f0fe,pop rap
125,21842c0b-b4ac-4418-878c-4f377032f0fe,house
125,21842c0b-b4ac-4418-878c-4f377032f0fe,conscious hip hop
125,21842c0b-b4ac-4418-878c-4f377032f0fe,top 10
125,21842c0b-b4ac-4418-878c-4f377032f0fe,alternative hip hop
125,21842c0b-b4ac-4418-878c-4f377032f0fe,pop
125,21842c0b-b4ac-4418-878c-4f377032f0fe,gangsta rap
125,21842c0b-b4ac-4418-878c-4f377032f0fe,pop
125,21842c0b-b4ac-4418-878c-4f377032f0fe,conscious rapper
125,21842c0b-b4ac-4418-878c-4f377032f0fe,disco
125,21842c0b-b4ac-4418-878c-4f377032f0fe,top 5
125,21842c0b-b4ac-4418-878c-4f377032f0fe,2010s
125,21842c0b-b4ac-4418-878c-4f377032f0fe,southern hip hop
125,21842c0b-b4ac-4418-878c-4f377032f0fe,alternative r&b
125,21842c0b-b4ac-4418-878c-4f377032f0fe,rap
125,21842c0b-b4ac-4418-878c-4f377032f0fe,trap
125,21842c0b-b4ac-4418-878c-4f377032f0fe,contemporary rap
125,21842c0b-b4ac-4418-878c-4f377032f0fe,r&b
125,21842c0b-b4ac-4418-878c-4f377032f0fe,west coast hip hop
125,21842c0b-b4ac-4418-878c-4f377032f0fe,contemporary r&b
125,21842c0b-b4ac-4418-878c-4f377032f0fe,hardcore hip hop
125,21842c0b-b4ac-4418-878c-4f377032f0fe,2020s
125,21842c0b-b4ac-4418-878c-4f377032f0fe,jazz rap
125,21842c0b-b4ac-4418-878c-4f377032f0fe,trap rap
125,21842c0b-b4ac-4418-878c-4f377032f0fe,hip hop
126,2190bfe5-e811-48d9-a4da-1123e2fde3d4,alternative/indie rock
126,2190bfe5-e811-48d9-a4da-1123e2fde3d4,pop punk
126,2190bfe5-e811-48d9-a4da-1123e2fde3d4,millennial
126,2190bfe5-e811-48d9-a4da-1123e2fde3d4,rock
126,2190bfe5-e811-48d9-a4da-1123e2fde3d4,pop rock
126,2190bfe5-e811-48d9-a4da-1123e2fde3d4,alternative
126,2190bfe5-e811-48d9-a4da-1123e2fde3d4,pop screamo
126,2190bfe5-e811-48d9-a4da-1123e2fde3d4,alternative rock
126,2190bfe5-e811-48d9-a4da-1123e2fde3d4,scene
126,2190bfe5-e811-48d9-a4da-1123e2fde3d4,post-hardcore
126,2190bfe5-e811-48d9-a4da-1123e2fde3d4,pop
126,2190bfe5-e811-48d9-a4da-1123e2fde3d4,melodic hardcore
126,2190bfe5-e811-48d9-a4da-1123e2fde3d4,easycore
126,2190bfe5-e811-48d9-a4da-1123e2fde3d4,experimental rock
126,2190bfe5-e811-48d9-a4da-1123e2fde3d4,progressive rock
126,2190bfe5-e811-48d9-a4da-1123e2fde3d4,screamo
126,2190bfe5-e811-48d9-a4da-1123e2fde3d4,hardcore punk
126,2190bfe5-e811-48d9-a4da-1123e2fde3d4,emo
127,21ab628f-df09-40bf-a8c2-c9b96d80b568,tumblr
127,21ab628f-df09-40bf-a8c2-c9b96d80b568,indie pop
127,21ab628f-df09-40bf-a8c2-c9b96d80b568,alternative rock
128,2232b4a4-1563-43a7-b813-bdd3d82e1cb4,alternative rock
128,2232b4a4-1563-43a7-b813-bdd3d82e1cb4,pop punk
128,2232b4a4-1563-43a7-b813-bdd3d82e1cb4,progressive rock
128,2232b4a4-1563-43a7-b813-bdd3d82e1cb4,alternative/indie rock
128,2232b4a4-1563-43a7-b813-bdd3d82e1cb4,scene
128,2232b4a4-1563-43a7-b813-bdd3d82e1cb4,melodic hardcore
128,2232b4a4-1563-43a7-b813-bdd3d82e1cb4,pop rock
128,2232b4a4-1563-43a7-b813-bdd3d82e1cb4,easycore
128,2232b4a4-1563-43a7-b813-bdd3d82e1cb4,experimental rock
128,2232b4a4-1563-43a7-b813-bdd3d82e1cb4,millennial
128,2232b4a4-1563-43a7-b813-bdd3d82e1cb4,post-hardcore
128,2232b4a4-1563-43a7-b813-bdd3d82e1cb4,emo
128,2232b4a4-1563-43a7-b813-bdd3d82e1cb4,screamo
128,2232b4a4-1563-43a7-b813-bdd3d82e1cb4,pop screamo
128,2232b4a4-1563-43a7-b813-bdd3d82e1cb4,pop
128,2232b4a4-1563-43a7-b813-bdd3d82e1cb4,alternative
128,2232b4a4-1563-43a7-b813-bdd3d82e1cb4,hardcore punk
128,2232b4a4-1563-43a7-b813-bdd3d82e1cb4,rock
129,236ccab4-fc8a-4e18-8e85-317340ae78b6,pop
129,236ccab4-fc8a-4e18-8e85-317340ae78b6,folk
129,236ccab4-fc8a-4e18-8e85-317340ae78b6,folk pop
130,237d4fb5-e8a5-4abd-a69c-84bc29719392,metal
130,237d4fb5-e8a5-4abd-a69c-84bc29719392,metalcore
130,237d4fb5-e8a5-4abd-a69c-84bc29719392,rock
130,237d4fb5-e8a5-4abd-a69c-84bc29719392,heavy metal
131,239281b9-ef38-43ba-815b-45e712a2d4ef,2020s
131,239281b9-ef38-43ba-815b-45e712a2d4ef,country pop
131,239281b9-ef38-43ba-815b-45e712a2d4ef,country
132,240e9b3e-08b2-4c7e-9598-e64c2f3d8634,pop punk
132,240e9b3e-08b2-4c7e-9598-e64c2f3d8634,emo
132,240e9b3e-08b2-4c7e-9598-e64c2f3d8634,power pop
132,240e9b3e-08b2-4c7e-9598-e64c2f3d8634,powerpop
132,240e9b3e-08b2-4c7e-9598-e64c2f3d8634,punk
132,240e9b3e-08b2-4c7e-9598-e64c2f3d8634,alternative rock
132,240e9b3e-08b2-4c7e-9598-e64c2f3d8634,pop
132,240e9b3e-08b2-4c7e-9598-e64c2f3d8634,rock
132,240e9b3e-08b2-4c7e-9598-e64c2f3d8634,alternative
132,240e9b3e-08b2-4c7e-9598-e64c2f3d8634,pop rock
132,240e9b3e-08b2-4c7e-9598-e64c2f3d8634,emo-pop
132,240e9b3e-08b2-4c7e-9598-e64c2f3d8634,emo pop
132,240e9b3e-08b2-4c7e-9598-e64c2f3d8634,modern rock
132,240e9b3e-08b2-4c7e-9598-e64c2f3d8634,alternative/indie rock
132,240e9b3e-08b2-4c7e-9598-e64c2f3d8634,neon pop
133,245dce04-ec8a-467e-9659-4ffd75f33634,r&b
133,245dce04-ec8a-467e-9659-4ffd75f33634,rap
133,245dce04-ec8a-467e-9659-4ffd75f33634,southern hip hop
133,245dce04-ec8a-467e-9659-4ffd75f33634,hardcore hip hop
133,245dce04-ec8a-467e-9659-4ffd75f33634,pop
133,245dce04-ec8a-467e-9659-4ffd75f33634,top 100
133,245dce04-ec8a-467e-9659-4ffd75f33634,top 5
133,245dce04-ec8a-467e-9659-4ffd75f33634,hip hop
133,245dce04-ec8a-467e-9659-4ffd75f33634,contemporary r&b
133,245dce04-ec8a-467e-9659-4ffd75f33634,hip-hop
133,245dce04-ec8a-467e-9659-4ffd75f33634,alternative r&b
133,245dce04-ec8a-467e-9659-4ffd75f33634,sxsw
133,245dce04-ec8a-467e-9659-4ffd75f33634,pop rap
133,245dce04-ec8a-467e-9659-4ffd75f33634,trap rap
133,245dce04-ec8a-467e-9659-4ffd75f33634,trap
133,245dce04-ec8a-467e-9659-4ffd75f33634,top 10
134,24c0fb0d-50a5-42d9-a248-008ebd83b34a,indie rock
135,251f5c8d-1974-4d02-bb34-9039f6eb2492,hard rock
135,251f5c8d-1974-4d02-bb34-9039f6eb2492,alternative/indie rock
135,251f5c8d-1974-4d02-bb34-9039f6eb2492,electronic
135,251f5c8d-1974-4d02-bb34-9039f6eb2492,post-hardcore
135,251f5c8d-1974-4d02-bb34-9039f6eb2492,metalcore
135,251f5c8d-1974-4d02-bb34-9039f6eb2492,deathcore
135,251f5c8d-1974-4d02-bb34-9039f6eb2492,pop rock
135,251f5c8d-1974-4d02-bb34-9039f6eb2492,heavy metal
135,251f5c8d-1974-4d02-bb34-9039f6eb2492,emo
135,251f5c8d-1974-4d02-bb34-9039f6eb2492,alternative rock
135,251f5c8d-1974-4d02-bb34-9039f6eb2492,melodic metalcore
135,251f5c8d-1974-4d02-bb34-9039f6eb2492,pop
135,251f5c8d-1974-4d02-bb34-9039f6eb2492,nu metal
135,251f5c8d-1974-4d02-bb34-9039f6eb2492,psychedelic rock
135,251f5c8d-1974-4d02-bb34-9039f6eb2492,electronic rock
135,251f5c8d-1974-4d02-bb34-9039f6eb2492,alternative metal
135,251f5c8d-1974-4d02-bb34-9039f6eb2492,screamo
135,251f5c8d-1974-4d02-bb34-9039f6eb2492,drum and bass
135,251f5c8d-1974-4d02-bb34-9039f6eb2492,house
135,251f5c8d-1974-4d02-bb34-9039f6eb2492,rock
136,253b7e25-792f-4911-a235-1674abb591c7,
137,2574a695-9f5a-4fad-ae66-2dbc595c7dee,emo
137,2574a695-9f5a-4fad-ae66-2dbc595c7dee,rock
137,2574a695-9f5a-4fad-ae66-2dbc595c7dee,baroque pop
137,2574a695-9f5a-4fad-ae66-2dbc595c7dee,emo pop
137,2574a695-9f5a-4fad-ae66-2dbc595c7dee,group turned solo project
137,2574a695-9f5a-4fad-ae66-2dbc595c7dee,chamber pop
137,2574a695-9f5a-4fad-ae66-2dbc595c7dee,power pop
137,2574a695-9f5a-4fad-ae66-2dbc595c7dee,pop punk
137,2574a695-9f5a-4fad-ae66-2dbc595c7dee,pop rock
137,2574a695-9f5a-4fad-ae66-2dbc595c7dee,electropop
137,2574a695-9f5a-4fad-ae66-2dbc595c7dee,alternative rock
138,25d3db0c-6483-46cd-ab75-81937ccb161d,tumblr
138,25d3db0c-6483-46cd-ab75-81937ccb161d,indie pop
138,25d3db0c-6483-46cd-ab75-81937ccb161d,alternative rock
139,261ac7b3-55d3-4be8-95e1-b9b89809c0f1,hip hop
139,261ac7b3-55d3-4be8-95e1-b9b89809c0f1,female vocals
139,261ac7b3-55d3-4be8-95e1-b9b89809c0f1,gen z
139,261ac7b3-55d3-4be8-95e1-b9b89809c0f1,indie pop
139,261ac7b3-55d3-4be8-95e1-b9b89809c0f1,edm
139,261ac7b3-55d3-4be8-95e1-b9b89809c0f1,contemporary r&b
139,261ac7b3-55d3-4be8-95e1-b9b89809c0f1,indietronica
139,261ac7b3-55d3-4be8-95e1-b9b89809c0f1,dance-pop
139,261ac7b3-55d3-4be8-95e1-b9b89809c0f1,pop
139,261ac7b3-55d3-4be8-95e1-b9b89809c0f1,east coast hip hop
139,261ac7b3-55d3-4be8-95e1-b9b89809c0f1,instrumentalists
139,261ac7b3-55d3-4be8-95e1-b9b89809c0f1,dream pop
139,261ac7b3-55d3-4be8-95e1-b9b89809c0f1,synth-pop
139,261ac7b3-55d3-4be8-95e1-b9b89809c0f1,chicago drill
139,261ac7b3-55d3-4be8-95e1-b9b89809c0f1,dance
139,261ac7b3-55d3-4be8-95e1-b9b89809c0f1,singers
139,261ac7b3-55d3-4be8-95e1-b9b89809c0f1,alternative hip hop
139,261ac7b3-55d3-4be8-95e1-b9b89809c0f1,2010s
139,261ac7b3-55d3-4be8-95e1-b9b89809c0f1,club
139,261ac7b3-55d3-4be8-95e1-b9b89809c0f1,indie folk
139,261ac7b3-55d3-4be8-95e1-b9b89809c0f1,rap
139,261ac7b3-55d3-4be8-95e1-b9b89809c0f1,emo rap
139,261ac7b3-55d3-4be8-95e1-b9b89809c0f1,trap
139,261ac7b3-55d3-4be8-95e1-b9b89809c0f1,composers
139,261ac7b3-55d3-4be8-95e1-b9b89809c0f1,electropop
140,26ad085e-075f-40fd-ab04-8cbae0ece311,gen z
140,26ad085e-075f-40fd-ab04-8cbae0ece311,2010s
140,26ad085e-075f-40fd-ab04-8cbae0ece311,death by murder
140,26ad085e-075f-40fd-ab04-8cbae0ece311,hip hop
140,26ad085e-075f-40fd-ab04-8cbae0ece311,trap
140,26ad085e-075f-40fd-ab04-8cbae0ece311,emo rap
140,26ad085e-075f-40fd-ab04-8cbae0ece311,rap
140,26ad085e-075f-40fd-ab04-8cbae0ece311,trap metal
141,26bc1124-b228-401e-8f38-5cea1625d8c2,new wave
141,26bc1124-b228-401e-8f38-5cea1625d8c2,female fronted
141,26bc1124-b228-401e-8f38-5cea1625d8c2,female vocalists
141,26bc1124-b228-401e-8f38-5cea1625d8c2,alternative
141,26bc1124-b228-401e-8f38-5cea1625d8c2,pop punk
141,26bc1124-b228-401e-8f38-5cea1625d8c2,emo
141,26bc1124-b228-401e-8f38-5cea1625d8c2,pop
141,26bc1124-b228-401e-8f38-5cea1625d8c2,rock
141,26bc1124-b228-401e-8f38-5cea1625d8c2,alternative rock
141,26bc1124-b228-401e-8f38-5cea1625d8c2,emo-pop
141,26bc1124-b228-401e-8f38-5cea1625d8c2,emo pop
141,26bc1124-b228-401e-8f38-5cea1625d8c2,acoustic rock
141,26bc1124-b228-401e-8f38-5cea1625d8c2,nuno
141,26bc1124-b228-401e-8f38-5cea1625d8c2,pop rock
141,26bc1124-b228-401e-8f38-5cea1625d8c2,power pop
142,27356396-ad80-418e-97d5-418bbfefc9ae,2020s
142,27356396-ad80-418e-97d5-418bbfefc9ae,country
142,27356396-ad80-418e-97d5-418bbfefc9ae,country pop
143,273a1b0d-aef8-446d-b8c3-5fa6cef7f922,dance-pop
143,273a1b0d-aef8-446d-b8c3-5fa6cef7f922,club
143,273a1b0d-aef8-446d-b8c3-5fa6cef7f922,hip hop
143,273a1b0d-aef8-446d-b8c3-5fa6cef7f922,crunk
143,273a1b0d-aef8-446d-b8c3-5fa6cef7f922,pop rap
143,273a1b0d-aef8-446d-b8c3-5fa6cef7f922,soul
143,273a1b0d-aef8-446d-b8c3-5fa6cef7f922,contemporary r&b
143,273a1b0d-aef8-446d-b8c3-5fa6cef7f922,trap
143,273a1b0d-aef8-446d-b8c3-5fa6cef7f922,memphis rap
143,273a1b0d-aef8-446d-b8c3-5fa6cef7f922,dance music
143,273a1b0d-aef8-446d-b8c3-5fa6cef7f922,hip hop
143,273a1b0d-aef8-446d-b8c3-5fa6cef7f922,rap
143,273a1b0d-aef8-446d-b8c3-5fa6cef7f922,trap
143,273a1b0d-aef8-446d-b8c3-5fa6cef7f922,r&b
143,273a1b0d-aef8-446d-b8c3-5fa6cef7f922,pop
144,27560625-383f-4477-bbbe-dbd6639d9bf2,rock
144,27560625-383f-4477-bbbe-dbd6639d9bf2,pop rock
144,27560625-383f-4477-bbbe-dbd6639d9bf2,alternative rock
145,2809007e-7e03-4dd2-9b7f-3e539d5a54f3,alternative rock
145,2809007e-7e03-4dd2-9b7f-3e539d5a54f3,indie pop
145,2809007e-7e03-4dd2-9b7f-3e539d5a54f3,tumblr
146,28979ba5-252e-474d-b1da-433c5e91807e,acoustic
146,28979ba5-252e-474d-b1da-433c5e91807e,post-hardcore
146,28979ba5-252e-474d-b1da-433c5e91807e,metalcore
146,28979ba5-252e-474d-b1da-433c5e91807e,emo pop
146,28979ba5-252e-474d-b1da-433c5e91807e,pop punk
146,28979ba5-252e-474d-b1da-433c5e91807e,alternative rock
146,28979ba5-252e-474d-b1da-433c5e91807e,pop screamo
147,28a1d37d-a6b5-4252-8b7e-f2a16af34e07,tumblr
147,28a1d37d-a6b5-4252-8b7e-f2a16af34e07,indie pop
147,28a1d37d-a6b5-4252-8b7e-f2a16af34e07,alternative rock
148,28e55e71-2043-4d32-83b7-9fc09eb60879,rock and roll
149,293ef9b7-548e-4261-9f58-2a9b29d7faa7,pop rock
150,2a0f8ab1-c66c-4499-86bb-f5a9d4f36a21,hardcore
150,2a0f8ab1-c66c-4499-86bb-f5a9d4f36a21,metalcore
150,2a0f8ab1-c66c-4499-86bb-f5a9d4f36a21,beatdown hardcore
150,2a0f8ab1-c66c-4499-86bb-f5a9d4f36a21,deathcore
150,2a0f8ab1-c66c-4499-86bb-f5a9d4f36a21,downtempo
151,2a33c602-2e7e-433d-bf32-83e2b6928ff3,
152,2a55ad81-e868-44a9-966d-e3235270572f,millennial
152,2a55ad81-e868-44a9-966d-e3235270572f,scene
152,2a55ad81-e868-44a9-966d-e3235270572f,screamo
152,2a55ad81-e868-44a9-966d-e3235270572f,pop
152,2a55ad81-e868-44a9-966d-e3235270572f,easycore
152,2a55ad81-e868-44a9-966d-e3235270572f,melodic hardcore
152,2a55ad81-e868-44a9-966d-e3235270572f,alternative
152,2a55ad81-e868-44a9-966d-e3235270572f,alternative rock
152,2a55ad81-e868-44a9-966d-e3235270572f,rock
152,2a55ad81-e868-44a9-966d-e3235270572f,alternative/indie rock
152,2a55ad81-e868-44a9-966d-e3235270572f,pop punk
152,2a55ad81-e868-44a9-966d-e3235270572f,post-hardcore
152,2a55ad81-e868-44a9-966d-e3235270572f,experimental rock
152,2a55ad81-e868-44a9-966d-e3235270572f,pop rock
152,2a55ad81-e868-44a9-966d-e3235270572f,pop screamo
152,2a55ad81-e868-44a9-966d-e3235270572f,hardcore punk
152,2a55ad81-e868-44a9-966d-e3235270572f,progressive rock
152,2a55ad81-e868-44a9-966d-e3235270572f,emo
153,2a58293a-b7bf-4fea-80a0-e679164446c7,modern rock
153,2a58293a-b7bf-4fea-80a0-e679164446c7,alternative/indie rock
153,2a58293a-b7bf-4fea-80a0-e679164446c7,power pop
153,2a58293a-b7bf-4fea-80a0-e679164446c7,powerpop
153,2a58293a-b7bf-4fea-80a0-e679164446c7,punk
153,2a58293a-b7bf-4fea-80a0-e679164446c7,alternative rock
153,2a58293a-b7bf-4fea-80a0-e679164446c7,neon pop
153,2a58293a-b7bf-4fea-80a0-e679164446c7,pop
153,2a58293a-b7bf-4fea-80a0-e679164446c7,alternative
153,2a58293a-b7bf-4fea-80a0-e679164446c7,rock
153,2a58293a-b7bf-4fea-80a0-e679164446c7,emo
153,2a58293a-b7bf-4fea-80a0-e679164446c7,pop rock
153,2a58293a-b7bf-4fea-80a0-e679164446c7,pop punk
153,2a58293a-b7bf-4fea-80a0-e679164446c7,emo-pop
153,2a58293a-b7bf-4fea-80a0-e679164446c7,emo pop
154,2a71edea-c17a-44a5-96e9-f602066c64d8,garage rock
154,2a71edea-c17a-44a5-96e9-f602066c64d8,punk blues
154,2a71edea-c17a-44a5-96e9-f602066c64d8,indie rock
154,2a71edea-c17a-44a5-96e9-f602066c64d8,alternative rock
154,2a71edea-c17a-44a5-96e9-f602066c64d8,hard rock
154,2a71edea-c17a-44a5-96e9-f602066c64d8,blues rock
155,2a81a3ba-e27f-4d4d-9068-ee993d94d866,hip hop
155,2a81a3ba-e27f-4d4d-9068-ee993d94d866,trap
155,2a81a3ba-e27f-4d4d-9068-ee993d94d866,southern hip hop
155,2a81a3ba-e27f-4d4d-9068-ee993d94d866,hip hop
155,2a81a3ba-e27f-4d4d-9068-ee993d94d866,mumble rap
155,2a81a3ba-e27f-4d4d-9068-ee993d94d866,pop rap
155,2a81a3ba-e27f-4d4d-9068-ee993d94d866,trap
155,2a81a3ba-e27f-4d4d-9068-ee993d94d866,gangsta rap
156,2a85a82c-cf9f-4658-b9ab-89609df029af,hard rock
156,2a85a82c-cf9f-4658-b9ab-89609df029af,x factor
156,2a85a82c-cf9f-4658-b9ab-89609df029af,rock and roll
156,2a85a82c-cf9f-4658-b9ab-89609df029af,rock
156,2a85a82c-cf9f-4658-b9ab-89609df029af,alternative metal
156,2a85a82c-cf9f-4658-b9ab-89609df029af,pop rock
156,2a85a82c-cf9f-4658-b9ab-89609df029af,glam rock
156,2a85a82c-cf9f-4658-b9ab-89609df029af,x factor italia 2017
156,2a85a82c-cf9f-4658-b9ab-89609df029af,funk rock
156,2a85a82c-cf9f-4658-b9ab-89609df029af,x factor italia
156,2a85a82c-cf9f-4658-b9ab-89609df029af,rock
156,2a85a82c-cf9f-4658-b9ab-89609df029af,alternative rock
157,2b208548-f8ab-4402-a565-85a79bab118d,emo pop
157,2b208548-f8ab-4402-a565-85a79bab118d,pop soul
157,2b208548-f8ab-4402-a565-85a79bab118d,power pop
157,2b208548-f8ab-4402-a565-85a79bab118d,emo-pop
157,2b208548-f8ab-4402-a565-85a79bab118d,pop punk
157,2b208548-f8ab-4402-a565-85a79bab118d,pop rock
157,2b208548-f8ab-4402-a565-85a79bab118d,alternative
157,2b208548-f8ab-4402-a565-85a79bab118d,alternative rock
157,2b208548-f8ab-4402-a565-85a79bab118d,pop
157,2b208548-f8ab-4402-a565-85a79bab118d,soul
157,2b208548-f8ab-4402-a565-85a79bab118d,emo
157,2b208548-f8ab-4402-a565-85a79bab118d,rock
157,2b208548-f8ab-4402-a565-85a79bab118d,country
157,2b208548-f8ab-4402-a565-85a79bab118d,powerpop
157,2b208548-f8ab-4402-a565-85a79bab118d,punk
157,2b208548-f8ab-4402-a565-85a79bab118d,pop
157,2b208548-f8ab-4402-a565-85a79bab118d,neon pop
157,2b208548-f8ab-4402-a565-85a79bab118d,rock
157,2b208548-f8ab-4402-a565-85a79bab118d,rhythm & blues
157,2b208548-f8ab-4402-a565-85a79bab118d,alternative rock
157,2b208548-f8ab-4402-a565-85a79bab118d,alternative/indie rock
157,2b208548-f8ab-4402-a565-85a79bab118d,modern rock
158,2b2a309e-26d1-4985-baf0-a0f1a75802b8,country
159,2b53c634-21e7-456c-9d67-8d398218601e,post-hardcore
159,2b53c634-21e7-456c-9d67-8d398218601e,experimental rock
160,2b5b79ac-51fe-4fda-9f87-4bb32ae03199,pop
160,2b5b79ac-51fe-4fda-9f87-4bb32ae03199,country pop
160,2b5b79ac-51fe-4fda-9f87-4bb32ae03199,country-rock
160,2b5b79ac-51fe-4fda-9f87-4bb32ae03199,rock
160,2b5b79ac-51fe-4fda-9f87-4bb32ae03199,pop rock
160,2b5b79ac-51fe-4fda-9f87-4bb32ae03199,canadian
160,2b5b79ac-51fe-4fda-9f87-4bb32ae03199,dance-pop
160,2b5b79ac-51fe-4fda-9f87-4bb32ae03199,adult contemporary
160,2b5b79ac-51fe-4fda-9f87-4bb32ae03199,soft rock
160,2b5b79ac-51fe-4fda-9f87-4bb32ae03199,female vocals
160,2b5b79ac-51fe-4fda-9f87-4bb32ae03199,country rock
160,2b5b79ac-51fe-4fda-9f87-4bb32ae03199,contemporary country
160,2b5b79ac-51fe-4fda-9f87-4bb32ae03199,country
161,2b7687ce-508d-49a8-ad10-8ecaf0b83b15,hip hop
161,2b7687ce-508d-49a8-ad10-8ecaf0b83b15,hip hop
161,2b7687ce-508d-49a8-ad10-8ecaf0b83b15,conscious hip hop
161,2b7687ce-508d-49a8-ad10-8ecaf0b83b15,jazz rap
161,2b7687ce-508d-49a8-ad10-8ecaf0b83b15,boom bap
161,2b7687ce-508d-49a8-ad10-8ecaf0b83b15,east coast hip hop
161,2b7687ce-508d-49a8-ad10-8ecaf0b83b15,pop rap
162,2c1089da-b4ad-4eb2-8623-593970e4c433,
163,2c11ba0a-9def-4532-b622-c3d12dce78b1,experimental rock
163,2c11ba0a-9def-4532-b622-c3d12dce78b1,post-hardcore
164,2c12d569-01e7-41d6-8b3f-16393ebfaa69,gangsta rap
164,2c12d569-01e7-41d6-8b3f-16393ebfaa69,southern hip hop
164,2c12d569-01e7-41d6-8b3f-16393ebfaa69,hip hop
164,2c12d569-01e7-41d6-8b3f-16393ebfaa69,hip hop
164,2c12d569-01e7-41d6-8b3f-16393ebfaa69,pop rap
164,2c12d569-01e7-41d6-8b3f-16393ebfaa69,trap
164,2c12d569-01e7-41d6-8b3f-16393ebfaa69,mumble rap
164,2c12d569-01e7-41d6-8b3f-16393ebfaa69,trap
165,2d153162-8781-49a3-b078-fcd473fef649,hip hop
165,2d153162-8781-49a3-b078-fcd473fef649,rap
166,2d53ce5b-508f-4adb-8bcd-ed9c36846f62,metal
166,2d53ce5b-508f-4adb-8bcd-ed9c36846f62,metalcore
166,2d53ce5b-508f-4adb-8bcd-ed9c36846f62,post-hardcore
166,2d53ce5b-508f-4adb-8bcd-ed9c36846f62,heavy metal
166,2d53ce5b-508f-4adb-8bcd-ed9c36846f62,alternative metal
167,2d584d3c-d6ce-40ec-b23a-7b29c687ac07,disco
167,2d584d3c-d6ce-40ec-b23a-7b29c687ac07,west coast hip hop
167,2d584d3c-d6ce-40ec-b23a-7b29c687ac07,hardcore hip hop
167,2d584d3c-d6ce-40ec-b23a-7b29c687ac07,hip hop
167,2d584d3c-d6ce-40ec-b23a-7b29c687ac07,conscious hip hop
167,2d584d3c-d6ce-40ec-b23a-7b29c687ac07,2020s
167,2d584d3c-d6ce-40ec-b23a-7b29c687ac07,gangsta rap
167,2d584d3c-d6ce-40ec-b23a-7b29c687ac07,alternative hip hop
167,2d584d3c-d6ce-40ec-b23a-7b29c687ac07,jazz rap
167,2d584d3c-d6ce-40ec-b23a-7b29c687ac07,rap
167,2d584d3c-d6ce-40ec-b23a-7b29c687ac07,2010s
167,2d584d3c-d6ce-40ec-b23a-7b29c687ac07,r&b
167,2d584d3c-d6ce-40ec-b23a-7b29c687ac07,pop rap
167,2d584d3c-d6ce-40ec-b23a-7b29c687ac07,trap
167,2d584d3c-d6ce-40ec-b23a-7b29c687ac07,pop
167,2d584d3c-d6ce-40ec-b23a-7b29c687ac07,jazz
167,2d584d3c-d6ce-40ec-b23a-7b29c687ac07,progressive rap
167,2d584d3c-d6ce-40ec-b23a-7b29c687ac07,conscious rapper
167,2d584d3c-d6ce-40ec-b23a-7b29c687ac07,contemporary rap
167,2d584d3c-d6ce-40ec-b23a-7b29c687ac07,future bass
167,2d584d3c-d6ce-40ec-b23a-7b29c687ac07,house
167,2d584d3c-d6ce-40ec-b23a-7b29c687ac07,dance
168,2d7fe8ba-3977-4193-807f-204531e72e20,hip hop
168,2d7fe8ba-3977-4193-807f-204531e72e20,trap
168,2d7fe8ba-3977-4193-807f-204531e72e20,rap
168,2d7fe8ba-3977-4193-807f-204531e72e20,hip hop
169,2d87307d-0fd9-44b9-b9b6-e425856c2c59,country pop
169,2d87307d-0fd9-44b9-b9b6-e425856c2c59,hard rock
169,2d87307d-0fd9-44b9-b9b6-e425856c2c59,country
170,2dc21e63-6535-43a1-bc63-cbb22be1fdc3,
171,2dcc855e-04c7-4d1b-9c5f-6560da5fd709,contemporary r&b
171,2dcc855e-04c7-4d1b-9c5f-6560da5fd709,alternative r&b
171,2dcc855e-04c7-4d1b-9c5f-6560da5fd709,pop
171,2dcc855e-04c7-4d1b-9c5f-6560da5fd709,rnb
171,2dcc855e-04c7-4d1b-9c5f-6560da5fd709,queer
171,2dcc855e-04c7-4d1b-9c5f-6560da5fd709,r&b
172,2dcf64a5-16f1-47b7-8064-98c2ee41dacb,country pop
172,2dcf64a5-16f1-47b7-8064-98c2ee41dacb,rock
172,2dcf64a5-16f1-47b7-8064-98c2ee41dacb,contemporary country
172,2dcf64a5-16f1-47b7-8064-98c2ee41dacb,pop
173,2dd93701-b790-4134-8c31-5eeee950ee4a,post-metalcore
173,2dd93701-b790-4134-8c31-5eeee950ee4a,post-hardcore
173,2dd93701-b790-4134-8c31-5eeee950ee4a,metalcore
173,2dd93701-b790-4134-8c31-5eeee950ee4a,metal
174,2e29167c-e217-41c3-a343-b1f699011c0c,post-hardcore
174,2e29167c-e217-41c3-a343-b1f699011c0c,metal
174,2e29167c-e217-41c3-a343-b1f699011c0c,post-metalcore
174,2e29167c-e217-41c3-a343-b1f699011c0c,metalcore
175,2e48f30b-7ad2-4fea-97f1-edef65565d7c,christian hip hop
175,2e48f30b-7ad2-4fea-97f1-edef65565d7c,house
175,2e48f30b-7ad2-4fea-97f1-edef65565d7c,experimental hip hop
175,2e48f30b-7ad2-4fea-97f1-edef65565d7c,electropop
175,2e48f30b-7ad2-4fea-97f1-edef65565d7c,r&b
175,2e48f30b-7ad2-4fea-97f1-edef65565d7c,pop
175,2e48f30b-7ad2-4fea-97f1-edef65565d7c,composers
175,2e48f30b-7ad2-4fea-97f1-edef65565d7c,deep house
175,2e48f30b-7ad2-4fea-97f1-edef65565d7c,singstimme
175,2e48f30b-7ad2-4fea-97f1-edef65565d7c,modeschöpfer
175,2e48f30b-7ad2-4fea-97f1-edef65565d7c,progressive rap
175,2e48f30b-7ad2-4fea-97f1-edef65565d7c,gospel music
175,2e48f30b-7ad2-4fea-97f1-edef65565d7c,midwest rap
175,2e48f30b-7ad2-4fea-97f1-edef65565d7c,producer
175,2e48f30b-7ad2-4fea-97f1-edef65565d7c,chipmunk soul
175,2e48f30b-7ad2-4fea-97f1-edef65565d7c,musikproduzent
175,2e48f30b-7ad2-4fea-97f1-edef65565d7c,singers
175,2e48f30b-7ad2-4fea-97f1-edef65565d7c,african american musicians
175,2e48f30b-7ad2-4fea-97f1-edef65565d7c,contemporary r&b
175,2e48f30b-7ad2-4fea-97f1-edef65565d7c,businesspeople
175,2e48f30b-7ad2-4fea-97f1-edef65565d7c,trap
175,2e48f30b-7ad2-4fea-97f1-edef65565d7c,contemporary rap
175,2e48f30b-7ad2-4fea-97f1-edef65565d7c,rapmusiker
175,2e48f30b-7ad2-4fea-97f1-edef65565d7c,pop rap
175,2e48f30b-7ad2-4fea-97f1-edef65565d7c,rap musicians
175,2e48f30b-7ad2-4fea-97f1-edef65565d7c,songwriter
175,2e48f30b-7ad2-4fea-97f1-edef65565d7c,future bass
175,2e48f30b-7ad2-4fea-97f1-edef65565d7c,regisseur
175,2e48f30b-7ad2-4fea-97f1-edef65565d7c,sound recording executives and producers
175,2e48f30b-7ad2-4fea-97f1-edef65565d7c,hip hop
175,2e48f30b-7ad2-4fea-97f1-edef65565d7c,conscious hip hop
175,2e48f30b-7ad2-4fea-97f1-edef65565d7c,fashion designers
176,2ec6da3b-7620-41db-b8f6-e99f41c2f6c7,hard rock
176,2ec6da3b-7620-41db-b8f6-e99f41c2f6c7,alternative rock
176,2ec6da3b-7620-41db-b8f6-e99f41c2f6c7,rock
177,2ee17385-8083-4a0a-86bd-9da80ee2cf12,country
177,2ee17385-8083-4a0a-86bd-9da80ee2cf12,2008 universal fire victim
177,2ee17385-8083-4a0a-86bd-9da80ee2cf12,contemporary country
178,2f02d096-05da-4ff5-9437-ae55cb2e602d,hip hop
179,2f4735d9-3b02-4ac2-ba72-0312cefefa6f,west coast hip hop
179,2f4735d9-3b02-4ac2-ba72-0312cefefa6f,hip hop
179,2f4735d9-3b02-4ac2-ba72-0312cefefa6f,trap
180,2fa305f9-9fab-40d4-85f4-1d2774186581,trap
180,2fa305f9-9fab-40d4-85f4-1d2774186581,hip hop
181,2fb5a713-060c-4ec9-a5e5-29fb46b0208f,rock
181,2fb5a713-060c-4ec9-a5e5-29fb46b0208f,alternative rock
181,2fb5a713-060c-4ec9-a5e5-29fb46b0208f,hard rock
181,2fb5a713-060c-4ec9-a5e5-29fb46b0208f,alternative metal
181,2fb5a713-060c-4ec9-a5e5-29fb46b0208f,progressive rock
181,2fb5a713-060c-4ec9-a5e5-29fb46b0208f,progressive metal
181,2fb5a713-060c-4ec9-a5e5-29fb46b0208f,heavy metal
182,2fe836a2-0dcc-4a56-978c-ac1690df8dbe,hip hop
182,2fe836a2-0dcc-4a56-978c-ac1690df8dbe,pop rap
182,2fe836a2-0dcc-4a56-978c-ac1690df8dbe,alternative r&b
182,2fe836a2-0dcc-4a56-978c-ac1690df8dbe,rap
182,2fe836a2-0dcc-4a56-978c-ac1690df8dbe,english
183,305625e9-c521-4fe6-9a1e-297be2be66b1,neo-soul
183,305625e9-c521-4fe6-9a1e-297be2be66b1,funk
183,305625e9-c521-4fe6-9a1e-297be2be66b1,hip hop
183,305625e9-c521-4fe6-9a1e-297be2be66b1,jazz
183,305625e9-c521-4fe6-9a1e-297be2be66b1,soul and reggae
183,305625e9-c521-4fe6-9a1e-297be2be66b1,funk soul
183,305625e9-c521-4fe6-9a1e-297be2be66b1,contemporary r&b
183,305625e9-c521-4fe6-9a1e-297be2be66b1,soul
183,305625e9-c521-4fe6-9a1e-297be2be66b1,neo soul
183,305625e9-c521-4fe6-9a1e-297be2be66b1,acid jazz
184,30a01df8-fb7f-4a96-808c-a8670c4da7b0,trap
184,30a01df8-fb7f-4a96-808c-a8670c4da7b0,top 100
184,30a01df8-fb7f-4a96-808c-a8670c4da7b0,alternative r&b
184,30a01df8-fb7f-4a96-808c-a8670c4da7b0,hip hop soul
184,30a01df8-fb7f-4a96-808c-a8670c4da7b0,sxsw
184,30a01df8-fb7f-4a96-808c-a8670c4da7b0,hip hop
184,30a01df8-fb7f-4a96-808c-a8670c4da7b0,alternative r&b
184,30a01df8-fb7f-4a96-808c-a8670c4da7b0,r&b
184,30a01df8-fb7f-4a96-808c-a8670c4da7b0,pop soul
184,30a01df8-fb7f-4a96-808c-a8670c4da7b0,hardcore hip hop
184,30a01df8-fb7f-4a96-808c-a8670c4da7b0,top 5
184,30a01df8-fb7f-4a96-808c-a8670c4da7b0,contemporary r&b
184,30a01df8-fb7f-4a96-808c-a8670c4da7b0,contemporary r&b
184,30a01df8-fb7f-4a96-808c-a8670c4da7b0,trap rap
184,30a01df8-fb7f-4a96-808c-a8670c4da7b0,top 10
184,30a01df8-fb7f-4a96-808c-a8670c4da7b0,pop rap
184,30a01df8-fb7f-4a96-808c-a8670c4da7b0,pop
184,30a01df8-fb7f-4a96-808c-a8670c4da7b0,southern hip hop
184,30a01df8-fb7f-4a96-808c-a8670c4da7b0,hip-hop
184,30a01df8-fb7f-4a96-808c-a8670c4da7b0,rap
185,30c44951-6e46-403b-a232-ff182fbf584a,afro house
185,30c44951-6e46-403b-a232-ff182fbf584a,2010s
185,30c44951-6e46-403b-a232-ff182fbf584a,latin
185,30c44951-6e46-403b-a232-ff182fbf584a,amapiano
185,30c44951-6e46-403b-a232-ff182fbf584a,african
185,30c44951-6e46-403b-a232-ff182fbf584a,hip hop
185,30c44951-6e46-403b-a232-ff182fbf584a,dance-pop
185,30c44951-6e46-403b-a232-ff182fbf584a,contemporary r&b
185,30c44951-6e46-403b-a232-ff182fbf584a,dance
185,30c44951-6e46-403b-a232-ff182fbf584a,pop
185,30c44951-6e46-403b-a232-ff182fbf584a,r&b
185,30c44951-6e46-403b-a232-ff182fbf584a,english
186,30d0e308-a1a0-48f6-9d91-fd136591b65b,experimental rock
186,30d0e308-a1a0-48f6-9d91-fd136591b65b,post-hardcore
187,311f6cd1-20eb-4d09-99c7-e570078aa3dd,country
187,311f6cd1-20eb-4d09-99c7-e570078aa3dd,contemporary country
188,313783e6-b789-447e-8d5f-1b387a91ec6a,
189,31c2a445-d153-423d-9acc-4e88d82ba4ca,house
189,31c2a445-d153-423d-9acc-4e88d82ba4ca,pop rap
189,31c2a445-d153-423d-9acc-4e88d82ba4ca,fashion designers
189,31c2a445-d153-423d-9acc-4e88d82ba4ca,future bass
189,31c2a445-d153-423d-9acc-4e88d82ba4ca,musikproduzent
189,31c2a445-d153-423d-9acc-4e88d82ba4ca,regisseur
189,31c2a445-d153-423d-9acc-4e88d82ba4ca,modeschöpfer
189,31c2a445-d153-423d-9acc-4e88d82ba4ca,r&b
189,31c2a445-d153-423d-9acc-4e88d82ba4ca,midwest rap
189,31c2a445-d153-423d-9acc-4e88d82ba4ca,pop rap
189,31c2a445-d153-423d-9acc-4e88d82ba4ca,conscious hip hop
189,31c2a445-d153-423d-9acc-4e88d82ba4ca,singstimme
189,31c2a445-d153-423d-9acc-4e88d82ba4ca,african american musicians
189,31c2a445-d153-423d-9acc-4e88d82ba4ca,singers
189,31c2a445-d153-423d-9acc-4e88d82ba4ca,contemporary r&b
189,31c2a445-d153-423d-9acc-4e88d82ba4ca,hip hop
189,31c2a445-d153-423d-9acc-4e88d82ba4ca,electropop
189,31c2a445-d153-423d-9acc-4e88d82ba4ca,progressive rap
189,31c2a445-d153-423d-9acc-4e88d82ba4ca,christian hip hop
189,31c2a445-d153-423d-9acc-4e88d82ba4ca,trap
189,31c2a445-d153-423d-9acc-4e88d82ba4ca,rapmusiker
189,31c2a445-d153-423d-9acc-4e88d82ba4ca,sound recording executives and producers
189,31c2a445-d153-423d-9acc-4e88d82ba4ca,chipmunk soul
189,31c2a445-d153-423d-9acc-4e88d82ba4ca,deep house
189,31c2a445-d153-423d-9acc-4e88d82ba4ca,experimental hip hop
189,31c2a445-d153-423d-9acc-4e88d82ba4ca,experimental hip hop
189,31c2a445-d153-423d-9acc-4e88d82ba4ca,english
189,31c2a445-d153-423d-9acc-4e88d82ba4ca,rap musicians
189,31c2a445-d153-423d-9acc-4e88d82ba4ca,pop
189,31c2a445-d153-423d-9acc-4e88d82ba4ca,trap
189,31c2a445-d153-423d-9acc-4e88d82ba4ca,gospel music
189,31c2a445-d153-423d-9acc-4e88d82ba4ca,songwriter
189,31c2a445-d153-423d-9acc-4e88d82ba4ca,contemporary rap
189,31c2a445-d153-423d-9acc-4e88d82ba4ca,hip hop
189,31c2a445-d153-423d-9acc-4e88d82ba4ca,businesspeople
189,31c2a445-d153-423d-9acc-4e88d82ba4ca,southern hip hop
189,31c2a445-d153-423d-9acc-4e88d82ba4ca,rap
189,31c2a445-d153-423d-9acc-4e88d82ba4ca,producer
189,31c2a445-d153-423d-9acc-4e88d82ba4ca,composers
190,31c5b3e9-d6a3-4c0b-8a7d-cd97ac255881,progressive metal
190,31c5b3e9-d6a3-4c0b-8a7d-cd97ac255881,djent
190,31c5b3e9-d6a3-4c0b-8a7d-cd97ac255881,metalcore
190,31c5b3e9-d6a3-4c0b-8a7d-cd97ac255881,technical metalcore
190,31c5b3e9-d6a3-4c0b-8a7d-cd97ac255881,progressive metalcore
190,31c5b3e9-d6a3-4c0b-8a7d-cd97ac255881,post-hardcore
190,31c5b3e9-d6a3-4c0b-8a7d-cd97ac255881,melodic metalcore
191,3224607d-b435-4cd1-906c-6b4f0c2d4cce,experimental
191,3224607d-b435-4cd1-906c-6b4f0c2d4cce,alternative
191,3224607d-b435-4cd1-906c-6b4f0c2d4cce,neo-psychedelia
191,3224607d-b435-4cd1-906c-6b4f0c2d4cce,progressive
191,3224607d-b435-4cd1-906c-6b4f0c2d4cce,indie pop
191,3224607d-b435-4cd1-906c-6b4f0c2d4cce,pop
191,3224607d-b435-4cd1-906c-6b4f0c2d4cce,indie rock
191,3224607d-b435-4cd1-906c-6b4f0c2d4cce,indie electronic
192,32464a50-6832-4bed-b04f-93804c667324,progressive rock
192,32464a50-6832-4bed-b04f-93804c667324,rock
192,32464a50-6832-4bed-b04f-93804c667324,millennial
192,32464a50-6832-4bed-b04f-93804c667324,screamo
192,32464a50-6832-4bed-b04f-93804c667324,alternative
192,32464a50-6832-4bed-b04f-93804c667324,post-hardcore
192,32464a50-6832-4bed-b04f-93804c667324,pop rock
192,32464a50-6832-4bed-b04f-93804c667324,easycore
192,32464a50-6832-4bed-b04f-93804c667324,alternative/indie rock
192,32464a50-6832-4bed-b04f-93804c667324,scene
192,32464a50-6832-4bed-b04f-93804c667324,emo
192,32464a50-6832-4bed-b04f-93804c667324,alternative rock
192,32464a50-6832-4bed-b04f-93804c667324,experimental rock
192,32464a50-6832-4bed-b04f-93804c667324,pop punk
192,32464a50-6832-4bed-b04f-93804c667324,melodic hardcore
192,32464a50-6832-4bed-b04f-93804c667324,hardcore punk
192,32464a50-6832-4bed-b04f-93804c667324,pop screamo
192,32464a50-6832-4bed-b04f-93804c667324,pop
193,3256e746-9dc6-4479-8428-669d71af3e7f,indie
193,3256e746-9dc6-4479-8428-669d71af3e7f,alternative
194,329deec5-a896-4cc1-b5f8-1e8a5b54abbf,alternative rock
194,329deec5-a896-4cc1-b5f8-1e8a5b54abbf,rock
194,329deec5-a896-4cc1-b5f8-1e8a5b54abbf,hard rock
195,337396b7-eedc-4f64-b681-c25de014dd04,alternative/indie rock
195,337396b7-eedc-4f64-b681-c25de014dd04,post-hardcore
195,337396b7-eedc-4f64-b681-c25de014dd04,rock
195,337396b7-eedc-4f64-b681-c25de014dd04,melodic hardcore
195,337396b7-eedc-4f64-b681-c25de014dd04,progressive rock
195,337396b7-eedc-4f64-b681-c25de014dd04,experimental rock
195,337396b7-eedc-4f64-b681-c25de014dd04,scene
195,337396b7-eedc-4f64-b681-c25de014dd04,emo
195,337396b7-eedc-4f64-b681-c25de014dd04,alternative
195,337396b7-eedc-4f64-b681-c25de014dd04,pop punk
195,337396b7-eedc-4f64-b681-c25de014dd04,pop
195,337396b7-eedc-4f64-b681-c25de014dd04,millennial
195,337396b7-eedc-4f64-b681-c25de014dd04,hardcore punk
195,337396b7-eedc-4f64-b681-c25de014dd04,pop screamo
195,337396b7-eedc-4f64-b681-c25de014dd04,screamo
195,337396b7-eedc-4f64-b681-c25de014dd04,alternative rock
195,337396b7-eedc-4f64-b681-c25de014dd04,pop rock
195,337396b7-eedc-4f64-b681-c25de014dd04,easycore
196,340ad620-21e7-42f0-aea2-02da0eb99ac5,
197,340b68d4-6d0f-4e84-acf0-0927486bbbee,acoustic
197,340b68d4-6d0f-4e84-acf0-0927486bbbee,metalcore
197,340b68d4-6d0f-4e84-acf0-0927486bbbee,alternative rock
197,340b68d4-6d0f-4e84-acf0-0927486bbbee,post-hardcore
197,340b68d4-6d0f-4e84-acf0-0927486bbbee,pop screamo
197,340b68d4-6d0f-4e84-acf0-0927486bbbee,pop punk
197,340b68d4-6d0f-4e84-acf0-0927486bbbee,emo pop
198,34129849-5ee1-464a-8147-c4275b0d0303,pop rap
198,34129849-5ee1-464a-8147-c4275b0d0303,english
198,34129849-5ee1-464a-8147-c4275b0d0303,hip hop
198,34129849-5ee1-464a-8147-c4275b0d0303,southern hip hop
198,34129849-5ee1-464a-8147-c4275b0d0303,west coast hip hop
198,34129849-5ee1-464a-8147-c4275b0d0303,experimental hip hop
198,34129849-5ee1-464a-8147-c4275b0d0303,trap
198,34129849-5ee1-464a-8147-c4275b0d0303,trap
198,34129849-5ee1-464a-8147-c4275b0d0303,rap
198,34129849-5ee1-464a-8147-c4275b0d0303,hip hop
199,346c5920-4b36-4472-9447-139d2c9e4560,experimental hip hop
199,346c5920-4b36-4472-9447-139d2c9e4560,pop rap
199,346c5920-4b36-4472-9447-139d2c9e4560,southern hip hop
199,346c5920-4b36-4472-9447-139d2c9e4560,english
199,346c5920-4b36-4472-9447-139d2c9e4560,hip hop
199,346c5920-4b36-4472-9447-139d2c9e4560,trap
199,346c5920-4b36-4472-9447-139d2c9e4560,rap
200,34c4b1dc-b7d1-42ee-b32b-65f962fa17dd,pop screamo
200,34c4b1dc-b7d1-42ee-b32b-65f962fa17dd,melodic hardcore
200,34c4b1dc-b7d1-42ee-b32b-65f962fa17dd,screamo
200,34c4b1dc-b7d1-42ee-b32b-65f962fa17dd,easycore
200,34c4b1dc-b7d1-42ee-b32b-65f962fa17dd,alternative rock
200,34c4b1dc-b7d1-42ee-b32b-65f962fa17dd,hardcore punk
200,34c4b1dc-b7d1-42ee-b32b-65f962fa17dd,millennial
200,34c4b1dc-b7d1-42ee-b32b-65f962fa17dd,post-hardcore
200,34c4b1dc-b7d1-42ee-b32b-65f962fa17dd,pop rock
200,34c4b1dc-b7d1-42ee-b32b-65f962fa17dd,alternative
200,34c4b1dc-b7d1-42ee-b32b-65f962fa17dd,pop punk
200,34c4b1dc-b7d1-42ee-b32b-65f962fa17dd,rock
200,34c4b1dc-b7d1-42ee-b32b-65f962fa17dd,progressive rock
200,34c4b1dc-b7d1-42ee-b32b-65f962fa17dd,scene
200,34c4b1dc-b7d1-42ee-b32b-65f962fa17dd,emo
200,34c4b1dc-b7d1-42ee-b32b-65f962fa17dd,pop
200,34c4b1dc-b7d1-42ee-b32b-65f962fa17dd,experimental rock
200,34c4b1dc-b7d1-42ee-b32b-65f962fa17dd,alternative/indie rock
201,34c6765e-a256-4cff-95c7-3150a288f447,american trad rock
201,34c6765e-a256-4cff-95c7-3150a288f447,pop
201,34c6765e-a256-4cff-95c7-3150a288f447,neo-psychedelia
201,34c6765e-a256-4cff-95c7-3150a288f447,alternative
201,34c6765e-a256-4cff-95c7-3150a288f447,rock
201,34c6765e-a256-4cff-95c7-3150a288f447,punk blues
201,34c6765e-a256-4cff-95c7-3150a288f447,post-punk revival
201,34c6765e-a256-4cff-95c7-3150a288f447,psychedelic rock
201,34c6765e-a256-4cff-95c7-3150a288f447,garage rock revival
201,34c6765e-a256-4cff-95c7-3150a288f447,alternative rock
201,34c6765e-a256-4cff-95c7-3150a288f447,punk rock
201,34c6765e-a256-4cff-95c7-3150a288f447,indie rock
201,34c6765e-a256-4cff-95c7-3150a288f447,garage rock
201,34c6765e-a256-4cff-95c7-3150a288f447,acoustic rock
202,34fc829e-d9ac-4377-bc0e-77ba7a7a0ce8,trance
202,34fc829e-d9ac-4377-bc0e-77ba7a7a0ce8,indie pop
202,34fc829e-d9ac-4377-bc0e-77ba7a7a0ce8,synthpop
202,34fc829e-d9ac-4377-bc0e-77ba7a7a0ce8,alternative dance
202,34fc829e-d9ac-4377-bc0e-77ba7a7a0ce8,techno
202,34fc829e-d9ac-4377-bc0e-77ba7a7a0ce8,bass house
202,34fc829e-d9ac-4377-bc0e-77ba7a7a0ce8,alternative music
202,34fc829e-d9ac-4377-bc0e-77ba7a7a0ce8,alternative/indie rock
202,34fc829e-d9ac-4377-bc0e-77ba7a7a0ce8,dance-pop
202,34fc829e-d9ac-4377-bc0e-77ba7a7a0ce8,left-field pop
202,34fc829e-d9ac-4377-bc0e-77ba7a7a0ce8,house
202,34fc829e-d9ac-4377-bc0e-77ba7a7a0ce8,electronica
202,34fc829e-d9ac-4377-bc0e-77ba7a7a0ce8,ポップ
202,34fc829e-d9ac-4377-bc0e-77ba7a7a0ce8,dance
202,34fc829e-d9ac-4377-bc0e-77ba7a7a0ce8,dj tools
202,34fc829e-d9ac-4377-bc0e-77ba7a7a0ce8,indie rock
202,34fc829e-d9ac-4377-bc0e-77ba7a7a0ce8,folk pop
202,34fc829e-d9ac-4377-bc0e-77ba7a7a0ce8,tech house
202,34fc829e-d9ac-4377-bc0e-77ba7a7a0ce8,organic house
202,34fc829e-d9ac-4377-bc0e-77ba7a7a0ce8,edm
202,34fc829e-d9ac-4377-bc0e-77ba7a7a0ce8,nordic folk music
202,34fc829e-d9ac-4377-bc0e-77ba7a7a0ce8,dark pop
202,34fc829e-d9ac-4377-bc0e-77ba7a7a0ce8,deep house
202,34fc829e-d9ac-4377-bc0e-77ba7a7a0ce8,disco
202,34fc829e-d9ac-4377-bc0e-77ba7a7a0ce8,synth-pop
202,34fc829e-d9ac-4377-bc0e-77ba7a7a0ce8,norway
202,34fc829e-d9ac-4377-bc0e-77ba7a7a0ce8,norwegian pop
202,34fc829e-d9ac-4377-bc0e-77ba7a7a0ce8,norwegian
202,34fc829e-d9ac-4377-bc0e-77ba7a7a0ce8,indietronica
202,34fc829e-d9ac-4377-bc0e-77ba7a7a0ce8,chamber pop
202,34fc829e-d9ac-4377-bc0e-77ba7a7a0ce8,pop
202,34fc829e-d9ac-4377-bc0e-77ba7a7a0ce8,folktronica
202,34fc829e-d9ac-4377-bc0e-77ba7a7a0ce8,art pop
202,34fc829e-d9ac-4377-bc0e-77ba7a7a0ce8,electropop
202,34fc829e-d9ac-4377-bc0e-77ba7a7a0ce8,female vocals
202,34fc829e-d9ac-4377-bc0e-77ba7a7a0ce8,dream pop
202,34fc829e-d9ac-4377-bc0e-77ba7a7a0ce8,alternative rock
202,34fc829e-d9ac-4377-bc0e-77ba7a7a0ce8,melodic metalcore
202,34fc829e-d9ac-4377-bc0e-77ba7a7a0ce8,emo
202,34fc829e-d9ac-4377-bc0e-77ba7a7a0ce8,psychedelic rock
202,34fc829e-d9ac-4377-bc0e-77ba7a7a0ce8,nu metal
202,34fc829e-d9ac-4377-bc0e-77ba7a7a0ce8,heavy metal
202,34fc829e-d9ac-4377-bc0e-77ba7a7a0ce8,pop
202,34fc829e-d9ac-4377-bc0e-77ba7a7a0ce8,alternative/indie rock
202,34fc829e-d9ac-4377-bc0e-77ba7a7a0ce8,hard rock
202,34fc829e-d9ac-4377-bc0e-77ba7a7a0ce8,rock
202,34fc829e-d9ac-4377-bc0e-77ba7a7a0ce8,house
202,34fc829e-d9ac-4377-bc0e-77ba7a7a0ce8,drum and bass
202,34fc829e-d9ac-4377-bc0e-77ba7a7a0ce8,screamo
202,34fc829e-d9ac-4377-bc0e-77ba7a7a0ce8,electronic
202,34fc829e-d9ac-4377-bc0e-77ba7a7a0ce8,post-hardcore
202,34fc829e-d9ac-4377-bc0e-77ba7a7a0ce8,metalcore
202,34fc829e-d9ac-4377-bc0e-77ba7a7a0ce8,deathcore
202,34fc829e-d9ac-4377-bc0e-77ba7a7a0ce8,pop rock
202,34fc829e-d9ac-4377-bc0e-77ba7a7a0ce8,alternative metal
202,34fc829e-d9ac-4377-bc0e-77ba7a7a0ce8,electronic rock
203,3554244d-155d-4e93-a42d-56b7c5b0ee26,
204,35acf381-882e-47e9-8617-8bc51451df3f,experimental
204,35acf381-882e-47e9-8617-8bc51451df3f,emo
204,35acf381-882e-47e9-8617-8bc51451df3f,rock
204,35acf381-882e-47e9-8617-8bc51451df3f,experimental rock
204,35acf381-882e-47e9-8617-8bc51451df3f,metalcore
204,35acf381-882e-47e9-8617-8bc51451df3f,progressive rock
204,35acf381-882e-47e9-8617-8bc51451df3f,screamo
204,35acf381-882e-47e9-8617-8bc51451df3f,emocore
204,35acf381-882e-47e9-8617-8bc51451df3f,post-hardcore
204,35acf381-882e-47e9-8617-8bc51451df3f,pop
204,35acf381-882e-47e9-8617-8bc51451df3f,math rock
204,35acf381-882e-47e9-8617-8bc51451df3f,swancore
204,35acf381-882e-47e9-8617-8bc51451df3f,alternative/indie rock
204,35acf381-882e-47e9-8617-8bc51451df3f,hardcore
205,35cee1c4-93b6-49a2-86cf-5d128035ffc1,rock
205,35cee1c4-93b6-49a2-86cf-5d128035ffc1,rap rock
205,35cee1c4-93b6-49a2-86cf-5d128035ffc1,indie rock
205,35cee1c4-93b6-49a2-86cf-5d128035ffc1,pop rock
205,35cee1c4-93b6-49a2-86cf-5d128035ffc1,alternative rock
205,35cee1c4-93b6-49a2-86cf-5d128035ffc1,rap rock
205,35cee1c4-93b6-49a2-86cf-5d128035ffc1,2020s
205,35cee1c4-93b6-49a2-86cf-5d128035ffc1,english
205,35cee1c4-93b6-49a2-86cf-5d128035ffc1,hip hop
205,35cee1c4-93b6-49a2-86cf-5d128035ffc1,pop punk
205,35cee1c4-93b6-49a2-86cf-5d128035ffc1,pop rap
205,35cee1c4-93b6-49a2-86cf-5d128035ffc1,gen z
206,3629ee1e-9982-4a3e-aa6d-a710861b7403,drum and bass
206,3629ee1e-9982-4a3e-aa6d-a710861b7403,emo
206,3629ee1e-9982-4a3e-aa6d-a710861b7403,psychedelic rock
206,3629ee1e-9982-4a3e-aa6d-a710861b7403,nu metal
206,3629ee1e-9982-4a3e-aa6d-a710861b7403,pop rock
206,3629ee1e-9982-4a3e-aa6d-a710861b7403,deathcore
206,3629ee1e-9982-4a3e-aa6d-a710861b7403,metalcore
206,3629ee1e-9982-4a3e-aa6d-a710861b7403,heavy metal
206,3629ee1e-9982-4a3e-aa6d-a710861b7403,post-hardcore
206,3629ee1e-9982-4a3e-aa6d-a710861b7403,hard rock
206,3629ee1e-9982-4a3e-aa6d-a710861b7403,alternative/indie rock
206,3629ee1e-9982-4a3e-aa6d-a710861b7403,pop
206,3629ee1e-9982-4a3e-aa6d-a710861b7403,house
206,3629ee1e-9982-4a3e-aa6d-a710861b7403,rock
206,3629ee1e-9982-4a3e-aa6d-a710861b7403,screamo
206,3629ee1e-9982-4a3e-aa6d-a710861b7403,electronic
206,3629ee1e-9982-4a3e-aa6d-a710861b7403,electronic rock
206,3629ee1e-9982-4a3e-aa6d-a710861b7403,alternative metal
206,3629ee1e-9982-4a3e-aa6d-a710861b7403,alternative rock
206,3629ee1e-9982-4a3e-aa6d-a710861b7403,melodic metalcore
207,36dbf0bb-c439-4f99-b4bd-11c8f03d5d5b,
208,36e6a0e5-7358-4a1e-9d7a-2451b46fe467,pop punk
208,36e6a0e5-7358-4a1e-9d7a-2451b46fe467,alternative rock
209,370e3658-73b0-446d-930d-d6ae4c224a18,easycore
209,370e3658-73b0-446d-930d-d6ae4c224a18,emo
209,370e3658-73b0-446d-930d-d6ae4c224a18,pop punk
209,370e3658-73b0-446d-930d-d6ae4c224a18,punk rock
209,370e3658-73b0-446d-930d-d6ae4c224a18,punk
210,3725469f-3cfa-4d47-bbf7-2159daf14f1a,r&b
210,3725469f-3cfa-4d47-bbf7-2159daf14f1a,urban contemporary
210,3725469f-3cfa-4d47-bbf7-2159daf14f1a,rap
210,3725469f-3cfa-4d47-bbf7-2159daf14f1a,alternative r&b
210,3725469f-3cfa-4d47-bbf7-2159daf14f1a,contemporary r&b
210,3725469f-3cfa-4d47-bbf7-2159daf14f1a,hip hop
210,3725469f-3cfa-4d47-bbf7-2159daf14f1a,psychedelic pop
211,389e5cec-5202-4c54-8690-859525851ec7,
212,38a549ba-ea71-4f6b-842a-dabb68629f7d,country
213,395df270-77c9-49ef-ab19-59d0b3fe5669,mathcore
213,395df270-77c9-49ef-ab19-59d0b3fe5669,post-hardcore
213,395df270-77c9-49ef-ab19-59d0b3fe5669,metalcore
214,398bf241-7d57-4993-860b-1f9ef496c97f,jazz rap
214,398bf241-7d57-4993-860b-1f9ef496c97f,conscious hip hop
214,398bf241-7d57-4993-860b-1f9ef496c97f,hip hop
214,398bf241-7d57-4993-860b-1f9ef496c97f,hardcore hip hop
214,398bf241-7d57-4993-860b-1f9ef496c97f,west coast hip hop
214,398bf241-7d57-4993-860b-1f9ef496c97f,rap
214,398bf241-7d57-4993-860b-1f9ef496c97f,r&b
214,398bf241-7d57-4993-860b-1f9ef496c97f,pop rap
214,398bf241-7d57-4993-860b-1f9ef496c97f,trap
214,398bf241-7d57-4993-860b-1f9ef496c97f,pop
214,398bf241-7d57-4993-860b-1f9ef496c97f,jazz
214,398bf241-7d57-4993-860b-1f9ef496c97f,progressive rap
214,398bf241-7d57-4993-860b-1f9ef496c97f,disco
214,398bf241-7d57-4993-860b-1f9ef496c97f,dance
214,398bf241-7d57-4993-860b-1f9ef496c97f,house
214,398bf241-7d57-4993-860b-1f9ef496c97f,future bass
214,398bf241-7d57-4993-860b-1f9ef496c97f,contemporary rap
214,398bf241-7d57-4993-860b-1f9ef496c97f,conscious rapper
214,398bf241-7d57-4993-860b-1f9ef496c97f,2010s
214,398bf241-7d57-4993-860b-1f9ef496c97f,2020s
214,398bf241-7d57-4993-860b-1f9ef496c97f,gangsta rap
214,398bf241-7d57-4993-860b-1f9ef496c97f,alternative hip hop
215,398c893c-29a8-4225-851c-1b530e64b5fd,pop rock
215,398c893c-29a8-4225-851c-1b530e64b5fd,emo-pop
215,398c893c-29a8-4225-851c-1b530e64b5fd,rock
215,398c893c-29a8-4225-851c-1b530e64b5fd,alternative rock
215,398c893c-29a8-4225-851c-1b530e64b5fd,pop
215,398c893c-29a8-4225-851c-1b530e64b5fd,emo
215,398c893c-29a8-4225-851c-1b530e64b5fd,pop punk
215,398c893c-29a8-4225-851c-1b530e64b5fd,nuno
215,398c893c-29a8-4225-851c-1b530e64b5fd,emo pop
215,398c893c-29a8-4225-851c-1b530e64b5fd,alternative
215,398c893c-29a8-4225-851c-1b530e64b5fd,female vocalists
215,398c893c-29a8-4225-851c-1b530e64b5fd,female fronted
215,398c893c-29a8-4225-851c-1b530e64b5fd,power pop
215,398c893c-29a8-4225-851c-1b530e64b5fd,new wave
215,398c893c-29a8-4225-851c-1b530e64b5fd,acoustic rock
216,3a756407-3ed7-41c3-bb0f-b74dbaa39d27,country
216,3a756407-3ed7-41c3-bb0f-b74dbaa39d27,contemporary country
217,3a914c8b-9a98-44c3-a607-5a55177de157,post-metalcore
217,3a914c8b-9a98-44c3-a607-5a55177de157,metal
217,3a914c8b-9a98-44c3-a607-5a55177de157,metalcore
217,3a914c8b-9a98-44c3-a607-5a55177de157,post-hardcore
218,3adb7da0-af37-47cc-9a28-cbb1f14a252b,hip hop soul
218,3adb7da0-af37-47cc-9a28-cbb1f14a252b,contemporary r&b
218,3adb7da0-af37-47cc-9a28-cbb1f14a252b,hip hop
218,3adb7da0-af37-47cc-9a28-cbb1f14a252b,west coast hip hop
218,3adb7da0-af37-47cc-9a28-cbb1f14a252b,gangsta rap
218,3adb7da0-af37-47cc-9a28-cbb1f14a252b,trap
218,3adb7da0-af37-47cc-9a28-cbb1f14a252b,trap soul
218,3adb7da0-af37-47cc-9a28-cbb1f14a252b,2010s
218,3adb7da0-af37-47cc-9a28-cbb1f14a252b,pop soul
218,3adb7da0-af37-47cc-9a28-cbb1f14a252b,hardcore hip hop
218,3adb7da0-af37-47cc-9a28-cbb1f14a252b,hip hop
218,3adb7da0-af37-47cc-9a28-cbb1f14a252b,alternative r&b
219,3b20d418-eaa6-4bf5-8900-6b01774e31c7,math rock
219,3b20d418-eaa6-4bf5-8900-6b01774e31c7,swancore
219,3b20d418-eaa6-4bf5-8900-6b01774e31c7,progressive rock
219,3b20d418-eaa6-4bf5-8900-6b01774e31c7,hardcore
219,3b20d418-eaa6-4bf5-8900-6b01774e31c7,screamo
219,3b20d418-eaa6-4bf5-8900-6b01774e31c7,emocore
219,3b20d418-eaa6-4bf5-8900-6b01774e31c7,emo
219,3b20d418-eaa6-4bf5-8900-6b01774e31c7,rock
219,3b20d418-eaa6-4bf5-8900-6b01774e31c7,pop
219,3b20d418-eaa6-4bf5-8900-6b01774e31c7,alternative/indie rock
219,3b20d418-eaa6-4bf5-8900-6b01774e31c7,metalcore
219,3b20d418-eaa6-4bf5-8900-6b01774e31c7,experimental rock
219,3b20d418-eaa6-4bf5-8900-6b01774e31c7,experimental
219,3b20d418-eaa6-4bf5-8900-6b01774e31c7,post-hardcore
220,3b6e7731-d1e6-413f-9048-17017ba3026e,country
220,3b6e7731-d1e6-413f-9048-17017ba3026e,country pop
220,3b6e7731-d1e6-413f-9048-17017ba3026e,hard rock
221,3b8c7e73-cbc4-405e-bd1d-e24d9c380225,emo
221,3b8c7e73-cbc4-405e-bd1d-e24d9c380225,power pop
221,3b8c7e73-cbc4-405e-bd1d-e24d9c380225,powerpop
221,3b8c7e73-cbc4-405e-bd1d-e24d9c380225,punk
221,3b8c7e73-cbc4-405e-bd1d-e24d9c380225,alternative rock
221,3b8c7e73-cbc4-405e-bd1d-e24d9c380225,pop rock
221,3b8c7e73-cbc4-405e-bd1d-e24d9c380225,modern rock
221,3b8c7e73-cbc4-405e-bd1d-e24d9c380225,alternative/indie rock
221,3b8c7e73-cbc4-405e-bd1d-e24d9c380225,neon pop
221,3b8c7e73-cbc4-405e-bd1d-e24d9c380225,rock
221,3b8c7e73-cbc4-405e-bd1d-e24d9c380225,pop
221,3b8c7e73-cbc4-405e-bd1d-e24d9c380225,emo-pop
221,3b8c7e73-cbc4-405e-bd1d-e24d9c380225,pop punk
221,3b8c7e73-cbc4-405e-bd1d-e24d9c380225,emo pop
221,3b8c7e73-cbc4-405e-bd1d-e24d9c380225,alternative
222,3c20d12a-26d7-4258-b7ef-e9ec08b67ffd,pop punk
222,3c20d12a-26d7-4258-b7ef-e9ec08b67ffd,pop rock
222,3c20d12a-26d7-4258-b7ef-e9ec08b67ffd,rock
222,3c20d12a-26d7-4258-b7ef-e9ec08b67ffd,punk
223,3c51e1f3-f189-4d84-88d2-90704440ace3,heavy metal
223,3c51e1f3-f189-4d84-88d2-90704440ace3,alternative metal
223,3c51e1f3-f189-4d84-88d2-90704440ace3,hard rock
223,3c51e1f3-f189-4d84-88d2-90704440ace3,rock
223,3c51e1f3-f189-4d84-88d2-90704440ace3,progressive metal
223,3c51e1f3-f189-4d84-88d2-90704440ace3,progressive rock
223,3c51e1f3-f189-4d84-88d2-90704440ace3,alternative rock
224,3c68e4ee-dd53-4111-8783-94215fb5e212,rock
225,3c79b266-95cd-49a5-a3c0-ea324430f0ef,alternative rock
225,3c79b266-95cd-49a5-a3c0-ea324430f0ef,emo
225,3c79b266-95cd-49a5-a3c0-ea324430f0ef,pop rock
225,3c79b266-95cd-49a5-a3c0-ea324430f0ef,power pop
225,3c79b266-95cd-49a5-a3c0-ea324430f0ef,pop punk
225,3c79b266-95cd-49a5-a3c0-ea324430f0ef,rock
225,3c79b266-95cd-49a5-a3c0-ea324430f0ef,alternative
226,3ca763cb-2f5d-47a8-8ccb-0a23c4e0d284,alternative r&b
226,3ca763cb-2f5d-47a8-8ccb-0a23c4e0d284,contemporary r&b
226,3ca763cb-2f5d-47a8-8ccb-0a23c4e0d284,dancehall
226,3ca763cb-2f5d-47a8-8ccb-0a23c4e0d284,r&b
226,3ca763cb-2f5d-47a8-8ccb-0a23c4e0d284,hip hop
226,3ca763cb-2f5d-47a8-8ccb-0a23c4e0d284,alternative hip hop
226,3ca763cb-2f5d-47a8-8ccb-0a23c4e0d284,canadian hip hop
227,3d910f5e-6c46-40e4-bea6-77d0fc90cd91,country
227,3d910f5e-6c46-40e4-bea6-77d0fc90cd91,contemporary country
227,3d910f5e-6c46-40e4-bea6-77d0fc90cd91,americana
227,3d910f5e-6c46-40e4-bea6-77d0fc90cd91,country pop
227,3d910f5e-6c46-40e4-bea6-77d0fc90cd91,alternative country
227,3d910f5e-6c46-40e4-bea6-77d0fc90cd91,easy listening
228,3e00e410-6f74-4c5f-bbaf-33b66f5efaf6,2010s
228,3e00e410-6f74-4c5f-bbaf-33b66f5efaf6,2020s
228,3e00e410-6f74-4c5f-bbaf-33b66f5efaf6,country
229,3e24bae1-84b1-4809-9a3e-24cc80e24cb8,country pop
229,3e24bae1-84b1-4809-9a3e-24cc80e24cb8,country
229,3e24bae1-84b1-4809-9a3e-24cc80e24cb8,contemporary country
230,3e94e96a-0ba0-4249-b0e6-8e1755db9042,post-hardcore
230,3e94e96a-0ba0-4249-b0e6-8e1755db9042,metalcore
230,3e94e96a-0ba0-4249-b0e6-8e1755db9042,melodic metalcore
230,3e94e96a-0ba0-4249-b0e6-8e1755db9042,pop punk
230,3e94e96a-0ba0-4249-b0e6-8e1755db9042,hardcore
231,3ea89063-3e1d-4a5c-8b3e-9076acbabf8b,rap
231,3ea89063-3e1d-4a5c-8b3e-9076acbabf8b,hip hop
232,3ed1e779-7008-4619-aa3c-e36bd0c38d52,country rock
232,3ed1e779-7008-4619-aa3c-e36bd0c38d52,country
233,3f48cd54-494a-40ae-9d46-6abfb807818e,dance
233,3f48cd54-494a-40ae-9d46-6abfb807818e,progressive rap
233,3f48cd54-494a-40ae-9d46-6abfb807818e,gangsta rap
233,3f48cd54-494a-40ae-9d46-6abfb807818e,west coast hip hop
233,3f48cd54-494a-40ae-9d46-6abfb807818e,alternative hip hop
233,3f48cd54-494a-40ae-9d46-6abfb807818e,2010s
233,3f48cd54-494a-40ae-9d46-6abfb807818e,2020s
233,3f48cd54-494a-40ae-9d46-6abfb807818e,r&b
233,3f48cd54-494a-40ae-9d46-6abfb807818e,jazz rap
233,3f48cd54-494a-40ae-9d46-6abfb807818e,conscious rapper
233,3f48cd54-494a-40ae-9d46-6abfb807818e,contemporary rap
233,3f48cd54-494a-40ae-9d46-6abfb807818e,future bass
233,3f48cd54-494a-40ae-9d46-6abfb807818e,house
233,3f48cd54-494a-40ae-9d46-6abfb807818e,rap
233,3f48cd54-494a-40ae-9d46-6abfb807818e,hardcore hip hop
233,3f48cd54-494a-40ae-9d46-6abfb807818e,pop rap
233,3f48cd54-494a-40ae-9d46-6abfb807818e,trap
233,3f48cd54-494a-40ae-9d46-6abfb807818e,pop
233,3f48cd54-494a-40ae-9d46-6abfb807818e,conscious hip hop
233,3f48cd54-494a-40ae-9d46-6abfb807818e,hip hop
233,3f48cd54-494a-40ae-9d46-6abfb807818e,jazz
233,3f48cd54-494a-40ae-9d46-6abfb807818e,disco
234,3f586147-16e0-41b6-b02a-a65be6226cbd,alternative rock
235,3f88cf34-b400-4226-9dcb-f91a05d2a259,alternative rock
235,3f88cf34-b400-4226-9dcb-f91a05d2a259,tumblr
235,3f88cf34-b400-4226-9dcb-f91a05d2a259,indie pop
236,4005f086-8418-455f-8fb3-26e599a10047,pop
236,4005f086-8418-455f-8fb3-26e599a10047,alternative
236,4005f086-8418-455f-8fb3-26e599a10047,pop screamo
236,4005f086-8418-455f-8fb3-26e599a10047,pop rock
236,4005f086-8418-455f-8fb3-26e599a10047,scene
236,4005f086-8418-455f-8fb3-26e599a10047,pop punk
236,4005f086-8418-455f-8fb3-26e599a10047,emo
236,4005f086-8418-455f-8fb3-26e599a10047,progressive rock
236,4005f086-8418-455f-8fb3-26e599a10047,easycore
236,4005f086-8418-455f-8fb3-26e599a10047,melodic hardcore
236,4005f086-8418-455f-8fb3-26e599a10047,alternative/indie rock
236,4005f086-8418-455f-8fb3-26e599a10047,post-hardcore
236,4005f086-8418-455f-8fb3-26e599a10047,alternative rock
236,4005f086-8418-455f-8fb3-26e599a10047,rock
236,4005f086-8418-455f-8fb3-26e599a10047,millennial
236,4005f086-8418-455f-8fb3-26e599a10047,hardcore punk
236,4005f086-8418-455f-8fb3-26e599a10047,screamo
236,4005f086-8418-455f-8fb3-26e599a10047,experimental rock
237,40a495bf-a335-45be-ba2a-4f6ef46552b5,emo
237,40a495bf-a335-45be-ba2a-4f6ef46552b5,post-hardcore
237,40a495bf-a335-45be-ba2a-4f6ef46552b5,alternative hardcore
237,40a495bf-a335-45be-ba2a-4f6ef46552b5,pop screamo
238,40e62afc-e0a4-425a-9fa0-f1da4e5d8bd3,pop rock
238,40e62afc-e0a4-425a-9fa0-f1da4e5d8bd3,pop
238,40e62afc-e0a4-425a-9fa0-f1da4e5d8bd3,rock
238,40e62afc-e0a4-425a-9fa0-f1da4e5d8bd3,nuno
238,40e62afc-e0a4-425a-9fa0-f1da4e5d8bd3,alternative rock
238,40e62afc-e0a4-425a-9fa0-f1da4e5d8bd3,indietronica
238,40e62afc-e0a4-425a-9fa0-f1da4e5d8bd3,alternative pop
238,40e62afc-e0a4-425a-9fa0-f1da4e5d8bd3,indie pop
238,40e62afc-e0a4-425a-9fa0-f1da4e5d8bd3,electropop
239,40e73510-02e1-4669-8581-a97aa3f0e5a4,trap
239,40e73510-02e1-4669-8581-a97aa3f0e5a4,hip hop
239,40e73510-02e1-4669-8581-a97aa3f0e5a4,alternative hip hop
239,40e73510-02e1-4669-8581-a97aa3f0e5a4,hip hop
239,40e73510-02e1-4669-8581-a97aa3f0e5a4,southern hip hop
239,40e73510-02e1-4669-8581-a97aa3f0e5a4,rapper
239,40e73510-02e1-4669-8581-a97aa3f0e5a4,trap
240,414f0366-e3f4-467d-8209-4bfc7e19535f,progressive rock
240,414f0366-e3f4-467d-8209-4bfc7e19535f,progressive metal
240,414f0366-e3f4-467d-8209-4bfc7e19535f,rock
240,414f0366-e3f4-467d-8209-4bfc7e19535f,alternative metal
240,414f0366-e3f4-467d-8209-4bfc7e19535f,hard rock
240,414f0366-e3f4-467d-8209-4bfc7e19535f,alternative rock
240,414f0366-e3f4-467d-8209-4bfc7e19535f,heavy metal
241,41e453b7-f16f-4bfc-bc99-427d21bdde45,trap
241,41e453b7-f16f-4bfc-bc99-427d21bdde45,hip hop
241,41e453b7-f16f-4bfc-bc99-427d21bdde45,gangsta rap
241,41e453b7-f16f-4bfc-bc99-427d21bdde45,2020s
241,41e453b7-f16f-4bfc-bc99-427d21bdde45,pop rap
241,41e453b7-f16f-4bfc-bc99-427d21bdde45,southern hip hop
242,424d44db-a29d-46d3-95bb-3e9f7f8ac10c,drum and bass
242,424d44db-a29d-46d3-95bb-3e9f7f8ac10c,contemporary rap
242,424d44db-a29d-46d3-95bb-3e9f7f8ac10c,mumble rap
242,424d44db-a29d-46d3-95bb-3e9f7f8ac10c,edm
242,424d44db-a29d-46d3-95bb-3e9f7f8ac10c,cloud rap
242,424d44db-a29d-46d3-95bb-3e9f7f8ac10c,pop
242,424d44db-a29d-46d3-95bb-3e9f7f8ac10c,hip hop
242,424d44db-a29d-46d3-95bb-3e9f7f8ac10c,african
242,424d44db-a29d-46d3-95bb-3e9f7f8ac10c,midwest hip-hop
242,424d44db-a29d-46d3-95bb-3e9f7f8ac10c,dance
242,424d44db-a29d-46d3-95bb-3e9f7f8ac10c,rock
242,424d44db-a29d-46d3-95bb-3e9f7f8ac10c,emo rap
242,424d44db-a29d-46d3-95bb-3e9f7f8ac10c,experimental hip hop
242,424d44db-a29d-46d3-95bb-3e9f7f8ac10c,dubstep
242,424d44db-a29d-46d3-95bb-3e9f7f8ac10c,pop punk
242,424d44db-a29d-46d3-95bb-3e9f7f8ac10c,trap
242,424d44db-a29d-46d3-95bb-3e9f7f8ac10c,electronica
242,424d44db-a29d-46d3-95bb-3e9f7f8ac10c,trap music
242,424d44db-a29d-46d3-95bb-3e9f7f8ac10c,contemporary r&b
242,424d44db-a29d-46d3-95bb-3e9f7f8ac10c,alternative rock
242,424d44db-a29d-46d3-95bb-3e9f7f8ac10c,alternative r&b
242,424d44db-a29d-46d3-95bb-3e9f7f8ac10c,melodic rap
242,424d44db-a29d-46d3-95bb-3e9f7f8ac10c,rap rock
242,424d44db-a29d-46d3-95bb-3e9f7f8ac10c,alternative hip hop
242,424d44db-a29d-46d3-95bb-3e9f7f8ac10c,soundcloud rap
242,424d44db-a29d-46d3-95bb-3e9f7f8ac10c,rage
243,429b3762-3e85-41d7-b99c-c0816444b927,
244,42f81b9d-4b96-4480-ab22-31ab3d602d42,indie rock
244,42f81b9d-4b96-4480-ab22-31ab3d602d42,sheffield
244,42f81b9d-4b96-4480-ab22-31ab3d602d42,british
244,42f81b9d-4b96-4480-ab22-31ab3d602d42,garage rock
244,42f81b9d-4b96-4480-ab22-31ab3d602d42,uk
244,42f81b9d-4b96-4480-ab22-31ab3d602d42,alternative
244,42f81b9d-4b96-4480-ab22-31ab3d602d42,baroque pop
244,42f81b9d-4b96-4480-ab22-31ab3d602d42,psychedelic pop
244,42f81b9d-4b96-4480-ab22-31ab3d602d42,garage rock revival
244,42f81b9d-4b96-4480-ab22-31ab3d602d42,alternative rock
244,42f81b9d-4b96-4480-ab22-31ab3d602d42,house
244,42f81b9d-4b96-4480-ab22-31ab3d602d42,post-punk revival
244,42f81b9d-4b96-4480-ab22-31ab3d602d42,dance
244,42f81b9d-4b96-4480-ab22-31ab3d602d42,rock
244,42f81b9d-4b96-4480-ab22-31ab3d602d42,pop
244,42f81b9d-4b96-4480-ab22-31ab3d602d42,electronica
244,42f81b9d-4b96-4480-ab22-31ab3d602d42,psychedelic rock
244,42f81b9d-4b96-4480-ab22-31ab3d602d42,alternative/indie rock
244,42f81b9d-4b96-4480-ab22-31ab3d602d42,neo-psychedelia
244,42f81b9d-4b96-4480-ab22-31ab3d602d42,art rock
245,4329bcfd-8e88-4843-971d-a7205c5bc3e8,
246,43615315-dcb0-414c-8cfa-4fba0c6ac35f,alternative rock
246,43615315-dcb0-414c-8cfa-4fba0c6ac35f,tumblr
246,43615315-dcb0-414c-8cfa-4fba0c6ac35f,indie pop
247,4391c5d1-ccdd-431f-9808-a2eab42824d9,melodic rock
247,4391c5d1-ccdd-431f-9808-a2eab42824d9,alternative rock
247,4391c5d1-ccdd-431f-9808-a2eab42824d9,pop punk
247,4391c5d1-ccdd-431f-9808-a2eab42824d9,emo
247,4391c5d1-ccdd-431f-9808-a2eab42824d9,post-hardcore
247,4391c5d1-ccdd-431f-9808-a2eab42824d9,rock
248,43b1080e-cfdb-4ff6-b9b4-bbfb97bb52dc,columbus [oh]
248,43b1080e-cfdb-4ff6-b9b4-bbfb97bb52dc,indietronica
248,43b1080e-cfdb-4ff6-b9b4-bbfb97bb52dc,alternative electronic
248,43b1080e-cfdb-4ff6-b9b4-bbfb97bb52dc,rock
248,43b1080e-cfdb-4ff6-b9b4-bbfb97bb52dc,indie
248,43b1080e-cfdb-4ff6-b9b4-bbfb97bb52dc,alternative rap
248,43b1080e-cfdb-4ff6-b9b4-bbfb97bb52dc,alternative hip hop
248,43b1080e-cfdb-4ff6-b9b4-bbfb97bb52dc,hip hop
248,43b1080e-cfdb-4ff6-b9b4-bbfb97bb52dc,electropop
248,43b1080e-cfdb-4ff6-b9b4-bbfb97bb52dc,alternative rock
248,43b1080e-cfdb-4ff6-b9b4-bbfb97bb52dc,indie pop
248,43b1080e-cfdb-4ff6-b9b4-bbfb97bb52dc,rap
248,43b1080e-cfdb-4ff6-b9b4-bbfb97bb52dc,alternative pop
248,43b1080e-cfdb-4ff6-b9b4-bbfb97bb52dc,pop rap
248,43b1080e-cfdb-4ff6-b9b4-bbfb97bb52dc,piano rock
249,44038b3e-4344-4b88-8e82-89a37f37d71c,djent
249,44038b3e-4344-4b88-8e82-89a37f37d71c,metalcore
249,44038b3e-4344-4b88-8e82-89a37f37d71c,alternative metal
249,44038b3e-4344-4b88-8e82-89a37f37d71c,metal
249,44038b3e-4344-4b88-8e82-89a37f37d71c,rock and indie
250,44167d9c-9cbb-4d40-adab-5e6946e8a50a,post-hardcore
250,44167d9c-9cbb-4d40-adab-5e6946e8a50a,metal
250,44167d9c-9cbb-4d40-adab-5e6946e8a50a,metalcore
250,44167d9c-9cbb-4d40-adab-5e6946e8a50a,post-metalcore
251,4497f660-66a6-49b9-adb9-66e66174d7da,emo
251,4497f660-66a6-49b9-adb9-66e66174d7da,power pop
251,4497f660-66a6-49b9-adb9-66e66174d7da,baroque pop
251,4497f660-66a6-49b9-adb9-66e66174d7da,chamber pop
251,4497f660-66a6-49b9-adb9-66e66174d7da,electropop
251,4497f660-66a6-49b9-adb9-66e66174d7da,pop rock
251,4497f660-66a6-49b9-adb9-66e66174d7da,pop punk
251,4497f660-66a6-49b9-adb9-66e66174d7da,rock
251,4497f660-66a6-49b9-adb9-66e66174d7da,emo pop
251,4497f660-66a6-49b9-adb9-66e66174d7da,alternative rock
251,4497f660-66a6-49b9-adb9-66e66174d7da,group turned solo project
252,44db6871-6e7b-4ae6-905d-754d89f59bd3,psychedelic rock
252,44db6871-6e7b-4ae6-905d-754d89f59bd3,alternative rock
252,44db6871-6e7b-4ae6-905d-754d89f59bd3,hard rock
252,44db6871-6e7b-4ae6-905d-754d89f59bd3,alternative metal
252,44db6871-6e7b-4ae6-905d-754d89f59bd3,screamo
252,44db6871-6e7b-4ae6-905d-754d89f59bd3,metalcore
252,44db6871-6e7b-4ae6-905d-754d89f59bd3,emo
252,44db6871-6e7b-4ae6-905d-754d89f59bd3,drum and bass
252,44db6871-6e7b-4ae6-905d-754d89f59bd3,alternative/indie rock
252,44db6871-6e7b-4ae6-905d-754d89f59bd3,pop
252,44db6871-6e7b-4ae6-905d-754d89f59bd3,rock
252,44db6871-6e7b-4ae6-905d-754d89f59bd3,melodic metalcore
252,44db6871-6e7b-4ae6-905d-754d89f59bd3,pop rock
252,44db6871-6e7b-4ae6-905d-754d89f59bd3,electronic rock
252,44db6871-6e7b-4ae6-905d-754d89f59bd3,deathcore
252,44db6871-6e7b-4ae6-905d-754d89f59bd3,nu metal
252,44db6871-6e7b-4ae6-905d-754d89f59bd3,post-hardcore
252,44db6871-6e7b-4ae6-905d-754d89f59bd3,electronic
252,44db6871-6e7b-4ae6-905d-754d89f59bd3,heavy metal
252,44db6871-6e7b-4ae6-905d-754d89f59bd3,house
253,44eb80eb-ba0f-4f01-8175-2bd9bac4568c,hard rock
253,44eb80eb-ba0f-4f01-8175-2bd9bac4568c,alternative rock
253,44eb80eb-ba0f-4f01-8175-2bd9bac4568c,heavy metal
253,44eb80eb-ba0f-4f01-8175-2bd9bac4568c,rock
253,44eb80eb-ba0f-4f01-8175-2bd9bac4568c,progressive metal
253,44eb80eb-ba0f-4f01-8175-2bd9bac4568c,progressive rock
253,44eb80eb-ba0f-4f01-8175-2bd9bac4568c,alternative metal
254,44f35b61-3518-4954-a642-73ec85653575,
255,4541dd0d-07cf-45ac-9064-211219801759,trap
255,4541dd0d-07cf-45ac-9064-211219801759,gangsta rap
255,4541dd0d-07cf-45ac-9064-211219801759,hardcore hip hop
255,4541dd0d-07cf-45ac-9064-211219801759,hip hop
255,4541dd0d-07cf-45ac-9064-211219801759,west coast hip hop
256,45636d9e-4b9b-4de5-9ebf-0e49201e8b79,pop rap
256,45636d9e-4b9b-4de5-9ebf-0e49201e8b79,experimental hip hop
256,45636d9e-4b9b-4de5-9ebf-0e49201e8b79,east coast hip hop
256,45636d9e-4b9b-4de5-9ebf-0e49201e8b79,trap
256,45636d9e-4b9b-4de5-9ebf-0e49201e8b79,hardcore hip hop
256,45636d9e-4b9b-4de5-9ebf-0e49201e8b79,cloud rap
256,45636d9e-4b9b-4de5-9ebf-0e49201e8b79,hip hop
257,457264dd-35a4-454f-b207-d4d275228a79,r&b
257,457264dd-35a4-454f-b207-d4d275228a79,2010s
257,457264dd-35a4-454f-b207-d4d275228a79,2020s
257,457264dd-35a4-454f-b207-d4d275228a79,pop
257,457264dd-35a4-454f-b207-d4d275228a79,dance-pop
257,457264dd-35a4-454f-b207-d4d275228a79,alternative r&b
257,457264dd-35a4-454f-b207-d4d275228a79,contemporary r&b
257,457264dd-35a4-454f-b207-d4d275228a79,synth-pop
257,457264dd-35a4-454f-b207-d4d275228a79,hypnagogic pop
258,45926cf4-b37d-41da-b80f-9af18e749027,english
258,45926cf4-b37d-41da-b80f-9af18e749027,r&b
258,45926cf4-b37d-41da-b80f-9af18e749027,pop
259,45b8ddfa-b336-4fe6-b8f4-bdaf12318d18,emo rap
259,45b8ddfa-b336-4fe6-b8f4-bdaf12318d18,millennial
259,45b8ddfa-b336-4fe6-b8f4-bdaf12318d18,rage
259,45b8ddfa-b336-4fe6-b8f4-bdaf12318d18,east coast hip hop
259,45b8ddfa-b336-4fe6-b8f4-bdaf12318d18,pop rap
259,45b8ddfa-b336-4fe6-b8f4-bdaf12318d18,hip hop
259,45b8ddfa-b336-4fe6-b8f4-bdaf12318d18,2020s
259,45b8ddfa-b336-4fe6-b8f4-bdaf12318d18,2010s
259,45b8ddfa-b336-4fe6-b8f4-bdaf12318d18,cloud rap
259,45b8ddfa-b336-4fe6-b8f4-bdaf12318d18,pescetarian
259,45b8ddfa-b336-4fe6-b8f4-bdaf12318d18,proto-rage
259,45b8ddfa-b336-4fe6-b8f4-bdaf12318d18,trap
260,45c82307-8cea-4803-a231-156cb5db8f7f,southern hip hop
260,45c82307-8cea-4803-a231-156cb5db8f7f,trap
260,45c82307-8cea-4803-a231-156cb5db8f7f,top 5
260,45c82307-8cea-4803-a231-156cb5db8f7f,pop rap
260,45c82307-8cea-4803-a231-156cb5db8f7f,hip hop
260,45c82307-8cea-4803-a231-156cb5db8f7f,gangsta rap
260,45c82307-8cea-4803-a231-156cb5db8f7f,top 100
260,45c82307-8cea-4803-a231-156cb5db8f7f,hardcore hip hop
260,45c82307-8cea-4803-a231-156cb5db8f7f,hip-hop
260,45c82307-8cea-4803-a231-156cb5db8f7f,congratulations you played yourself
260,45c82307-8cea-4803-a231-156cb5db8f7f,trap rap
260,45c82307-8cea-4803-a231-156cb5db8f7f,english
260,45c82307-8cea-4803-a231-156cb5db8f7f,hip hop
260,45c82307-8cea-4803-a231-156cb5db8f7f,contemporary r&b
260,45c82307-8cea-4803-a231-156cb5db8f7f,top 10
260,45c82307-8cea-4803-a231-156cb5db8f7f,sxsw
260,45c82307-8cea-4803-a231-156cb5db8f7f,southern hip hop
260,45c82307-8cea-4803-a231-156cb5db8f7f,rap
260,45c82307-8cea-4803-a231-156cb5db8f7f,trap rap
260,45c82307-8cea-4803-a231-156cb5db8f7f,r&b
260,45c82307-8cea-4803-a231-156cb5db8f7f,pop rap
260,45c82307-8cea-4803-a231-156cb5db8f7f,pop
260,45c82307-8cea-4803-a231-156cb5db8f7f,another one
260,45c82307-8cea-4803-a231-156cb5db8f7f,we the best music
260,45c82307-8cea-4803-a231-156cb5db8f7f,alternative r&b
260,45c82307-8cea-4803-a231-156cb5db8f7f,contemporary r&b
261,45deb717-d1a6-48c7-b613-9d3b4bdad267,post-hardcore
261,45deb717-d1a6-48c7-b613-9d3b4bdad267,emo
262,4683a53b-800b-4cee-923b-a129ca43c9af,nu metal
262,4683a53b-800b-4cee-923b-a129ca43c9af,heavy metal
262,4683a53b-800b-4cee-923b-a129ca43c9af,alternative rock
262,4683a53b-800b-4cee-923b-a129ca43c9af,shoegaze
262,4683a53b-800b-4cee-923b-a129ca43c9af,metal
262,4683a53b-800b-4cee-923b-a129ca43c9af,alternative metal
263,4691a43c-21a0-43fd-8231-32fe0390ee6e,soul
263,4691a43c-21a0-43fd-8231-32fe0390ee6e,contemporary r&b
263,4691a43c-21a0-43fd-8231-32fe0390ee6e,hip hop
263,4691a43c-21a0-43fd-8231-32fe0390ee6e,trap
263,4691a43c-21a0-43fd-8231-32fe0390ee6e,rapper
263,4691a43c-21a0-43fd-8231-32fe0390ee6e,southern hip hop
263,4691a43c-21a0-43fd-8231-32fe0390ee6e,r&b
263,4691a43c-21a0-43fd-8231-32fe0390ee6e,smooth soul
264,46c7368a-013a-47b6-97cc-e55e7ab25213,hard rock
264,46c7368a-013a-47b6-97cc-e55e7ab25213,nu metal
264,46c7368a-013a-47b6-97cc-e55e7ab25213,alternative rock
264,46c7368a-013a-47b6-97cc-e55e7ab25213,alternative metal
264,46c7368a-013a-47b6-97cc-e55e7ab25213,heavy metal
265,46d1bcbf-31d4-4047-a270-44a972556ab0,
266,46db934b-84f4-45ee-b481-c8b6106a8b31,alternative metal
266,46db934b-84f4-45ee-b481-c8b6106a8b31,indie rock
266,46db934b-84f4-45ee-b481-c8b6106a8b31,post-hardcore
266,46db934b-84f4-45ee-b481-c8b6106a8b31,alternative pop
266,46db934b-84f4-45ee-b481-c8b6106a8b31,alternative rock
266,46db934b-84f4-45ee-b481-c8b6106a8b31,rock
266,46db934b-84f4-45ee-b481-c8b6106a8b31,pop punk
267,475242fc-f097-446b-87cc-9d763daa9b11,
268,479de3c2-2950-4c26-82ea-fbd1c63f84c4,2020s
268,479de3c2-2950-4c26-82ea-fbd1c63f84c4,country
268,479de3c2-2950-4c26-82ea-fbd1c63f84c4,country pop
269,47dc1ca1-2002-4070-ad2e-3ebe9401473d,electropop
269,47dc1ca1-2002-4070-ad2e-3ebe9401473d,rehab
269,47dc1ca1-2002-4070-ad2e-3ebe9401473d,barbadian
269,47dc1ca1-2002-4070-ad2e-3ebe9401473d,electro house
269,47dc1ca1-2002-4070-ad2e-3ebe9401473d,contemporary r&b
269,47dc1ca1-2002-4070-ad2e-3ebe9401473d,dancehall
269,47dc1ca1-2002-4070-ad2e-3ebe9401473d,pop
269,47dc1ca1-2002-4070-ad2e-3ebe9401473d,rap
269,47dc1ca1-2002-4070-ad2e-3ebe9401473d,jazz
269,47dc1ca1-2002-4070-ad2e-3ebe9401473d,dance
269,47dc1ca1-2002-4070-ad2e-3ebe9401473d,house
269,47dc1ca1-2002-4070-ad2e-3ebe9401473d,hip hop
269,47dc1ca1-2002-4070-ad2e-3ebe9401473d,disco
269,47dc1ca1-2002-4070-ad2e-3ebe9401473d,rnb
269,47dc1ca1-2002-4070-ad2e-3ebe9401473d,gangsta rap
269,47dc1ca1-2002-4070-ad2e-3ebe9401473d,pop rap
269,47dc1ca1-2002-4070-ad2e-3ebe9401473d,pop culture
269,47dc1ca1-2002-4070-ad2e-3ebe9401473d,alternative hip hop
269,47dc1ca1-2002-4070-ad2e-3ebe9401473d,west coast hip hop
269,47dc1ca1-2002-4070-ad2e-3ebe9401473d,edm
269,47dc1ca1-2002-4070-ad2e-3ebe9401473d,r&b
269,47dc1ca1-2002-4070-ad2e-3ebe9401473d,2010s
269,47dc1ca1-2002-4070-ad2e-3ebe9401473d,barbade
269,47dc1ca1-2002-4070-ad2e-3ebe9401473d,jazz rap
269,47dc1ca1-2002-4070-ad2e-3ebe9401473d,conscious hip hop
269,47dc1ca1-2002-4070-ad2e-3ebe9401473d,hardcore hip hop
269,47dc1ca1-2002-4070-ad2e-3ebe9401473d,trap
269,47dc1ca1-2002-4070-ad2e-3ebe9401473d,future bass
269,47dc1ca1-2002-4070-ad2e-3ebe9401473d,2020s
269,47dc1ca1-2002-4070-ad2e-3ebe9401473d,progressive rap
269,47dc1ca1-2002-4070-ad2e-3ebe9401473d,contemporary rap
269,47dc1ca1-2002-4070-ad2e-3ebe9401473d,conscious rapper
269,47dc1ca1-2002-4070-ad2e-3ebe9401473d,female vocals
269,47dc1ca1-2002-4070-ad2e-3ebe9401473d,pop and chart
269,47dc1ca1-2002-4070-ad2e-3ebe9401473d,barbados
269,47dc1ca1-2002-4070-ad2e-3ebe9401473d,female vocal
269,47dc1ca1-2002-4070-ad2e-3ebe9401473d,contemporary r b
269,47dc1ca1-2002-4070-ad2e-3ebe9401473d,influential pop star
269,47dc1ca1-2002-4070-ad2e-3ebe9401473d,dance-pop
269,47dc1ca1-2002-4070-ad2e-3ebe9401473d,pop soul
269,47dc1ca1-2002-4070-ad2e-3ebe9401473d,reggae
269,47dc1ca1-2002-4070-ad2e-3ebe9401473d,pop
269,47dc1ca1-2002-4070-ad2e-3ebe9401473d,barbadien
269,47dc1ca1-2002-4070-ad2e-3ebe9401473d,rihanna
269,47dc1ca1-2002-4070-ad2e-3ebe9401473d,icon
269,47dc1ca1-2002-4070-ad2e-3ebe9401473d,dance
269,47dc1ca1-2002-4070-ad2e-3ebe9401473d,hip hop
269,47dc1ca1-2002-4070-ad2e-3ebe9401473d,pop star
269,47dc1ca1-2002-4070-ad2e-3ebe9401473d,r&b
270,4822a9e2-6c7d-4c89-8793-297e72105492,alternative pop
270,4822a9e2-6c7d-4c89-8793-297e72105492,alternative r&b
270,4822a9e2-6c7d-4c89-8793-297e72105492,alternative metal
270,4822a9e2-6c7d-4c89-8793-297e72105492,art pop
270,4822a9e2-6c7d-4c89-8793-297e72105492,djent
270,4822a9e2-6c7d-4c89-8793-297e72105492,progressive metal
270,4822a9e2-6c7d-4c89-8793-297e72105492,progressive rock
271,48877286-44d4-4b0a-a1e0-d703a587f64b,ambient
271,48877286-44d4-4b0a-a1e0-d703a587f64b,experimental
271,48877286-44d4-4b0a-a1e0-d703a587f64b,cloud rap
271,48877286-44d4-4b0a-a1e0-d703a587f64b,east coast hip hop
271,48877286-44d4-4b0a-a1e0-d703a587f64b,hip hop
271,48877286-44d4-4b0a-a1e0-d703a587f64b,hardcore hip hop
271,48877286-44d4-4b0a-a1e0-d703a587f64b,trap
271,48877286-44d4-4b0a-a1e0-d703a587f64b,experimental hip hop
271,48877286-44d4-4b0a-a1e0-d703a587f64b,pop rap
271,48877286-44d4-4b0a-a1e0-d703a587f64b,hip hop
271,48877286-44d4-4b0a-a1e0-d703a587f64b,glitch pop
271,48877286-44d4-4b0a-a1e0-d703a587f64b,alternative r&b
271,48877286-44d4-4b0a-a1e0-d703a587f64b,ambient pop
271,48877286-44d4-4b0a-a1e0-d703a587f64b,dance
271,48877286-44d4-4b0a-a1e0-d703a587f64b,left-field pop
271,48877286-44d4-4b0a-a1e0-d703a587f64b,avant-garde
271,48877286-44d4-4b0a-a1e0-d703a587f64b,trip hop
271,48877286-44d4-4b0a-a1e0-d703a587f64b,electronic
271,48877286-44d4-4b0a-a1e0-d703a587f64b,pop
271,48877286-44d4-4b0a-a1e0-d703a587f64b,future bass
271,48877286-44d4-4b0a-a1e0-d703a587f64b,indie electronic
271,48877286-44d4-4b0a-a1e0-d703a587f64b,electronica
271,48877286-44d4-4b0a-a1e0-d703a587f64b,uk bass
271,48877286-44d4-4b0a-a1e0-d703a587f64b,avant-garde pop
271,48877286-44d4-4b0a-a1e0-d703a587f64b,art pop
271,48877286-44d4-4b0a-a1e0-d703a587f64b,alternative/indie rock
271,48877286-44d4-4b0a-a1e0-d703a587f64b,trap
271,48877286-44d4-4b0a-a1e0-d703a587f64b,techno
272,48c544b5-a9ad-4ff9-bb2a-c0869ad5b2c3,christian rock
272,48c544b5-a9ad-4ff9-bb2a-c0869ad5b2c3,metalcore
272,48c544b5-a9ad-4ff9-bb2a-c0869ad5b2c3,post-metalcore
273,48da9339-1248-46fd-9bb6-14dcd0a4738b,trap
273,48da9339-1248-46fd-9bb6-14dcd0a4738b,pop rap
273,48da9339-1248-46fd-9bb6-14dcd0a4738b,southern hip hop
273,48da9339-1248-46fd-9bb6-14dcd0a4738b,hip hop
273,48da9339-1248-46fd-9bb6-14dcd0a4738b,trap
273,48da9339-1248-46fd-9bb6-14dcd0a4738b,hip hop
274,49392f65-ebcb-4719-8f4a-5203c81d499d,trap
274,49392f65-ebcb-4719-8f4a-5203c81d499d,hip hop
274,49392f65-ebcb-4719-8f4a-5203c81d499d,east coast hip hop
274,49392f65-ebcb-4719-8f4a-5203c81d499d,hip hop
275,4958a879-f96e-41ff-b31d-700b842ac821,country
275,4958a879-f96e-41ff-b31d-700b842ac821,contemporary country
276,49e141eb-1e27-442e-bfc7-aac2e5a2c907,
277,4a23538f-7729-49ff-99c7-7cc72c112ce2,metalcore
277,4a23538f-7729-49ff-99c7-7cc72c112ce2,alternative rock
277,4a23538f-7729-49ff-99c7-7cc72c112ce2,pop screamo
277,4a23538f-7729-49ff-99c7-7cc72c112ce2,acoustic
277,4a23538f-7729-49ff-99c7-7cc72c112ce2,emo pop
277,4a23538f-7729-49ff-99c7-7cc72c112ce2,pop punk
277,4a23538f-7729-49ff-99c7-7cc72c112ce2,post-hardcore
278,4a3a9555-12dc-4f20-873b-3070747fe933,alternative metal
278,4a3a9555-12dc-4f20-873b-3070747fe933,art pop
278,4a3a9555-12dc-4f20-873b-3070747fe933,alternative pop
278,4a3a9555-12dc-4f20-873b-3070747fe933,djent
278,4a3a9555-12dc-4f20-873b-3070747fe933,progressive metal
278,4a3a9555-12dc-4f20-873b-3070747fe933,progressive rock
278,4a3a9555-12dc-4f20-873b-3070747fe933,alternative r&b
279,4a5e779f-c629-46e9-8014-c94b1c8a4117,experimental rock
279,4a5e779f-c629-46e9-8014-c94b1c8a4117,post-hardcore
280,4a8f46dd-3dc1-460c-950f-e5823f5ca670,filmschauspieler
280,4a8f46dd-3dc1-460c-950f-e5823f5ca670,hip hop
280,4a8f46dd-3dc1-460c-950f-e5823f5ca670,pop rap
280,4a8f46dd-3dc1-460c-950f-e5823f5ca670,experimental hip hop
280,4a8f46dd-3dc1-460c-950f-e5823f5ca670,trap
280,4a8f46dd-3dc1-460c-950f-e5823f5ca670,hardcore hip hop
280,4a8f46dd-3dc1-460c-950f-e5823f5ca670,hip hop
280,4a8f46dd-3dc1-460c-950f-e5823f5ca670,east coast hip hop
280,4a8f46dd-3dc1-460c-950f-e5823f5ca670,cloud rap
280,4a8f46dd-3dc1-460c-950f-e5823f5ca670,actors
281,4ac23353-0812-42e5-878c-1c1b6479eeca,rihanna
281,4ac23353-0812-42e5-878c-1c1b6479eeca,pop star
281,4ac23353-0812-42e5-878c-1c1b6479eeca,contemporary r b
281,4ac23353-0812-42e5-878c-1c1b6479eeca,contemporary r&b
281,4ac23353-0812-42e5-878c-1c1b6479eeca,edm
281,4ac23353-0812-42e5-878c-1c1b6479eeca,reggae
281,4ac23353-0812-42e5-878c-1c1b6479eeca,pop soul
281,4ac23353-0812-42e5-878c-1c1b6479eeca,pop and chart
281,4ac23353-0812-42e5-878c-1c1b6479eeca,icon
281,4ac23353-0812-42e5-878c-1c1b6479eeca,rehab
281,4ac23353-0812-42e5-878c-1c1b6479eeca,dance-pop
281,4ac23353-0812-42e5-878c-1c1b6479eeca,barbadien
281,4ac23353-0812-42e5-878c-1c1b6479eeca,influential pop star
281,4ac23353-0812-42e5-878c-1c1b6479eeca,r&b
281,4ac23353-0812-42e5-878c-1c1b6479eeca,hip hop
281,4ac23353-0812-42e5-878c-1c1b6479eeca,female vocal
281,4ac23353-0812-42e5-878c-1c1b6479eeca,rnb
281,4ac23353-0812-42e5-878c-1c1b6479eeca,pop culture
281,4ac23353-0812-42e5-878c-1c1b6479eeca,dancehall
281,4ac23353-0812-42e5-878c-1c1b6479eeca,barbade
281,4ac23353-0812-42e5-878c-1c1b6479eeca,barbadian
281,4ac23353-0812-42e5-878c-1c1b6479eeca,pop
281,4ac23353-0812-42e5-878c-1c1b6479eeca,electro house
281,4ac23353-0812-42e5-878c-1c1b6479eeca,electropop
281,4ac23353-0812-42e5-878c-1c1b6479eeca,dance
281,4ac23353-0812-42e5-878c-1c1b6479eeca,barbados
281,4ac23353-0812-42e5-878c-1c1b6479eeca,female vocals
282,4b2f966b-c3ab-4428-bb29-e9d89d4d99bb,emo
282,4b2f966b-c3ab-4428-bb29-e9d89d4d99bb,pop rock
282,4b2f966b-c3ab-4428-bb29-e9d89d4d99bb,pop screamo
282,4b2f966b-c3ab-4428-bb29-e9d89d4d99bb,rock
282,4b2f966b-c3ab-4428-bb29-e9d89d4d99bb,melodic hardcore
282,4b2f966b-c3ab-4428-bb29-e9d89d4d99bb,screamo
282,4b2f966b-c3ab-4428-bb29-e9d89d4d99bb,post-hardcore
282,4b2f966b-c3ab-4428-bb29-e9d89d4d99bb,alternative
282,4b2f966b-c3ab-4428-bb29-e9d89d4d99bb,scene
282,4b2f966b-c3ab-4428-bb29-e9d89d4d99bb,easycore
282,4b2f966b-c3ab-4428-bb29-e9d89d4d99bb,pop
282,4b2f966b-c3ab-4428-bb29-e9d89d4d99bb,pop punk
282,4b2f966b-c3ab-4428-bb29-e9d89d4d99bb,millennial
282,4b2f966b-c3ab-4428-bb29-e9d89d4d99bb,experimental rock
282,4b2f966b-c3ab-4428-bb29-e9d89d4d99bb,alternative/indie rock
282,4b2f966b-c3ab-4428-bb29-e9d89d4d99bb,alternative rock
282,4b2f966b-c3ab-4428-bb29-e9d89d4d99bb,hardcore punk
282,4b2f966b-c3ab-4428-bb29-e9d89d4d99bb,progressive rock
283,4b76d5cd-b2cd-4feb-924c-a37ec13fd99b,contemporary country
283,4b76d5cd-b2cd-4feb-924c-a37ec13fd99b,country
283,4b76d5cd-b2cd-4feb-924c-a37ec13fd99b,country pop
284,4be55175-5cf4-44a1-813b-66a421a5219e,tumblr
284,4be55175-5cf4-44a1-813b-66a421a5219e,alternative rock
284,4be55175-5cf4-44a1-813b-66a421a5219e,indie pop
285,4be8bf07-5219-42b2-9c35-191257a44dfe,rock
286,4c63917b-ffb8-4ba3-9a68-07c262e06771,indie rock
286,4c63917b-ffb8-4ba3-9a68-07c262e06771,synth-pop
286,4c63917b-ffb8-4ba3-9a68-07c262e06771,indie pop
286,4c63917b-ffb8-4ba3-9a68-07c262e06771,pop rock
286,4c63917b-ffb8-4ba3-9a68-07c262e06771,pop punk
286,4c63917b-ffb8-4ba3-9a68-07c262e06771,dream pop
287,4ca9c5ee-a8e7-460e-a139-074bfb189d00,2010s
287,4ca9c5ee-a8e7-460e-a139-074bfb189d00,trap
287,4ca9c5ee-a8e7-460e-a139-074bfb189d00,experimental hip hop
287,4ca9c5ee-a8e7-460e-a139-074bfb189d00,english
287,4ca9c5ee-a8e7-460e-a139-074bfb189d00,pop rap
287,4ca9c5ee-a8e7-460e-a139-074bfb189d00,southern hip hop
287,4ca9c5ee-a8e7-460e-a139-074bfb189d00,hip hop
287,4ca9c5ee-a8e7-460e-a139-074bfb189d00,rap
287,4ca9c5ee-a8e7-460e-a139-074bfb189d00,rock musicians
287,4ca9c5ee-a8e7-460e-a139-074bfb189d00,singers
287,4ca9c5ee-a8e7-460e-a139-074bfb189d00,rock music
287,4ca9c5ee-a8e7-460e-a139-074bfb189d00,glam metal
287,4ca9c5ee-a8e7-460e-a139-074bfb189d00,symphonic rock
287,4ca9c5ee-a8e7-460e-a139-074bfb189d00,pop rock
287,4ca9c5ee-a8e7-460e-a139-074bfb189d00,hard rock
287,4ca9c5ee-a8e7-460e-a139-074bfb189d00,british
287,4ca9c5ee-a8e7-460e-a139-074bfb189d00,metal
287,4ca9c5ee-a8e7-460e-a139-074bfb189d00,heavy metal
287,4ca9c5ee-a8e7-460e-a139-074bfb189d00,2020s
287,4ca9c5ee-a8e7-460e-a139-074bfb189d00,cloud rap
287,4ca9c5ee-a8e7-460e-a139-074bfb189d00,trap
287,4ca9c5ee-a8e7-460e-a139-074bfb189d00,alternative r&b
287,4ca9c5ee-a8e7-460e-a139-074bfb189d00,contemporary r&b
287,4ca9c5ee-a8e7-460e-a139-074bfb189d00,r&b
287,4ca9c5ee-a8e7-460e-a139-074bfb189d00,english
287,4ca9c5ee-a8e7-460e-a139-074bfb189d00,pop rap
287,4ca9c5ee-a8e7-460e-a139-074bfb189d00,country
287,4ca9c5ee-a8e7-460e-a139-074bfb189d00,hip hop
288,4de173bb-44b8-4506-b2fc-d3ef52e456a5,rhythm & blues
288,4de173bb-44b8-4506-b2fc-d3ef52e456a5,country
288,4de173bb-44b8-4506-b2fc-d3ef52e456a5,country
288,4de173bb-44b8-4506-b2fc-d3ef52e456a5,alternative rock
288,4de173bb-44b8-4506-b2fc-d3ef52e456a5,pop
288,4de173bb-44b8-4506-b2fc-d3ef52e456a5,rock
288,4de173bb-44b8-4506-b2fc-d3ef52e456a5,soul
288,4de173bb-44b8-4506-b2fc-d3ef52e456a5,pop soul
288,4de173bb-44b8-4506-b2fc-d3ef52e456a5,contemporary country
288,4de173bb-44b8-4506-b2fc-d3ef52e456a5,country pop
289,4de2fca3-e37a-4399-b121-9c4a6cb298b5,2020s
289,4de2fca3-e37a-4399-b121-9c4a6cb298b5,indie folk
289,4de2fca3-e37a-4399-b121-9c4a6cb298b5,queer
289,4de2fca3-e37a-4399-b121-9c4a6cb298b5,gen z
289,4de2fca3-e37a-4399-b121-9c4a6cb298b5,indie pop
290,4e9f954e-df92-40d9-b68d-8abcd4eae4da,indie pop
290,4e9f954e-df92-40d9-b68d-8abcd4eae4da,tumblr
290,4e9f954e-df92-40d9-b68d-8abcd4eae4da,alternative rock
291,4fc50d4b-3ed2-42f1-b81e-fc0f6999c6a8,
292,4fda2886-a689-4218-943f-568520bc1caa,teen pop
292,4fda2886-a689-4218-943f-568520bc1caa,pop
292,4fda2886-a689-4218-943f-568520bc1caa,pop rock
293,4ff9e97b-f326-440a-a820-943b68f1d938,mumble rap
293,4ff9e97b-f326-440a-a820-943b68f1d938,southern hip hop
293,4ff9e97b-f326-440a-a820-943b68f1d938,hip hop
293,4ff9e97b-f326-440a-a820-943b68f1d938,gangsta rap
293,4ff9e97b-f326-440a-a820-943b68f1d938,trap
293,4ff9e97b-f326-440a-a820-943b68f1d938,pop rap
294,4ffcaf69-23c2-4403-af44-5413675696c0,alternative rock
294,4ffcaf69-23c2-4403-af44-5413675696c0,rock
294,4ffcaf69-23c2-4403-af44-5413675696c0,hard rock
295,50052fc5-7a97-479a-8563-299844846ad8,heavy metal
295,50052fc5-7a97-479a-8563-299844846ad8,alternative rock
295,50052fc5-7a97-479a-8563-299844846ad8,alternative metal
295,50052fc5-7a97-479a-8563-299844846ad8,metal
295,50052fc5-7a97-479a-8563-299844846ad8,nu metal
296,5012f1fb-75f7-43b5-93a5-bf93c9f278d4,
297,501af9e5-df3f-4fc4-8f70-b0149fabc270,country
297,501af9e5-df3f-4fc4-8f70-b0149fabc270,americana
297,501af9e5-df3f-4fc4-8f70-b0149fabc270,alternative country
297,501af9e5-df3f-4fc4-8f70-b0149fabc270,red dirt
298,502bf7e1-bdbe-49a1-8654-26609f3397e7,millennial
298,502bf7e1-bdbe-49a1-8654-26609f3397e7,melodic hardcore
298,502bf7e1-bdbe-49a1-8654-26609f3397e7,progressive rock
298,502bf7e1-bdbe-49a1-8654-26609f3397e7,screamo
298,502bf7e1-bdbe-49a1-8654-26609f3397e7,experimental rock
298,502bf7e1-bdbe-49a1-8654-26609f3397e7,easycore
298,502bf7e1-bdbe-49a1-8654-26609f3397e7,post-hardcore
298,502bf7e1-bdbe-49a1-8654-26609f3397e7,alternative/indie rock
298,502bf7e1-bdbe-49a1-8654-26609f3397e7,alternative rock
298,502bf7e1-bdbe-49a1-8654-26609f3397e7,hardcore punk
298,502bf7e1-bdbe-49a1-8654-26609f3397e7,pop rock
298,502bf7e1-bdbe-49a1-8654-26609f3397e7,pop
298,502bf7e1-bdbe-49a1-8654-26609f3397e7,pop punk
298,502bf7e1-bdbe-49a1-8654-26609f3397e7,pop screamo
298,502bf7e1-bdbe-49a1-8654-26609f3397e7,rock
298,502bf7e1-bdbe-49a1-8654-26609f3397e7,emo
298,502bf7e1-bdbe-49a1-8654-26609f3397e7,scene
298,502bf7e1-bdbe-49a1-8654-26609f3397e7,alternative
299,50ad339d-30b4-4074-bc24-b2b02a3e42f9,late 2000s
299,50ad339d-30b4-4074-bc24-b2b02a3e42f9,pop rap
299,50ad339d-30b4-4074-bc24-b2b02a3e42f9,r&b
299,50ad339d-30b4-4074-bc24-b2b02a3e42f9,electronic
299,50ad339d-30b4-4074-bc24-b2b02a3e42f9,hip hop
299,50ad339d-30b4-4074-bc24-b2b02a3e42f9,rap
299,50ad339d-30b4-4074-bc24-b2b02a3e42f9,2010s
299,50ad339d-30b4-4074-bc24-b2b02a3e42f9,sxsw
299,50ad339d-30b4-4074-bc24-b2b02a3e42f9,best female rapper
299,50ad339d-30b4-4074-bc24-b2b02a3e42f9,east coast hip hop
299,50ad339d-30b4-4074-bc24-b2b02a3e42f9,trap music
299,50ad339d-30b4-4074-bc24-b2b02a3e42f9,hardcore hip hop
299,50ad339d-30b4-4074-bc24-b2b02a3e42f9,contemporary r&b
299,50ad339d-30b4-4074-bc24-b2b02a3e42f9,pop
299,50ad339d-30b4-4074-bc24-b2b02a3e42f9,caribbean
299,50ad339d-30b4-4074-bc24-b2b02a3e42f9,queen of rap
300,50f1b4c0-2d3b-4367-8be1-c4211dafb10f,tumblr
300,50f1b4c0-2d3b-4367-8be1-c4211dafb10f,alternative rock
300,50f1b4c0-2d3b-4367-8be1-c4211dafb10f,indie pop
301,51806185-eda3-4b81-a0e2-8445a4c679d3,southern metal
301,51806185-eda3-4b81-a0e2-8445a4c679d3,southern rock
301,51806185-eda3-4b81-a0e2-8445a4c679d3,metalcore
301,51806185-eda3-4b81-a0e2-8445a4c679d3,post-hardcore
302,5187ba58-113d-444b-ae80-b3f9ca581917,metalcore
302,5187ba58-113d-444b-ae80-b3f9ca581917,screamo
302,5187ba58-113d-444b-ae80-b3f9ca581917,hardcore
302,5187ba58-113d-444b-ae80-b3f9ca581917,electronicore
302,5187ba58-113d-444b-ae80-b3f9ca581917,post-hardcore
302,5187ba58-113d-444b-ae80-b3f9ca581917,melodic metalcore
303,519cca86-4b33-4c09-85e5-f455ab5d7f4e,djent
303,519cca86-4b33-4c09-85e5-f455ab5d7f4e,electronic
303,519cca86-4b33-4c09-85e5-f455ab5d7f4e,alternative metal
303,519cca86-4b33-4c09-85e5-f455ab5d7f4e,metal
303,519cca86-4b33-4c09-85e5-f455ab5d7f4e,shoegaze
304,51e56798-1613-48ed-a156-0a4f38bfae8c,pop rock
304,51e56798-1613-48ed-a156-0a4f38bfae8c,alternative rock
304,51e56798-1613-48ed-a156-0a4f38bfae8c,emo-pop
304,51e56798-1613-48ed-a156-0a4f38bfae8c,punk
304,51e56798-1613-48ed-a156-0a4f38bfae8c,emo
304,51e56798-1613-48ed-a156-0a4f38bfae8c,alternative
304,51e56798-1613-48ed-a156-0a4f38bfae8c,pop
304,51e56798-1613-48ed-a156-0a4f38bfae8c,indie rock
304,51e56798-1613-48ed-a156-0a4f38bfae8c,electropop
304,51e56798-1613-48ed-a156-0a4f38bfae8c,pop punk
304,51e56798-1613-48ed-a156-0a4f38bfae8c,emo pop
304,51e56798-1613-48ed-a156-0a4f38bfae8c,alternative/indie rock
305,520478e3-3444-4fa9-892a-62518b74986b,rock
305,520478e3-3444-4fa9-892a-62518b74986b,pop rock
305,520478e3-3444-4fa9-892a-62518b74986b,pop punk
305,520478e3-3444-4fa9-892a-62518b74986b,punk
306,522694e6-e9fa-4c23-95c3-eaa802c85b44,
307,5238c292-d607-4227-8436-333b8268a71c,post-hardcore
307,5238c292-d607-4227-8436-333b8268a71c,electronicore
307,5238c292-d607-4227-8436-333b8268a71c,nu metal
307,5238c292-d607-4227-8436-333b8268a71c,experimental
307,5238c292-d607-4227-8436-333b8268a71c,electronic
307,5238c292-d607-4227-8436-333b8268a71c,metalcore
308,52a0345e-497d-479e-99ca-f869f45dfefc,contemporary r&b
308,52a0345e-497d-479e-99ca-f869f45dfefc,r&b
308,52a0345e-497d-479e-99ca-f869f45dfefc,alternative hip hop
308,52a0345e-497d-479e-99ca-f869f45dfefc,dancehall
308,52a0345e-497d-479e-99ca-f869f45dfefc,hip hop
308,52a0345e-497d-479e-99ca-f869f45dfefc,canadian hip hop
308,52a0345e-497d-479e-99ca-f869f45dfefc,alternative r&b
309,52dc7b3e-1448-4dbc-b8fd-ca0c37bde753,tumblr
309,52dc7b3e-1448-4dbc-b8fd-ca0c37bde753,indie pop
309,52dc7b3e-1448-4dbc-b8fd-ca0c37bde753,alternative rock
310,531d303e-0c09-48f9-8a46-9b55a102d4ee,pop
310,531d303e-0c09-48f9-8a46-9b55a102d4ee,alternative hip hop
310,531d303e-0c09-48f9-8a46-9b55a102d4ee,english
310,531d303e-0c09-48f9-8a46-9b55a102d4ee,alternative rock
310,531d303e-0c09-48f9-8a46-9b55a102d4ee,melodic rap
310,531d303e-0c09-48f9-8a46-9b55a102d4ee,rap
310,531d303e-0c09-48f9-8a46-9b55a102d4ee,trap music
310,531d303e-0c09-48f9-8a46-9b55a102d4ee,contemporary rap
310,531d303e-0c09-48f9-8a46-9b55a102d4ee,soundcloud rap
310,531d303e-0c09-48f9-8a46-9b55a102d4ee,midwest hip-hop
310,531d303e-0c09-48f9-8a46-9b55a102d4ee,hip hop
310,531d303e-0c09-48f9-8a46-9b55a102d4ee,southern hip hop
310,531d303e-0c09-48f9-8a46-9b55a102d4ee,alternative r&b
310,531d303e-0c09-48f9-8a46-9b55a102d4ee,drum and bass
310,531d303e-0c09-48f9-8a46-9b55a102d4ee,trap
310,531d303e-0c09-48f9-8a46-9b55a102d4ee,trap
310,531d303e-0c09-48f9-8a46-9b55a102d4ee,rap rock
310,531d303e-0c09-48f9-8a46-9b55a102d4ee,experimental hip hop
310,531d303e-0c09-48f9-8a46-9b55a102d4ee,experimental hip hop
310,531d303e-0c09-48f9-8a46-9b55a102d4ee,cloud rap
310,531d303e-0c09-48f9-8a46-9b55a102d4ee,african
310,531d303e-0c09-48f9-8a46-9b55a102d4ee,rage
310,531d303e-0c09-48f9-8a46-9b55a102d4ee,pop punk
310,531d303e-0c09-48f9-8a46-9b55a102d4ee,dubstep
310,531d303e-0c09-48f9-8a46-9b55a102d4ee,edm
310,531d303e-0c09-48f9-8a46-9b55a102d4ee,emo rap
310,531d303e-0c09-48f9-8a46-9b55a102d4ee,mumble rap
310,531d303e-0c09-48f9-8a46-9b55a102d4ee,pop rap
310,531d303e-0c09-48f9-8a46-9b55a102d4ee,dance
310,531d303e-0c09-48f9-8a46-9b55a102d4ee,rock
310,531d303e-0c09-48f9-8a46-9b55a102d4ee,contemporary r&b
310,531d303e-0c09-48f9-8a46-9b55a102d4ee,electronica
310,531d303e-0c09-48f9-8a46-9b55a102d4ee,hip hop
311,537472b6-ecb1-4cfd-8e93-9d7d796b2d94,country pop
311,537472b6-ecb1-4cfd-8e93-9d7d796b2d94,contemporary country
311,537472b6-ecb1-4cfd-8e93-9d7d796b2d94,country
311,537472b6-ecb1-4cfd-8e93-9d7d796b2d94,country rock
312,53933b89-d9e9-49ec-85f5-aa1a822f8655,
313,53969964-673a-4407-9396-3087be9245f6,soft rock
313,53969964-673a-4407-9396-3087be9245f6,pop
313,53969964-673a-4407-9396-3087be9245f6,rock
313,53969964-673a-4407-9396-3087be9245f6,nuno
313,53969964-673a-4407-9396-3087be9245f6,2020s
313,53969964-673a-4407-9396-3087be9245f6,funk
313,53969964-673a-4407-9396-3087be9245f6,soul
313,53969964-673a-4407-9396-3087be9245f6,new wave
313,53969964-673a-4407-9396-3087be9245f6,synth-pop
314,53a9b716-a115-42a9-aed5-d00041057a52,alternative rock
314,53a9b716-a115-42a9-aed5-d00041057a52,tumblr
314,53a9b716-a115-42a9-aed5-d00041057a52,trap
314,53a9b716-a115-42a9-aed5-d00041057a52,hip hop
314,53a9b716-a115-42a9-aed5-d00041057a52,indie pop
315,53fd72e1-5de1-49aa-8588-a90d0cc1e449,metalcore
315,53fd72e1-5de1-49aa-8588-a90d0cc1e449,post-hardcore
315,53fd72e1-5de1-49aa-8588-a90d0cc1e449,metal
315,53fd72e1-5de1-49aa-8588-a90d0cc1e449,post-metalcore
316,5404ec25-eff6-471b-a813-53e8af06b329,
317,54494123-9670-4b2d-83ad-85c46c8f5200,hardcore hip hop
317,54494123-9670-4b2d-83ad-85c46c8f5200,pop
317,54494123-9670-4b2d-83ad-85c46c8f5200,trap
317,54494123-9670-4b2d-83ad-85c46c8f5200,pop rap
317,54494123-9670-4b2d-83ad-85c46c8f5200,r&b
317,54494123-9670-4b2d-83ad-85c46c8f5200,rap
317,54494123-9670-4b2d-83ad-85c46c8f5200,west coast hip hop
317,54494123-9670-4b2d-83ad-85c46c8f5200,hip hop
317,54494123-9670-4b2d-83ad-85c46c8f5200,conscious hip hop
317,54494123-9670-4b2d-83ad-85c46c8f5200,jazz
317,54494123-9670-4b2d-83ad-85c46c8f5200,progressive rap
317,54494123-9670-4b2d-83ad-85c46c8f5200,disco
317,54494123-9670-4b2d-83ad-85c46c8f5200,dance
317,54494123-9670-4b2d-83ad-85c46c8f5200,house
317,54494123-9670-4b2d-83ad-85c46c8f5200,future bass
317,54494123-9670-4b2d-83ad-85c46c8f5200,contemporary rap
317,54494123-9670-4b2d-83ad-85c46c8f5200,conscious rapper
317,54494123-9670-4b2d-83ad-85c46c8f5200,2010s
317,54494123-9670-4b2d-83ad-85c46c8f5200,2020s
317,54494123-9670-4b2d-83ad-85c46c8f5200,gangsta rap
317,54494123-9670-4b2d-83ad-85c46c8f5200,alternative hip hop
317,54494123-9670-4b2d-83ad-85c46c8f5200,jazz rap
318,547d6b69-0884-450a-bee4-bc9278319f09,emo pop
318,547d6b69-0884-450a-bee4-bc9278319f09,pop screamo
318,547d6b69-0884-450a-bee4-bc9278319f09,alternative rock
318,547d6b69-0884-450a-bee4-bc9278319f09,metalcore
318,547d6b69-0884-450a-bee4-bc9278319f09,pop punk
318,547d6b69-0884-450a-bee4-bc9278319f09,acoustic
318,547d6b69-0884-450a-bee4-bc9278319f09,post-hardcore
319,54a490a8-9240-4b03-b2d8-135152b592f5,
320,54d5760f-4101-404d-81fa-e2cf7c296a5a,rock
320,54d5760f-4101-404d-81fa-e2cf7c296a5a,alternative rock
320,54d5760f-4101-404d-81fa-e2cf7c296a5a,blues rock
321,5547c2dc-bf3d-4f16-91a7-6b5960de6c46,hardcore
321,5547c2dc-bf3d-4f16-91a7-6b5960de6c46,post-hardcore
321,5547c2dc-bf3d-4f16-91a7-6b5960de6c46,pop punk
321,5547c2dc-bf3d-4f16-91a7-6b5960de6c46,melodic metalcore
321,5547c2dc-bf3d-4f16-91a7-6b5960de6c46,metalcore
322,5589ddb1-7466-4591-9db0-f1f7e1cd3d96,canadian hip hop
322,5589ddb1-7466-4591-9db0-f1f7e1cd3d96,hip hop
322,5589ddb1-7466-4591-9db0-f1f7e1cd3d96,dancehall
322,5589ddb1-7466-4591-9db0-f1f7e1cd3d96,contemporary r&b
322,5589ddb1-7466-4591-9db0-f1f7e1cd3d96,r&b
322,5589ddb1-7466-4591-9db0-f1f7e1cd3d96,alternative hip hop
322,5589ddb1-7466-4591-9db0-f1f7e1cd3d96,alternative r&b
323,55a86513-da2d-4534-9662-870c5b0f5352,djent
323,55a86513-da2d-4534-9662-870c5b0f5352,alternative pop
323,55a86513-da2d-4534-9662-870c5b0f5352,progressive metal
323,55a86513-da2d-4534-9662-870c5b0f5352,alternative metal
323,55a86513-da2d-4534-9662-870c5b0f5352,alternative r&b
323,55a86513-da2d-4534-9662-870c5b0f5352,art pop
323,55a86513-da2d-4534-9662-870c5b0f5352,progressive rock
324,576008e7-b365-4656-ac62-5257120ad2c8,hyphy
324,576008e7-b365-4656-ac62-5257120ad2c8,west coast hip hop
324,576008e7-b365-4656-ac62-5257120ad2c8,hip hop
325,57989844-fa47-4007-92ac-cd1f6ec47cc9,indie pop
325,57989844-fa47-4007-92ac-cd1f6ec47cc9,tumblr
325,57989844-fa47-4007-92ac-cd1f6ec47cc9,alternative rock
326,57a44378-d499-43c8-9c38-a664413688af,rap
326,57a44378-d499-43c8-9c38-a664413688af,hip hop
327,580bf335-54ee-4d32-902f-866d89e3d08a,rap
327,580bf335-54ee-4d32-902f-866d89e3d08a,hip hop
328,58301927-8817-4237-83e3-d932cfa5cee7,top 10
328,58301927-8817-4237-83e3-d932cfa5cee7,rap
328,58301927-8817-4237-83e3-d932cfa5cee7,trap rap
328,58301927-8817-4237-83e3-d932cfa5cee7,contemporary r&b
328,58301927-8817-4237-83e3-d932cfa5cee7,r&b
328,58301927-8817-4237-83e3-d932cfa5cee7,pop rap
328,58301927-8817-4237-83e3-d932cfa5cee7,hip hop
328,58301927-8817-4237-83e3-d932cfa5cee7,trap
328,58301927-8817-4237-83e3-d932cfa5cee7,alternative r&b
328,58301927-8817-4237-83e3-d932cfa5cee7,southern hip hop
328,58301927-8817-4237-83e3-d932cfa5cee7,sxsw
328,58301927-8817-4237-83e3-d932cfa5cee7,top 5
328,58301927-8817-4237-83e3-d932cfa5cee7,top 100
328,58301927-8817-4237-83e3-d932cfa5cee7,hardcore hip hop
328,58301927-8817-4237-83e3-d932cfa5cee7,hip-hop
328,58301927-8817-4237-83e3-d932cfa5cee7,pop
329,58b8d7ef-706c-40a9-a36c-29c0ac4df2b8,female vocals
329,58b8d7ef-706c-40a9-a36c-29c0ac4df2b8,aln-sh
329,58b8d7ef-706c-40a9-a36c-29c0ac4df2b8,pop
329,58b8d7ef-706c-40a9-a36c-29c0ac4df2b8,rock
329,58b8d7ef-706c-40a9-a36c-29c0ac4df2b8,alternative rock
329,58b8d7ef-706c-40a9-a36c-29c0ac4df2b8,americana
329,58b8d7ef-706c-40a9-a36c-29c0ac4df2b8,2008 universal fire victim
330,58c0ca9d-dfa4-4d73-8ece-22c3b733de28,melodic metalcore
330,58c0ca9d-dfa4-4d73-8ece-22c3b733de28,emo
330,58c0ca9d-dfa4-4d73-8ece-22c3b733de28,psychedelic rock
330,58c0ca9d-dfa4-4d73-8ece-22c3b733de28,nu metal
330,58c0ca9d-dfa4-4d73-8ece-22c3b733de28,heavy metal
330,58c0ca9d-dfa4-4d73-8ece-22c3b733de28,pop
330,58c0ca9d-dfa4-4d73-8ece-22c3b733de28,alternative/indie rock
330,58c0ca9d-dfa4-4d73-8ece-22c3b733de28,hard rock
330,58c0ca9d-dfa4-4d73-8ece-22c3b733de28,rock
330,58c0ca9d-dfa4-4d73-8ece-22c3b733de28,house
330,58c0ca9d-dfa4-4d73-8ece-22c3b733de28,drum and bass
330,58c0ca9d-dfa4-4d73-8ece-22c3b733de28,screamo
330,58c0ca9d-dfa4-4d73-8ece-22c3b733de28,electronic
330,58c0ca9d-dfa4-4d73-8ece-22c3b733de28,pop rock
330,58c0ca9d-dfa4-4d73-8ece-22c3b733de28,deathcore
330,58c0ca9d-dfa4-4d73-8ece-22c3b733de28,metalcore
330,58c0ca9d-dfa4-4d73-8ece-22c3b733de28,electronic rock
330,58c0ca9d-dfa4-4d73-8ece-22c3b733de28,alternative metal
330,58c0ca9d-dfa4-4d73-8ece-22c3b733de28,post-hardcore
330,58c0ca9d-dfa4-4d73-8ece-22c3b733de28,alternative rock
331,58c282fb-8dce-4f23-9f7f-622ddf0ffefc,post-hardcore
331,58c282fb-8dce-4f23-9f7f-622ddf0ffefc,christian
331,58c282fb-8dce-4f23-9f7f-622ddf0ffefc,metalcore
331,58c282fb-8dce-4f23-9f7f-622ddf0ffefc,metal
331,58c282fb-8dce-4f23-9f7f-622ddf0ffefc,christian metalcore
331,58c282fb-8dce-4f23-9f7f-622ddf0ffefc,hardcore
331,58c282fb-8dce-4f23-9f7f-622ddf0ffefc,post-metalcore
331,58c282fb-8dce-4f23-9f7f-622ddf0ffefc,post-hardcore
331,58c282fb-8dce-4f23-9f7f-622ddf0ffefc,metalcore
332,591e1c7d-4fae-4949-8f49-3d5a33e5b2b9,trap
332,591e1c7d-4fae-4949-8f49-3d5a33e5b2b9,2020s
332,591e1c7d-4fae-4949-8f49-3d5a33e5b2b9,english
332,591e1c7d-4fae-4949-8f49-3d5a33e5b2b9,hip hop
332,591e1c7d-4fae-4949-8f49-3d5a33e5b2b9,rap
332,591e1c7d-4fae-4949-8f49-3d5a33e5b2b9,trap
332,591e1c7d-4fae-4949-8f49-3d5a33e5b2b9,southern hip hop
332,591e1c7d-4fae-4949-8f49-3d5a33e5b2b9,southern hip hop
332,591e1c7d-4fae-4949-8f49-3d5a33e5b2b9,hip hop
333,59429cfc-8d95-4156-bd14-f63eaeedd660,experimental
333,59429cfc-8d95-4156-bd14-f63eaeedd660,swancore
333,59429cfc-8d95-4156-bd14-f63eaeedd660,alternative/indie rock
333,59429cfc-8d95-4156-bd14-f63eaeedd660,metalcore
333,59429cfc-8d95-4156-bd14-f63eaeedd660,math rock
333,59429cfc-8d95-4156-bd14-f63eaeedd660,screamo
333,59429cfc-8d95-4156-bd14-f63eaeedd660,progressive rock
333,59429cfc-8d95-4156-bd14-f63eaeedd660,emo
333,59429cfc-8d95-4156-bd14-f63eaeedd660,post-hardcore
333,59429cfc-8d95-4156-bd14-f63eaeedd660,emocore
333,59429cfc-8d95-4156-bd14-f63eaeedd660,experimental rock
333,59429cfc-8d95-4156-bd14-f63eaeedd660,rock
333,59429cfc-8d95-4156-bd14-f63eaeedd660,hardcore
333,59429cfc-8d95-4156-bd14-f63eaeedd660,pop
334,594590d8-48e7-4578-86c6-7b71455df63b,hip hop
334,594590d8-48e7-4578-86c6-7b71455df63b,rap
334,594590d8-48e7-4578-86c6-7b71455df63b,hip hop
334,594590d8-48e7-4578-86c6-7b71455df63b,trap
335,596b7c88-0235-488c-b61f-c8bb66bdd5f0,country
336,598967b9-eb12-4dcf-b4ba-c19de63935c0,
337,59caab58-5a80-4f19-9f82-1ca99ba743c2,alternative r&b
337,59caab58-5a80-4f19-9f82-1ca99ba743c2,alternative pop
337,59caab58-5a80-4f19-9f82-1ca99ba743c2,progressive rock
337,59caab58-5a80-4f19-9f82-1ca99ba743c2,art pop
337,59caab58-5a80-4f19-9f82-1ca99ba743c2,djent
337,59caab58-5a80-4f19-9f82-1ca99ba743c2,alternative metal
337,59caab58-5a80-4f19-9f82-1ca99ba743c2,progressive metal
338,59cb7928-6b65-4940-82d4-046075f4d6fe,post-hardcore
338,59cb7928-6b65-4940-82d4-046075f4d6fe,hardcore
338,59cb7928-6b65-4940-82d4-046075f4d6fe,progressive metalcore
338,59cb7928-6b65-4940-82d4-046075f4d6fe,screamo
338,59cb7928-6b65-4940-82d4-046075f4d6fe,metalcore
339,59f5ffef-419a-4916-adb1-0acb491c39e3,country
340,5aaad0f7-ed90-412b-aab8-361c3467b772,
341,5abce923-5360-4f1b-af80-5c521050cd12,electronic
341,5abce923-5360-4f1b-af80-5c521050cd12,alternative rock
341,5abce923-5360-4f1b-af80-5c521050cd12,soul
341,5abce923-5360-4f1b-af80-5c521050cd12,folk
341,5abce923-5360-4f1b-af80-5c521050cd12,indie pop
341,5abce923-5360-4f1b-af80-5c521050cd12,indie rock
342,5ae057d7-c968-4018-a4ea-e4baf42d3c44,j. cole
342,5ae057d7-c968-4018-a4ea-e4baf42d3c44,west coast hip hop
342,5ae057d7-c968-4018-a4ea-e4baf42d3c44,hip hop
342,5ae057d7-c968-4018-a4ea-e4baf42d3c44,rap
342,5ae057d7-c968-4018-a4ea-e4baf42d3c44,hip hop
342,5ae057d7-c968-4018-a4ea-e4baf42d3c44,hip hop
342,5ae057d7-c968-4018-a4ea-e4baf42d3c44,trap
342,5ae057d7-c968-4018-a4ea-e4baf42d3c44,southern hip hop
342,5ae057d7-c968-4018-a4ea-e4baf42d3c44,rapper
342,5ae057d7-c968-4018-a4ea-e4baf42d3c44,top 100
343,5b31747b-b07f-4ddf-a948-d03bec964920,2020s
343,5b31747b-b07f-4ddf-a948-d03bec964920,country pop
343,5b31747b-b07f-4ddf-a948-d03bec964920,country
344,5bddd95d-03c5-4c9f-b241-cfc8fcaa1172,trap
344,5bddd95d-03c5-4c9f-b241-cfc8fcaa1172,pop rap
344,5bddd95d-03c5-4c9f-b241-cfc8fcaa1172,hip hop
345,5ce69f81-6be5-4c89-b03e-bb4516050cec,oakland
345,5ce69f81-6be5-4c89-b03e-bb4516050cec,bay area
345,5ce69f81-6be5-4c89-b03e-bb4516050cec,rap
345,5ce69f81-6be5-4c89-b03e-bb4516050cec,east bay
345,5ce69f81-6be5-4c89-b03e-bb4516050cec,gangsta rap
345,5ce69f81-6be5-4c89-b03e-bb4516050cec,hip hop
346,5d0ad515-7dce-4864-8a25-f6590e1a63c4,hip hop
347,5d5622d3-8c98-475a-9999-dff78c3cf60c,rap
347,5d5622d3-8c98-475a-9999-dff78c3cf60c,canadian
347,5d5622d3-8c98-475a-9999-dff78c3cf60c,hip hop
347,5d5622d3-8c98-475a-9999-dff78c3cf60c,pop rap
347,5d5622d3-8c98-475a-9999-dff78c3cf60c,life
347,5d5622d3-8c98-475a-9999-dff78c3cf60c,jutes
347,5d5622d3-8c98-475a-9999-dff78c3cf60c,chode
348,5d74244a-d193-44e6-a78c-28446abf2904,metalcore
348,5d74244a-d193-44e6-a78c-28446abf2904,djent
348,5d74244a-d193-44e6-a78c-28446abf2904,progressive metal
348,5d74244a-d193-44e6-a78c-28446abf2904,progressive metalcore
349,5d7fe999-f088-495f-b32b-6da2694224a0,post-hardcore
349,5d7fe999-f088-495f-b32b-6da2694224a0,experimental rock
349,5d7fe999-f088-495f-b32b-6da2694224a0,post-hardcore
349,5d7fe999-f088-495f-b32b-6da2694224a0,metal
349,5d7fe999-f088-495f-b32b-6da2694224a0,post-metalcore
349,5d7fe999-f088-495f-b32b-6da2694224a0,metalcore
350,5d8d4a87-cecf-43e4-b2f1-4b2e12eedb05,modeschöpfer
350,5d8d4a87-cecf-43e4-b2f1-4b2e12eedb05,experimental hip hop
350,5d8d4a87-cecf-43e4-b2f1-4b2e12eedb05,singstimme
350,5d8d4a87-cecf-43e4-b2f1-4b2e12eedb05,conscious hip hop
350,5d8d4a87-cecf-43e4-b2f1-4b2e12eedb05,singers
350,5d8d4a87-cecf-43e4-b2f1-4b2e12eedb05,producer
350,5d8d4a87-cecf-43e4-b2f1-4b2e12eedb05,future bass
350,5d8d4a87-cecf-43e4-b2f1-4b2e12eedb05,rapmusiker
350,5d8d4a87-cecf-43e4-b2f1-4b2e12eedb05,house
350,5d8d4a87-cecf-43e4-b2f1-4b2e12eedb05,trap
350,5d8d4a87-cecf-43e4-b2f1-4b2e12eedb05,pop rap
350,5d8d4a87-cecf-43e4-b2f1-4b2e12eedb05,composers
350,5d8d4a87-cecf-43e4-b2f1-4b2e12eedb05,christian hip hop
350,5d8d4a87-cecf-43e4-b2f1-4b2e12eedb05,chipmunk soul
350,5d8d4a87-cecf-43e4-b2f1-4b2e12eedb05,pop
350,5d8d4a87-cecf-43e4-b2f1-4b2e12eedb05,rap musicians
350,5d8d4a87-cecf-43e4-b2f1-4b2e12eedb05,progressive rap
350,5d8d4a87-cecf-43e4-b2f1-4b2e12eedb05,businesspeople
350,5d8d4a87-cecf-43e4-b2f1-4b2e12eedb05,sound recording executives and producers
350,5d8d4a87-cecf-43e4-b2f1-4b2e12eedb05,gospel music
350,5d8d4a87-cecf-43e4-b2f1-4b2e12eedb05,midwest rap
350,5d8d4a87-cecf-43e4-b2f1-4b2e12eedb05,songwriter
350,5d8d4a87-cecf-43e4-b2f1-4b2e12eedb05,regisseur
350,5d8d4a87-cecf-43e4-b2f1-4b2e12eedb05,deep house
350,5d8d4a87-cecf-43e4-b2f1-4b2e12eedb05,contemporary r&b
350,5d8d4a87-cecf-43e4-b2f1-4b2e12eedb05,fashion designers
350,5d8d4a87-cecf-43e4-b2f1-4b2e12eedb05,contemporary rap
350,5d8d4a87-cecf-43e4-b2f1-4b2e12eedb05,hip hop
350,5d8d4a87-cecf-43e4-b2f1-4b2e12eedb05,electropop
350,5d8d4a87-cecf-43e4-b2f1-4b2e12eedb05,r&b
350,5d8d4a87-cecf-43e4-b2f1-4b2e12eedb05,musikproduzent
350,5d8d4a87-cecf-43e4-b2f1-4b2e12eedb05,african american musicians
351,5d97010b-ea62-4343-b85d-4bcac5eeae78,pop
351,5d97010b-ea62-4343-b85d-4bcac5eeae78,smooth jazz
351,5d97010b-ea62-4343-b85d-4bcac5eeae78,regisseur
351,5d97010b-ea62-4343-b85d-4bcac5eeae78,house
351,5d97010b-ea62-4343-b85d-4bcac5eeae78,modeschöpfer
351,5d97010b-ea62-4343-b85d-4bcac5eeae78,pop rap
351,5d97010b-ea62-4343-b85d-4bcac5eeae78,coke rap
351,5d97010b-ea62-4343-b85d-4bcac5eeae78,composers
351,5d97010b-ea62-4343-b85d-4bcac5eeae78,songwriter
351,5d97010b-ea62-4343-b85d-4bcac5eeae78,r&b
351,5d97010b-ea62-4343-b85d-4bcac5eeae78,rapmusiker
351,5d97010b-ea62-4343-b85d-4bcac5eeae78,hip hop
351,5d97010b-ea62-4343-b85d-4bcac5eeae78,singers
351,5d97010b-ea62-4343-b85d-4bcac5eeae78,christian hip hop
351,5d97010b-ea62-4343-b85d-4bcac5eeae78,contemporary r&b
351,5d97010b-ea62-4343-b85d-4bcac5eeae78,deep house
351,5d97010b-ea62-4343-b85d-4bcac5eeae78,african american musicians
351,5d97010b-ea62-4343-b85d-4bcac5eeae78,chipmunk soul
351,5d97010b-ea62-4343-b85d-4bcac5eeae78,hip hop
351,5d97010b-ea62-4343-b85d-4bcac5eeae78,rap musicians
351,5d97010b-ea62-4343-b85d-4bcac5eeae78,businesspeople
351,5d97010b-ea62-4343-b85d-4bcac5eeae78,future bass
351,5d97010b-ea62-4343-b85d-4bcac5eeae78,conscious hip hop
351,5d97010b-ea62-4343-b85d-4bcac5eeae78,experimental hip hop
351,5d97010b-ea62-4343-b85d-4bcac5eeae78,singstimme
351,5d97010b-ea62-4343-b85d-4bcac5eeae78,progressive rap
351,5d97010b-ea62-4343-b85d-4bcac5eeae78,musikproduzent
351,5d97010b-ea62-4343-b85d-4bcac5eeae78,producer
351,5d97010b-ea62-4343-b85d-4bcac5eeae78,electropop
351,5d97010b-ea62-4343-b85d-4bcac5eeae78,jazz
351,5d97010b-ea62-4343-b85d-4bcac5eeae78,quiet storm
351,5d97010b-ea62-4343-b85d-4bcac5eeae78,gospel music
351,5d97010b-ea62-4343-b85d-4bcac5eeae78,fashion designers
351,5d97010b-ea62-4343-b85d-4bcac5eeae78,contemporary rap
351,5d97010b-ea62-4343-b85d-4bcac5eeae78,midwest rap
351,5d97010b-ea62-4343-b85d-4bcac5eeae78,trap
351,5d97010b-ea62-4343-b85d-4bcac5eeae78,sound recording executives and producers
351,5d97010b-ea62-4343-b85d-4bcac5eeae78,contemporary jazz
352,5de222e8-71fe-42af-9abd-95a6ab228d13,hip hop
352,5de222e8-71fe-42af-9abd-95a6ab228d13,contemporary r&b
352,5de222e8-71fe-42af-9abd-95a6ab228d13,alternative r&b
352,5de222e8-71fe-42af-9abd-95a6ab228d13,trap soul
352,5de222e8-71fe-42af-9abd-95a6ab228d13,2010s
352,5de222e8-71fe-42af-9abd-95a6ab228d13,pop soul
352,5de222e8-71fe-42af-9abd-95a6ab228d13,hip hop soul
353,5e51611c-5ced-4e76-bb75-136c4d1c1380,
354,5e87a560-e5e6-4f82-9184-d0cf90421fa3,indie rock
354,5e87a560-e5e6-4f82-9184-d0cf90421fa3,pop
354,5e87a560-e5e6-4f82-9184-d0cf90421fa3,emo pop
354,5e87a560-e5e6-4f82-9184-d0cf90421fa3,pop rock
354,5e87a560-e5e6-4f82-9184-d0cf90421fa3,alternative
354,5e87a560-e5e6-4f82-9184-d0cf90421fa3,emo-pop
354,5e87a560-e5e6-4f82-9184-d0cf90421fa3,electropop
354,5e87a560-e5e6-4f82-9184-d0cf90421fa3,emo
354,5e87a560-e5e6-4f82-9184-d0cf90421fa3,punk
354,5e87a560-e5e6-4f82-9184-d0cf90421fa3,pop punk
354,5e87a560-e5e6-4f82-9184-d0cf90421fa3,alternative/indie rock
354,5e87a560-e5e6-4f82-9184-d0cf90421fa3,alternative rock
355,5ed1ee67-9875-441d-b233-b5521714b17f,gangsta rap
355,5ed1ee67-9875-441d-b233-b5521714b17f,hip hop
355,5ed1ee67-9875-441d-b233-b5521714b17f,pop rap
355,5ed1ee67-9875-441d-b233-b5521714b17f,southern hip hop
355,5ed1ee67-9875-441d-b233-b5521714b17f,hip hop
355,5ed1ee67-9875-441d-b233-b5521714b17f,hardcore hip hop
355,5ed1ee67-9875-441d-b233-b5521714b17f,trap
355,5ed1ee67-9875-441d-b233-b5521714b17f,gangsta rap
355,5ed1ee67-9875-441d-b233-b5521714b17f,west coast hip hop
355,5ed1ee67-9875-441d-b233-b5521714b17f,trap
355,5ed1ee67-9875-441d-b233-b5521714b17f,mumble rap
356,5f11046d-d335-4273-9c0f-6a091d84c778,metalcore
356,5f11046d-d335-4273-9c0f-6a091d84c778,metal
356,5f11046d-d335-4273-9c0f-6a091d84c778,alternative metal
356,5f11046d-d335-4273-9c0f-6a091d84c778,rock and indie
356,5f11046d-d335-4273-9c0f-6a091d84c778,djent
357,5f3e95c1-acea-41d2-9df0-2fc9dfc95722,rap
357,5f3e95c1-acea-41d2-9df0-2fc9dfc95722,hip hop
357,5f3e95c1-acea-41d2-9df0-2fc9dfc95722,pop rap
357,5f3e95c1-acea-41d2-9df0-2fc9dfc95722,rap musicians
357,5f3e95c1-acea-41d2-9df0-2fc9dfc95722,rap
357,5f3e95c1-acea-41d2-9df0-2fc9dfc95722,trap
357,5f3e95c1-acea-41d2-9df0-2fc9dfc95722,trap
357,5f3e95c1-acea-41d2-9df0-2fc9dfc95722,rap
357,5f3e95c1-acea-41d2-9df0-2fc9dfc95722,hip hop
357,5f3e95c1-acea-41d2-9df0-2fc9dfc95722,southern hip hop
357,5f3e95c1-acea-41d2-9df0-2fc9dfc95722,mumble rap
357,5f3e95c1-acea-41d2-9df0-2fc9dfc95722,experimental hip hop
357,5f3e95c1-acea-41d2-9df0-2fc9dfc95722,southern hip hop
357,5f3e95c1-acea-41d2-9df0-2fc9dfc95722,hip hop
357,5f3e95c1-acea-41d2-9df0-2fc9dfc95722,english
357,5f3e95c1-acea-41d2-9df0-2fc9dfc95722,progressive rap
358,5fb534a4-11a6-4a8d-bafc-431d0bb8de69,trap
358,5fb534a4-11a6-4a8d-bafc-431d0bb8de69,rap
358,5fb534a4-11a6-4a8d-bafc-431d0bb8de69,southern hip hop
358,5fb534a4-11a6-4a8d-bafc-431d0bb8de69,pop rap
358,5fb534a4-11a6-4a8d-bafc-431d0bb8de69,hip hop
358,5fb534a4-11a6-4a8d-bafc-431d0bb8de69,english
358,5fb534a4-11a6-4a8d-bafc-431d0bb8de69,experimental hip hop
359,5fef3c38-3750-48fd-8b82-b305fd52b299,country
360,60dc45f3-f164-4a82-8631-b1ebd4c46df3,pop rap
360,60dc45f3-f164-4a82-8631-b1ebd4c46df3,future bass
360,60dc45f3-f164-4a82-8631-b1ebd4c46df3,hardcore hip hop
360,60dc45f3-f164-4a82-8631-b1ebd4c46df3,experimental hip hop
360,60dc45f3-f164-4a82-8631-b1ebd4c46df3,contemporary r&b
360,60dc45f3-f164-4a82-8631-b1ebd4c46df3,conscious hip hop
360,60dc45f3-f164-4a82-8631-b1ebd4c46df3,hip hop
360,60dc45f3-f164-4a82-8631-b1ebd4c46df3,alternative hip hop
360,60dc45f3-f164-4a82-8631-b1ebd4c46df3,southern rap
360,60dc45f3-f164-4a82-8631-b1ebd4c46df3,left-field rap
360,60dc45f3-f164-4a82-8631-b1ebd4c46df3,southern hip-hop
360,60dc45f3-f164-4a82-8631-b1ebd4c46df3,alternative r&b
360,60dc45f3-f164-4a82-8631-b1ebd4c46df3,underground hip hop
360,60dc45f3-f164-4a82-8631-b1ebd4c46df3,contemporary rap
360,60dc45f3-f164-4a82-8631-b1ebd4c46df3,trap
360,60dc45f3-f164-4a82-8631-b1ebd4c46df3,house
361,61009258-d2e8-46d0-9f80-758d30d25236,hip hop
361,61009258-d2e8-46d0-9f80-758d30d25236,hip hop
361,61009258-d2e8-46d0-9f80-758d30d25236,rap
361,61009258-d2e8-46d0-9f80-758d30d25236,english
361,61009258-d2e8-46d0-9f80-758d30d25236,rap
361,61009258-d2e8-46d0-9f80-758d30d25236,trap
361,61009258-d2e8-46d0-9f80-758d30d25236,southern hip hop
361,61009258-d2e8-46d0-9f80-758d30d25236,2020s
362,61378808-4033-416b-8f78-9adc1cf44540,2020s
362,61378808-4033-416b-8f78-9adc1cf44540,country pop
362,61378808-4033-416b-8f78-9adc1cf44540,country
363,6141993f-bf86-421e-9959-5410ecfafc99,cloud rap
363,6141993f-bf86-421e-9959-5410ecfafc99,trap
363,6141993f-bf86-421e-9959-5410ecfafc99,hardcore hip hop
363,6141993f-bf86-421e-9959-5410ecfafc99,southern hip hop
363,6141993f-bf86-421e-9959-5410ecfafc99,trap
363,6141993f-bf86-421e-9959-5410ecfafc99,hip hop
363,6141993f-bf86-421e-9959-5410ecfafc99,hip hop
363,6141993f-bf86-421e-9959-5410ecfafc99,experimental hip hop
363,6141993f-bf86-421e-9959-5410ecfafc99,pop rap
363,6141993f-bf86-421e-9959-5410ecfafc99,east coast hip hop
364,614a2954-9e34-42d4-8da1-535e0f41c7ae,progressive rock
364,614a2954-9e34-42d4-8da1-535e0f41c7ae,pop punk
364,614a2954-9e34-42d4-8da1-535e0f41c7ae,alternative rock
365,61ac017d-7acc-4b8d-88c1-539c7b0b10f7,
366,62081552-e33d-48b8-bbeb-81faeed464ba,alternative electronic
366,62081552-e33d-48b8-bbeb-81faeed464ba,hip hop
366,62081552-e33d-48b8-bbeb-81faeed464ba,alternative rap
366,62081552-e33d-48b8-bbeb-81faeed464ba,rap
366,62081552-e33d-48b8-bbeb-81faeed464ba,alternative rock
366,62081552-e33d-48b8-bbeb-81faeed464ba,indietronica
366,62081552-e33d-48b8-bbeb-81faeed464ba,indie pop
366,62081552-e33d-48b8-bbeb-81faeed464ba,piano rock
366,62081552-e33d-48b8-bbeb-81faeed464ba,pop rap
366,62081552-e33d-48b8-bbeb-81faeed464ba,alternative pop
366,62081552-e33d-48b8-bbeb-81faeed464ba,columbus [oh]
366,62081552-e33d-48b8-bbeb-81faeed464ba,electropop
366,62081552-e33d-48b8-bbeb-81faeed464ba,rock
366,62081552-e33d-48b8-bbeb-81faeed464ba,indie
366,62081552-e33d-48b8-bbeb-81faeed464ba,alternative hip hop
367,6297be40-7cc6-4d2f-acc8-3f67715d7f92,top 10
367,6297be40-7cc6-4d2f-acc8-3f67715d7f92,sxsw
367,6297be40-7cc6-4d2f-acc8-3f67715d7f92,southern hip hop
367,6297be40-7cc6-4d2f-acc8-3f67715d7f92,alternative r&b
367,6297be40-7cc6-4d2f-acc8-3f67715d7f92,pop
367,6297be40-7cc6-4d2f-acc8-3f67715d7f92,trap rap
367,6297be40-7cc6-4d2f-acc8-3f67715d7f92,contemporary r&b
367,6297be40-7cc6-4d2f-acc8-3f67715d7f92,r&b
367,6297be40-7cc6-4d2f-acc8-3f67715d7f92,pop rap
367,6297be40-7cc6-4d2f-acc8-3f67715d7f92,trap
367,6297be40-7cc6-4d2f-acc8-3f67715d7f92,hip hop
367,6297be40-7cc6-4d2f-acc8-3f67715d7f92,hip hop
367,6297be40-7cc6-4d2f-acc8-3f67715d7f92,hardcore hip hop
367,6297be40-7cc6-4d2f-acc8-3f67715d7f92,hip-hop
367,6297be40-7cc6-4d2f-acc8-3f67715d7f92,top 100
367,6297be40-7cc6-4d2f-acc8-3f67715d7f92,rap
367,6297be40-7cc6-4d2f-acc8-3f67715d7f92,top 5
367,6297be40-7cc6-4d2f-acc8-3f67715d7f92,trap
367,6297be40-7cc6-4d2f-acc8-3f67715d7f92,pop rap
367,6297be40-7cc6-4d2f-acc8-3f67715d7f92,mumble rap
367,6297be40-7cc6-4d2f-acc8-3f67715d7f92,southern hip hop
367,6297be40-7cc6-4d2f-acc8-3f67715d7f92,gangsta rap
368,62fc2f9d-76c3-46cd-813d-b20ab1fae630,
369,633b8e86-b52c-499e-ab33-74e79c2c3c57,indie rock
370,639da52f-d42c-431f-9a4c-6cc4f589754d,hardcore hip hop
370,639da52f-d42c-431f-9a4c-6cc4f589754d,jazz
370,639da52f-d42c-431f-9a4c-6cc4f589754d,progressive rap
370,639da52f-d42c-431f-9a4c-6cc4f589754d,disco
370,639da52f-d42c-431f-9a4c-6cc4f589754d,dance
370,639da52f-d42c-431f-9a4c-6cc4f589754d,house
370,639da52f-d42c-431f-9a4c-6cc4f589754d,future bass
370,639da52f-d42c-431f-9a4c-6cc4f589754d,contemporary rap
370,639da52f-d42c-431f-9a4c-6cc4f589754d,conscious rapper
370,639da52f-d42c-431f-9a4c-6cc4f589754d,2010s
370,639da52f-d42c-431f-9a4c-6cc4f589754d,2020s
370,639da52f-d42c-431f-9a4c-6cc4f589754d,pop
370,639da52f-d42c-431f-9a4c-6cc4f589754d,trap
370,639da52f-d42c-431f-9a4c-6cc4f589754d,gangsta rap
370,639da52f-d42c-431f-9a4c-6cc4f589754d,alternative hip hop
370,639da52f-d42c-431f-9a4c-6cc4f589754d,jazz rap
370,639da52f-d42c-431f-9a4c-6cc4f589754d,conscious hip hop
370,639da52f-d42c-431f-9a4c-6cc4f589754d,pop rap
370,639da52f-d42c-431f-9a4c-6cc4f589754d,r&b
370,639da52f-d42c-431f-9a4c-6cc4f589754d,rap
370,639da52f-d42c-431f-9a4c-6cc4f589754d,west coast hip hop
370,639da52f-d42c-431f-9a4c-6cc4f589754d,hip hop
371,63bd200f-f320-40af-87aa-c598df8e5526,hard rock
371,63bd200f-f320-40af-87aa-c598df8e5526,gothic country
371,63bd200f-f320-40af-87aa-c598df8e5526,blues rock
371,63bd200f-f320-40af-87aa-c598df8e5526,rock
372,63e50a8d-eb5c-4f02-9f1c-3cc0342e0f74,post-hardcore
372,63e50a8d-eb5c-4f02-9f1c-3cc0342e0f74,progressive metalcore
372,63e50a8d-eb5c-4f02-9f1c-3cc0342e0f74,metalcore
372,63e50a8d-eb5c-4f02-9f1c-3cc0342e0f74,progressive metal
372,63e50a8d-eb5c-4f02-9f1c-3cc0342e0f74,djent
372,63e50a8d-eb5c-4f02-9f1c-3cc0342e0f74,technical metalcore
372,63e50a8d-eb5c-4f02-9f1c-3cc0342e0f74,melodic metalcore
373,63f4c7ca-eb1b-4a13-8050-a0a6a1a55f9a,swancore
374,64cdc929-faf4-4ff8-ad33-1bfeee3db291,gangsta rap
374,64cdc929-faf4-4ff8-ad33-1bfeee3db291,trap
374,64cdc929-faf4-4ff8-ad33-1bfeee3db291,southern hip hop
374,64cdc929-faf4-4ff8-ad33-1bfeee3db291,hip hop
375,64cde045-5d03-47bc-8d9e-9789dbefc7e3,alternative rock
375,64cde045-5d03-47bc-8d9e-9789dbefc7e3,electronic
375,64cde045-5d03-47bc-8d9e-9789dbefc7e3,screamo
375,64cde045-5d03-47bc-8d9e-9789dbefc7e3,drum and bass
375,64cde045-5d03-47bc-8d9e-9789dbefc7e3,house
375,64cde045-5d03-47bc-8d9e-9789dbefc7e3,rock
375,64cde045-5d03-47bc-8d9e-9789dbefc7e3,hard rock
375,64cde045-5d03-47bc-8d9e-9789dbefc7e3,alternative/indie rock
375,64cde045-5d03-47bc-8d9e-9789dbefc7e3,pop
375,64cde045-5d03-47bc-8d9e-9789dbefc7e3,heavy metal
375,64cde045-5d03-47bc-8d9e-9789dbefc7e3,nu metal
375,64cde045-5d03-47bc-8d9e-9789dbefc7e3,psychedelic rock
375,64cde045-5d03-47bc-8d9e-9789dbefc7e3,emo
375,64cde045-5d03-47bc-8d9e-9789dbefc7e3,melodic metalcore
375,64cde045-5d03-47bc-8d9e-9789dbefc7e3,electronic rock
375,64cde045-5d03-47bc-8d9e-9789dbefc7e3,post-hardcore
375,64cde045-5d03-47bc-8d9e-9789dbefc7e3,metalcore
375,64cde045-5d03-47bc-8d9e-9789dbefc7e3,deathcore
375,64cde045-5d03-47bc-8d9e-9789dbefc7e3,pop rock
375,64cde045-5d03-47bc-8d9e-9789dbefc7e3,alternative metal
376,652aaeaa-70dd-4870-9b1a-255d935445ab,hip hop
376,652aaeaa-70dd-4870-9b1a-255d935445ab,southern hip hop
377,65bb5ce9-6ff9-4385-b0f1-ece6366853b5,alternative rock
377,65bb5ce9-6ff9-4385-b0f1-ece6366853b5,mainstream rock
377,65bb5ce9-6ff9-4385-b0f1-ece6366853b5,power pop
377,65bb5ce9-6ff9-4385-b0f1-ece6366853b5,alternative pop
377,65bb5ce9-6ff9-4385-b0f1-ece6366853b5,rock
377,65bb5ce9-6ff9-4385-b0f1-ece6366853b5,pop rock
377,65bb5ce9-6ff9-4385-b0f1-ece6366853b5,nerd music
377,65bb5ce9-6ff9-4385-b0f1-ece6366853b5,garage rock
377,65bb5ce9-6ff9-4385-b0f1-ece6366853b5,alternative
377,65bb5ce9-6ff9-4385-b0f1-ece6366853b5,geek rock
377,65bb5ce9-6ff9-4385-b0f1-ece6366853b5,pop punk
377,65bb5ce9-6ff9-4385-b0f1-ece6366853b5,pop
377,65bb5ce9-6ff9-4385-b0f1-ece6366853b5,alternative/indie rock
377,65bb5ce9-6ff9-4385-b0f1-ece6366853b5,emo
377,65bb5ce9-6ff9-4385-b0f1-ece6366853b5,indie rock
378,6614583d-dee9-4849-a3b3-c8768ca47a2a,post-metalcore
378,6614583d-dee9-4849-a3b3-c8768ca47a2a,post-hardcore
378,6614583d-dee9-4849-a3b3-c8768ca47a2a,metalcore
378,6614583d-dee9-4849-a3b3-c8768ca47a2a,metal
379,66166291-80a5-41f0-988c-1548ec976cf1,nu metal
379,66166291-80a5-41f0-988c-1548ec976cf1,thrash metal
379,66166291-80a5-41f0-988c-1548ec976cf1,alternative metal
379,66166291-80a5-41f0-988c-1548ec976cf1,metalcore
380,665126ab-7df7-48ea-96ce-346576393ae0,tumblr
380,665126ab-7df7-48ea-96ce-346576393ae0,alternative rock
380,665126ab-7df7-48ea-96ce-346576393ae0,indie pop
381,66adcb12-68a5-4922-81f8-0aca64e01588,experimental rock
381,66adcb12-68a5-4922-81f8-0aca64e01588,millennial
381,66adcb12-68a5-4922-81f8-0aca64e01588,rock
381,66adcb12-68a5-4922-81f8-0aca64e01588,scene
381,66adcb12-68a5-4922-81f8-0aca64e01588,pop punk
381,66adcb12-68a5-4922-81f8-0aca64e01588,progressive rock
381,66adcb12-68a5-4922-81f8-0aca64e01588,post-hardcore
381,66adcb12-68a5-4922-81f8-0aca64e01588,pop
381,66adcb12-68a5-4922-81f8-0aca64e01588,pop screamo
381,66adcb12-68a5-4922-81f8-0aca64e01588,alternative
381,66adcb12-68a5-4922-81f8-0aca64e01588,alternative/indie rock
381,66adcb12-68a5-4922-81f8-0aca64e01588,easycore
381,66adcb12-68a5-4922-81f8-0aca64e01588,screamo
381,66adcb12-68a5-4922-81f8-0aca64e01588,emo
381,66adcb12-68a5-4922-81f8-0aca64e01588,pop rock
381,66adcb12-68a5-4922-81f8-0aca64e01588,hardcore punk
381,66adcb12-68a5-4922-81f8-0aca64e01588,melodic hardcore
381,66adcb12-68a5-4922-81f8-0aca64e01588,alternative rock
382,66cd743a-df31-4627-a8ef-4df5721d55ef,southern hip hop
382,66cd743a-df31-4627-a8ef-4df5721d55ef,gangsta rap
382,66cd743a-df31-4627-a8ef-4df5721d55ef,hip hop
382,66cd743a-df31-4627-a8ef-4df5721d55ef,southern hip hop
382,66cd743a-df31-4627-a8ef-4df5721d55ef,pop rap
382,66cd743a-df31-4627-a8ef-4df5721d55ef,trap
382,66cd743a-df31-4627-a8ef-4df5721d55ef,hip hop
382,66cd743a-df31-4627-a8ef-4df5721d55ef,trap
382,66cd743a-df31-4627-a8ef-4df5721d55ef,rap
382,66cd743a-df31-4627-a8ef-4df5721d55ef,mumble rap
382,66cd743a-df31-4627-a8ef-4df5721d55ef,experimental hip hop
382,66cd743a-df31-4627-a8ef-4df5721d55ef,trap
382,66cd743a-df31-4627-a8ef-4df5721d55ef,hip hop
382,66cd743a-df31-4627-a8ef-4df5721d55ef,pop rap
382,66cd743a-df31-4627-a8ef-4df5721d55ef,southern hip hop
382,66cd743a-df31-4627-a8ef-4df5721d55ef,english
382,66cd743a-df31-4627-a8ef-4df5721d55ef,trap
382,66cd743a-df31-4627-a8ef-4df5721d55ef,hip hop
383,6759a63e-67cf-469b-8998-973051b2c875,nuno
383,6759a63e-67cf-469b-8998-973051b2c875,neo soul
383,6759a63e-67cf-469b-8998-973051b2c875,r&b
383,6759a63e-67cf-469b-8998-973051b2c875,contemporary r&b
383,6759a63e-67cf-469b-8998-973051b2c875,hip hop
384,6769ead0-b1a2-4573-aa07-1ffde349dd6f,top 5
384,6769ead0-b1a2-4573-aa07-1ffde349dd6f,alternative r&b
384,6769ead0-b1a2-4573-aa07-1ffde349dd6f,pop
384,6769ead0-b1a2-4573-aa07-1ffde349dd6f,r&b
384,6769ead0-b1a2-4573-aa07-1ffde349dd6f,hip hop
384,6769ead0-b1a2-4573-aa07-1ffde349dd6f,top 10
384,6769ead0-b1a2-4573-aa07-1ffde349dd6f,trap
384,6769ead0-b1a2-4573-aa07-1ffde349dd6f,trap rap
384,6769ead0-b1a2-4573-aa07-1ffde349dd6f,contemporary r&b
384,6769ead0-b1a2-4573-aa07-1ffde349dd6f,hardcore hip hop
384,6769ead0-b1a2-4573-aa07-1ffde349dd6f,pop rap
384,6769ead0-b1a2-4573-aa07-1ffde349dd6f,top 100
384,6769ead0-b1a2-4573-aa07-1ffde349dd6f,rap
384,6769ead0-b1a2-4573-aa07-1ffde349dd6f,southern hip hop
384,6769ead0-b1a2-4573-aa07-1ffde349dd6f,hip-hop
384,6769ead0-b1a2-4573-aa07-1ffde349dd6f,sxsw
385,67ebd45d-2749-4081-9991-fb5c56f0cf8f,melodic metalcore
385,67ebd45d-2749-4081-9991-fb5c56f0cf8f,metalcore
385,67ebd45d-2749-4081-9991-fb5c56f0cf8f,industrial metal
385,67ebd45d-2749-4081-9991-fb5c56f0cf8f,alternative metal
385,67ebd45d-2749-4081-9991-fb5c56f0cf8f,metal
385,67ebd45d-2749-4081-9991-fb5c56f0cf8f,hard rock
385,67ebd45d-2749-4081-9991-fb5c56f0cf8f,heavy metal
385,67ebd45d-2749-4081-9991-fb5c56f0cf8f,gothic rock
385,67ebd45d-2749-4081-9991-fb5c56f0cf8f,industrial rock
385,67ebd45d-2749-4081-9991-fb5c56f0cf8f,nu metal
385,67ebd45d-2749-4081-9991-fb5c56f0cf8f,gothic metal
386,6849bf63-6cd2-4918-833a-9b71984ea379,
387,68848fb5-1eaa-4072-b7ae-a2ab09104d0b,alternative metal
387,68848fb5-1eaa-4072-b7ae-a2ab09104d0b,djent
387,68848fb5-1eaa-4072-b7ae-a2ab09104d0b,alternative pop
387,68848fb5-1eaa-4072-b7ae-a2ab09104d0b,alternative r&b
387,68848fb5-1eaa-4072-b7ae-a2ab09104d0b,progressive rock
387,68848fb5-1eaa-4072-b7ae-a2ab09104d0b,art pop
387,68848fb5-1eaa-4072-b7ae-a2ab09104d0b,progressive metal
388,6931b3f6-f061-47e9-be15-9fde21714fe4,trap
388,6931b3f6-f061-47e9-be15-9fde21714fe4,emo rap
388,6931b3f6-f061-47e9-be15-9fde21714fe4,west coast hip hop
388,6931b3f6-f061-47e9-be15-9fde21714fe4,cloud rap
389,69576cac-44de-47a8-bc94-047fc1be2aeb,experimental rock
389,69576cac-44de-47a8-bc94-047fc1be2aeb,post-hardcore
390,69718c36-9056-44b0-b97c-58c389a1e568,pop rock
390,69718c36-9056-44b0-b97c-58c389a1e568,emo
390,69718c36-9056-44b0-b97c-58c389a1e568,group turned solo project
390,69718c36-9056-44b0-b97c-58c389a1e568,baroque pop
390,69718c36-9056-44b0-b97c-58c389a1e568,emo pop
390,69718c36-9056-44b0-b97c-58c389a1e568,rock
390,69718c36-9056-44b0-b97c-58c389a1e568,alternative rock
390,69718c36-9056-44b0-b97c-58c389a1e568,power pop
390,69718c36-9056-44b0-b97c-58c389a1e568,pop punk
390,69718c36-9056-44b0-b97c-58c389a1e568,chamber pop
390,69718c36-9056-44b0-b97c-58c389a1e568,electropop
391,69af97b4-3e71-43d6-9993-2c5a93092731,drum and bass
391,69af97b4-3e71-43d6-9993-2c5a93092731,rock
391,69af97b4-3e71-43d6-9993-2c5a93092731,screamo
391,69af97b4-3e71-43d6-9993-2c5a93092731,alternative rock
391,69af97b4-3e71-43d6-9993-2c5a93092731,heavy metal
391,69af97b4-3e71-43d6-9993-2c5a93092731,psychedelic rock
391,69af97b4-3e71-43d6-9993-2c5a93092731,deathcore
391,69af97b4-3e71-43d6-9993-2c5a93092731,alternative metal
391,69af97b4-3e71-43d6-9993-2c5a93092731,post-hardcore
391,69af97b4-3e71-43d6-9993-2c5a93092731,melodic metalcore
391,69af97b4-3e71-43d6-9993-2c5a93092731,emo
391,69af97b4-3e71-43d6-9993-2c5a93092731,hard rock
391,69af97b4-3e71-43d6-9993-2c5a93092731,pop
391,69af97b4-3e71-43d6-9993-2c5a93092731,metalcore
391,69af97b4-3e71-43d6-9993-2c5a93092731,electronic rock
391,69af97b4-3e71-43d6-9993-2c5a93092731,electronic
391,69af97b4-3e71-43d6-9993-2c5a93092731,pop rock
391,69af97b4-3e71-43d6-9993-2c5a93092731,alternative/indie rock
391,69af97b4-3e71-43d6-9993-2c5a93092731,house
391,69af97b4-3e71-43d6-9993-2c5a93092731,nu metal
392,6a00dc79-886a-4a66-9fa7-2a752b6c25d6,pop rock
392,6a00dc79-886a-4a66-9fa7-2a752b6c25d6,pop punk
392,6a00dc79-886a-4a66-9fa7-2a752b6c25d6,punk
393,6a5d2da9-ddc8-4d38-b202-8a44ad4f5611,pop
394,6a649da9-d322-42ec-9e4a-047b071099f2,screamo
394,6a649da9-d322-42ec-9e4a-047b071099f2,pop punk
394,6a649da9-d322-42ec-9e4a-047b071099f2,emo
394,6a649da9-d322-42ec-9e4a-047b071099f2,pop screamo
394,6a649da9-d322-42ec-9e4a-047b071099f2,alternative
394,6a649da9-d322-42ec-9e4a-047b071099f2,rock
394,6a649da9-d322-42ec-9e4a-047b071099f2,scene
394,6a649da9-d322-42ec-9e4a-047b071099f2,experimental rock
394,6a649da9-d322-42ec-9e4a-047b071099f2,post-hardcore
394,6a649da9-d322-42ec-9e4a-047b071099f2,melodic hardcore
394,6a649da9-d322-42ec-9e4a-047b071099f2,pop rock
394,6a649da9-d322-42ec-9e4a-047b071099f2,hardcore punk
394,6a649da9-d322-42ec-9e4a-047b071099f2,progressive rock
394,6a649da9-d322-42ec-9e4a-047b071099f2,alternative/indie rock
394,6a649da9-d322-42ec-9e4a-047b071099f2,easycore
394,6a649da9-d322-42ec-9e4a-047b071099f2,pop
394,6a649da9-d322-42ec-9e4a-047b071099f2,alternative rock
394,6a649da9-d322-42ec-9e4a-047b071099f2,millennial
395,6af9c583-f619-4ab5-9bc0-af5f97133482,detroit hip hop
395,6af9c583-f619-4ab5-9bc0-af5f97133482,r&b
395,6af9c583-f619-4ab5-9bc0-af5f97133482,pop rap
395,6af9c583-f619-4ab5-9bc0-af5f97133482,southern hip hop
395,6af9c583-f619-4ab5-9bc0-af5f97133482,rap
395,6af9c583-f619-4ab5-9bc0-af5f97133482,hip hop
395,6af9c583-f619-4ab5-9bc0-af5f97133482,trap
396,6b086e2b-df3b-4528-9764-4c4cad4fedbe,alternative
396,6b086e2b-df3b-4528-9764-4c4cad4fedbe,indie
397,6bd4f47e-3c19-4163-9cf6-173bbe975ccb,alternative rock
397,6bd4f47e-3c19-4163-9cf6-173bbe975ccb,emo pop
397,6bd4f47e-3c19-4163-9cf6-173bbe975ccb,metalcore
397,6bd4f47e-3c19-4163-9cf6-173bbe975ccb,post-hardcore
397,6bd4f47e-3c19-4163-9cf6-173bbe975ccb,acoustic
397,6bd4f47e-3c19-4163-9cf6-173bbe975ccb,pop screamo
397,6bd4f47e-3c19-4163-9cf6-173bbe975ccb,pop punk
398,6bf4c816-4252-4620-bffe-95cc6bb10023,hip hop
398,6bf4c816-4252-4620-bffe-95cc6bb10023,english
398,6bf4c816-4252-4620-bffe-95cc6bb10023,pop rap
398,6bf4c816-4252-4620-bffe-95cc6bb10023,rap
399,6c673cc0-fa66-4a2b-b379-8dcee437ea19,pop rap
399,6c673cc0-fa66-4a2b-b379-8dcee437ea19,country
399,6c673cc0-fa66-4a2b-b379-8dcee437ea19,2020s
399,6c673cc0-fa66-4a2b-b379-8dcee437ea19,country pop
399,6c673cc0-fa66-4a2b-b379-8dcee437ea19,drill
399,6c673cc0-fa66-4a2b-b379-8dcee437ea19,trap
399,6c673cc0-fa66-4a2b-b379-8dcee437ea19,chicago drill
399,6c673cc0-fa66-4a2b-b379-8dcee437ea19,top 100
399,6c673cc0-fa66-4a2b-b379-8dcee437ea19,english
399,6c673cc0-fa66-4a2b-b379-8dcee437ea19,rap
399,6c673cc0-fa66-4a2b-b379-8dcee437ea19,hip hop
399,6c673cc0-fa66-4a2b-b379-8dcee437ea19,austin city limits
399,6c673cc0-fa66-4a2b-b379-8dcee437ea19,sxsw
399,6c673cc0-fa66-4a2b-b379-8dcee437ea19,god
400,6ca13c6b-0874-46f7-a938-d8a16c8e7b57,nu metal
400,6ca13c6b-0874-46f7-a938-d8a16c8e7b57,rock
400,6ca13c6b-0874-46f7-a938-d8a16c8e7b57,alternative metal
400,6ca13c6b-0874-46f7-a938-d8a16c8e7b57,hard rock
401,6cd38dad-148f-4381-9cf4-b75f496238c6,pop rap
401,6cd38dad-148f-4381-9cf4-b75f496238c6,pop rap
401,6cd38dad-148f-4381-9cf4-b75f496238c6,alternative r&b
401,6cd38dad-148f-4381-9cf4-b75f496238c6,hip hop
401,6cd38dad-148f-4381-9cf4-b75f496238c6,rap
401,6cd38dad-148f-4381-9cf4-b75f496238c6,english
401,6cd38dad-148f-4381-9cf4-b75f496238c6,pop punk
401,6cd38dad-148f-4381-9cf4-b75f496238c6,hip hop
401,6cd38dad-148f-4381-9cf4-b75f496238c6,rap rock
401,6cd38dad-148f-4381-9cf4-b75f496238c6,english
402,6d05c772-f89c-4a61-aa2e-41dd79c62f44,country
402,6d05c772-f89c-4a61-aa2e-41dd79c62f44,contemporary country
403,6d5175cc-573b-4c29-9054-91604c6d8834,post-hardcore
403,6d5175cc-573b-4c29-9054-91604c6d8834,metalcore
403,6d5175cc-573b-4c29-9054-91604c6d8834,hardcore
403,6d5175cc-573b-4c29-9054-91604c6d8834,metal
404,6d74686a-8ae7-4b2b-910e-b0ded32dc83f,contemporary r&b
404,6d74686a-8ae7-4b2b-910e-b0ded32dc83f,cloud rap
404,6d74686a-8ae7-4b2b-910e-b0ded32dc83f,english
404,6d74686a-8ae7-4b2b-910e-b0ded32dc83f,pop rap
404,6d74686a-8ae7-4b2b-910e-b0ded32dc83f,country
404,6d74686a-8ae7-4b2b-910e-b0ded32dc83f,2020s
404,6d74686a-8ae7-4b2b-910e-b0ded32dc83f,r&b
404,6d74686a-8ae7-4b2b-910e-b0ded32dc83f,hip hop
404,6d74686a-8ae7-4b2b-910e-b0ded32dc83f,trap
404,6d74686a-8ae7-4b2b-910e-b0ded32dc83f,alternative r&b
404,6d74686a-8ae7-4b2b-910e-b0ded32dc83f,2010s
405,6d75e581-54a5-4e7c-a22c-8a31c274406c,english
405,6d75e581-54a5-4e7c-a22c-8a31c274406c,2020s
405,6d75e581-54a5-4e7c-a22c-8a31c274406c,cloud rap
405,6d75e581-54a5-4e7c-a22c-8a31c274406c,trap
405,6d75e581-54a5-4e7c-a22c-8a31c274406c,alternative r&b
405,6d75e581-54a5-4e7c-a22c-8a31c274406c,2010s
405,6d75e581-54a5-4e7c-a22c-8a31c274406c,contemporary r&b
405,6d75e581-54a5-4e7c-a22c-8a31c274406c,r&b
405,6d75e581-54a5-4e7c-a22c-8a31c274406c,pop rap
405,6d75e581-54a5-4e7c-a22c-8a31c274406c,country
405,6d75e581-54a5-4e7c-a22c-8a31c274406c,hip hop
406,6d90a88f-a176-48b1-9f03-fbe659afbabb,melodic metalcore
406,6d90a88f-a176-48b1-9f03-fbe659afbabb,post-hardcore
406,6d90a88f-a176-48b1-9f03-fbe659afbabb,metalcore
406,6d90a88f-a176-48b1-9f03-fbe659afbabb,hardcore
407,6e49561b-e782-4745-9e0c-19ffb5078cb2,indie rock
407,6e49561b-e782-4745-9e0c-19ffb5078cb2,alternative metal
407,6e49561b-e782-4745-9e0c-19ffb5078cb2,rock
407,6e49561b-e782-4745-9e0c-19ffb5078cb2,alternative rock
407,6e49561b-e782-4745-9e0c-19ffb5078cb2,post-hardcore
407,6e49561b-e782-4745-9e0c-19ffb5078cb2,alternative pop
407,6e49561b-e782-4745-9e0c-19ffb5078cb2,pop punk
408,6e83000c-9182-455c-8951-1f596c46b3b8,metalcore
408,6e83000c-9182-455c-8951-1f596c46b3b8,alternative rock
408,6e83000c-9182-455c-8951-1f596c46b3b8,post-hardcore
409,6ed6b0b4-4572-4255-9318-7ba66deb6571,hip hop
409,6ed6b0b4-4572-4255-9318-7ba66deb6571,southern hip hop
409,6ed6b0b4-4572-4255-9318-7ba66deb6571,trap
410,6ef74c82-74ce-4866-940c-07d25c8b9342,alternative rock
410,6ef74c82-74ce-4866-940c-07d25c8b9342,melodic hardcore
410,6ef74c82-74ce-4866-940c-07d25c8b9342,pop
410,6ef74c82-74ce-4866-940c-07d25c8b9342,alternative
410,6ef74c82-74ce-4866-940c-07d25c8b9342,experimental rock
410,6ef74c82-74ce-4866-940c-07d25c8b9342,hardcore punk
410,6ef74c82-74ce-4866-940c-07d25c8b9342,alternative/indie rock
410,6ef74c82-74ce-4866-940c-07d25c8b9342,screamo
410,6ef74c82-74ce-4866-940c-07d25c8b9342,pop screamo
410,6ef74c82-74ce-4866-940c-07d25c8b9342,scene
410,6ef74c82-74ce-4866-940c-07d25c8b9342,emo
410,6ef74c82-74ce-4866-940c-07d25c8b9342,rock
410,6ef74c82-74ce-4866-940c-07d25c8b9342,pop rock
410,6ef74c82-74ce-4866-940c-07d25c8b9342,millennial
410,6ef74c82-74ce-4866-940c-07d25c8b9342,progressive rock
410,6ef74c82-74ce-4866-940c-07d25c8b9342,post-hardcore
410,6ef74c82-74ce-4866-940c-07d25c8b9342,easycore
410,6ef74c82-74ce-4866-940c-07d25c8b9342,pop punk
411,703cf7a6-1b71-4638-b24d-3a7e93677ff1,rock
412,7043ae76-cb1c-4237-a87b-24bd8244985b,southern hip-hop
412,7043ae76-cb1c-4237-a87b-24bd8244985b,southern rap
412,7043ae76-cb1c-4237-a87b-24bd8244985b,left-field rap
412,7043ae76-cb1c-4237-a87b-24bd8244985b,hip hop
412,7043ae76-cb1c-4237-a87b-24bd8244985b,alternative hip hop
412,7043ae76-cb1c-4237-a87b-24bd8244985b,hardcore hip hop
412,7043ae76-cb1c-4237-a87b-24bd8244985b,trap
412,7043ae76-cb1c-4237-a87b-24bd8244985b,alternative r&b
412,7043ae76-cb1c-4237-a87b-24bd8244985b,underground hip hop
412,7043ae76-cb1c-4237-a87b-24bd8244985b,conscious hip hop
412,7043ae76-cb1c-4237-a87b-24bd8244985b,contemporary r&b
412,7043ae76-cb1c-4237-a87b-24bd8244985b,experimental hip hop
412,7043ae76-cb1c-4237-a87b-24bd8244985b,contemporary rap
412,7043ae76-cb1c-4237-a87b-24bd8244985b,future bass
412,7043ae76-cb1c-4237-a87b-24bd8244985b,pop rap
412,7043ae76-cb1c-4237-a87b-24bd8244985b,house
413,7046d1dc-3d00-41fb-b5f2-e0ff17e25d54,hip hop
413,7046d1dc-3d00-41fb-b5f2-e0ff17e25d54,canadian
413,7046d1dc-3d00-41fb-b5f2-e0ff17e25d54,rap
413,7046d1dc-3d00-41fb-b5f2-e0ff17e25d54,life
413,7046d1dc-3d00-41fb-b5f2-e0ff17e25d54,jutes
413,7046d1dc-3d00-41fb-b5f2-e0ff17e25d54,chode
413,7046d1dc-3d00-41fb-b5f2-e0ff17e25d54,pop rap
414,7072ec63-fdf0-4b2d-aac0-2a705a34ef0a,heavy metal
414,7072ec63-fdf0-4b2d-aac0-2a705a34ef0a,drum and bass
414,7072ec63-fdf0-4b2d-aac0-2a705a34ef0a,rock
414,7072ec63-fdf0-4b2d-aac0-2a705a34ef0a,alternative rock
414,7072ec63-fdf0-4b2d-aac0-2a705a34ef0a,house
414,7072ec63-fdf0-4b2d-aac0-2a705a34ef0a,pop
414,7072ec63-fdf0-4b2d-aac0-2a705a34ef0a,screamo
414,7072ec63-fdf0-4b2d-aac0-2a705a34ef0a,electronic
414,7072ec63-fdf0-4b2d-aac0-2a705a34ef0a,nu metal
414,7072ec63-fdf0-4b2d-aac0-2a705a34ef0a,emo
414,7072ec63-fdf0-4b2d-aac0-2a705a34ef0a,alternative/indie rock
414,7072ec63-fdf0-4b2d-aac0-2a705a34ef0a,melodic metalcore
414,7072ec63-fdf0-4b2d-aac0-2a705a34ef0a,electronic rock
414,7072ec63-fdf0-4b2d-aac0-2a705a34ef0a,deathcore
414,7072ec63-fdf0-4b2d-aac0-2a705a34ef0a,post-hardcore
414,7072ec63-fdf0-4b2d-aac0-2a705a34ef0a,metalcore
414,7072ec63-fdf0-4b2d-aac0-2a705a34ef0a,pop rock
414,7072ec63-fdf0-4b2d-aac0-2a705a34ef0a,alternative metal
414,7072ec63-fdf0-4b2d-aac0-2a705a34ef0a,psychedelic rock
414,7072ec63-fdf0-4b2d-aac0-2a705a34ef0a,hard rock
415,70b25bff-ce3d-49c5-859f-70113d12e51a,country pop
415,70b25bff-ce3d-49c5-859f-70113d12e51a,2020s
415,70b25bff-ce3d-49c5-859f-70113d12e51a,country
416,70c06902-53c8-4de7-b38a-2725d8eed86b,
417,7132d445-e60e-4209-b12c-bbf0f0ed4b0d,heavy psych
417,7132d445-e60e-4209-b12c-bbf0f0ed4b0d,jam band
417,7132d445-e60e-4209-b12c-bbf0f0ed4b0d,blues rock
417,7132d445-e60e-4209-b12c-bbf0f0ed4b0d,hard rock
417,7132d445-e60e-4209-b12c-bbf0f0ed4b0d,classic rock
417,7132d445-e60e-4209-b12c-bbf0f0ed4b0d,psychedelic rock
417,7132d445-e60e-4209-b12c-bbf0f0ed4b0d,rock
418,71431e5d-938e-485f-883a-ddaf8c77c866,rock
418,71431e5d-938e-485f-883a-ddaf8c77c866,alternative/indie rock
418,71431e5d-938e-485f-883a-ddaf8c77c866,metalcore
418,71431e5d-938e-485f-883a-ddaf8c77c866,math rock
418,71431e5d-938e-485f-883a-ddaf8c77c866,experimental rock
418,71431e5d-938e-485f-883a-ddaf8c77c866,experimental
418,71431e5d-938e-485f-883a-ddaf8c77c866,post-hardcore
418,71431e5d-938e-485f-883a-ddaf8c77c866,swancore
418,71431e5d-938e-485f-883a-ddaf8c77c866,progressive rock
418,71431e5d-938e-485f-883a-ddaf8c77c866,hardcore
418,71431e5d-938e-485f-883a-ddaf8c77c866,screamo
418,71431e5d-938e-485f-883a-ddaf8c77c866,emocore
418,71431e5d-938e-485f-883a-ddaf8c77c866,emo
418,71431e5d-938e-485f-883a-ddaf8c77c866,pop
419,7164d3f9-adde-4c19-979f-a168129e6b36,metalcore
419,7164d3f9-adde-4c19-979f-a168129e6b36,metal
419,7164d3f9-adde-4c19-979f-a168129e6b36,post-hardcore
419,7164d3f9-adde-4c19-979f-a168129e6b36,post-metalcore
420,71cee15e-e570-434b-a01f-df9c86a29473,indie pop
420,71cee15e-e570-434b-a01f-df9c86a29473,tumblr
420,71cee15e-e570-434b-a01f-df9c86a29473,alternative rock
421,71fe6ddf-a3ec-45c6-b5be-1faf2eba9a73,trap
421,71fe6ddf-a3ec-45c6-b5be-1faf2eba9a73,southern hip hop
421,71fe6ddf-a3ec-45c6-b5be-1faf2eba9a73,rapper
421,71fe6ddf-a3ec-45c6-b5be-1faf2eba9a73,hip hop
422,7236e478-3052-41a5-b411-b181f5b899d3,nu metal
422,7236e478-3052-41a5-b411-b181f5b899d3,rock
422,7236e478-3052-41a5-b411-b181f5b899d3,alternative metal
422,7236e478-3052-41a5-b411-b181f5b899d3,hard rock
423,72395307-80da-4b52-8608-e598a149434e,rock
423,72395307-80da-4b52-8608-e598a149434e,post-grunge
423,72395307-80da-4b52-8608-e598a149434e,electropop
423,72395307-80da-4b52-8608-e598a149434e,pop rock
423,72395307-80da-4b52-8608-e598a149434e,funk rock
423,72395307-80da-4b52-8608-e598a149434e,hard rock
423,72395307-80da-4b52-8608-e598a149434e,alternative rock
424,725759e6-4ba8-46ea-95f7-c3f224de08f0,trap
424,725759e6-4ba8-46ea-95f7-c3f224de08f0,trap metal
424,725759e6-4ba8-46ea-95f7-c3f224de08f0,rap
424,725759e6-4ba8-46ea-95f7-c3f224de08f0,death by murder
424,725759e6-4ba8-46ea-95f7-c3f224de08f0,2010s
424,725759e6-4ba8-46ea-95f7-c3f224de08f0,gen z
424,725759e6-4ba8-46ea-95f7-c3f224de08f0,hip hop
424,725759e6-4ba8-46ea-95f7-c3f224de08f0,emo rap
425,7268c6c1-b5e8-4a36-84c1-c6d0919abd79,pop rock
425,7268c6c1-b5e8-4a36-84c1-c6d0919abd79,darkcore
425,7268c6c1-b5e8-4a36-84c1-c6d0919abd79,metal
425,7268c6c1-b5e8-4a36-84c1-c6d0919abd79,pop metal
425,7268c6c1-b5e8-4a36-84c1-c6d0919abd79,alternative pop
426,72c89ed9-7f92-4b8c-9ffc-e5315c31af18,progressive rock
426,72c89ed9-7f92-4b8c-9ffc-e5315c31af18,alternative r&b
426,72c89ed9-7f92-4b8c-9ffc-e5315c31af18,alternative metal
426,72c89ed9-7f92-4b8c-9ffc-e5315c31af18,progressive metal
426,72c89ed9-7f92-4b8c-9ffc-e5315c31af18,alternative pop
426,72c89ed9-7f92-4b8c-9ffc-e5315c31af18,djent
426,72c89ed9-7f92-4b8c-9ffc-e5315c31af18,art pop
427,72e4541f-8165-45a6-8983-85e52f2c6479,pop punk
427,72e4541f-8165-45a6-8983-85e52f2c6479,punk
427,72e4541f-8165-45a6-8983-85e52f2c6479,rock
427,72e4541f-8165-45a6-8983-85e52f2c6479,pop rock
428,73accbbc-eec3-40e1-9fa0-0add913e657f,west coast hip hop
428,73accbbc-eec3-40e1-9fa0-0add913e657f,hip hop
428,73accbbc-eec3-40e1-9fa0-0add913e657f,trap
429,73af60a3-6c6c-4434-849c-b72ebbe63805,metalcore
429,73af60a3-6c6c-4434-849c-b72ebbe63805,hard rock
430,73e1f9e2-852b-4845-a92d-f851042de67c,easycore
430,73e1f9e2-852b-4845-a92d-f851042de67c,screamo
430,73e1f9e2-852b-4845-a92d-f851042de67c,alternative/indie rock
430,73e1f9e2-852b-4845-a92d-f851042de67c,alternative
430,73e1f9e2-852b-4845-a92d-f851042de67c,pop screamo
430,73e1f9e2-852b-4845-a92d-f851042de67c,hardcore punk
430,73e1f9e2-852b-4845-a92d-f851042de67c,scene
430,73e1f9e2-852b-4845-a92d-f851042de67c,alternative rock
430,73e1f9e2-852b-4845-a92d-f851042de67c,rock
430,73e1f9e2-852b-4845-a92d-f851042de67c,experimental rock
430,73e1f9e2-852b-4845-a92d-f851042de67c,emo
430,73e1f9e2-852b-4845-a92d-f851042de67c,pop rock
430,73e1f9e2-852b-4845-a92d-f851042de67c,pop
430,73e1f9e2-852b-4845-a92d-f851042de67c,post-hardcore
430,73e1f9e2-852b-4845-a92d-f851042de67c,millennial
430,73e1f9e2-852b-4845-a92d-f851042de67c,progressive rock
430,73e1f9e2-852b-4845-a92d-f851042de67c,pop punk
430,73e1f9e2-852b-4845-a92d-f851042de67c,melodic hardcore
431,740b37cb-2f63-40eb-a00c-8107a770709c,
432,74c18cd0-3048-4897-9544-f40e22d3af6e,pop rock
432,74c18cd0-3048-4897-9544-f40e22d3af6e,alternative rock
432,74c18cd0-3048-4897-9544-f40e22d3af6e,folk pop
433,751c8acc-8c87-4350-bbab-8468ca48a473,country pop
433,751c8acc-8c87-4350-bbab-8468ca48a473,2020s
433,751c8acc-8c87-4350-bbab-8468ca48a473,country
434,754ec559-3aae-45d1-9c06-88428881df19,alternative metal
434,754ec559-3aae-45d1-9c06-88428881df19,nu metal
434,754ec559-3aae-45d1-9c06-88428881df19,hard rock
434,754ec559-3aae-45d1-9c06-88428881df19,rock
435,7569934f-9d44-481b-a2d4-f5f1ea91e428,pop
436,75e41957-1736-441a-8761-676b23ba6f5e,hardcore hip hop
436,75e41957-1736-441a-8761-676b23ba6f5e,hip hop
436,75e41957-1736-441a-8761-676b23ba6f5e,boom bap
436,75e41957-1736-441a-8761-676b23ba6f5e,jazz rap
436,75e41957-1736-441a-8761-676b23ba6f5e,conscious hip hop
436,75e41957-1736-441a-8761-676b23ba6f5e,east coast hip hop
437,7616d73a-d485-4852-abf6-6280f78b6c62,metal
437,7616d73a-d485-4852-abf6-6280f78b6c62,post-hardcore
437,7616d73a-d485-4852-abf6-6280f78b6c62,metalcore
437,7616d73a-d485-4852-abf6-6280f78b6c62,post-metalcore
438,769c27c1-9987-4337-b4fd-3d0d301a363c,metalcore
438,769c27c1-9987-4337-b4fd-3d0d301a363c,post-hardcore
438,769c27c1-9987-4337-b4fd-3d0d301a363c,post-metalcore
438,769c27c1-9987-4337-b4fd-3d0d301a363c,metal
439,771672c2-ccbf-4da4-b0a7-33b3482c1586,pop
440,773620dc-0703-47eb-8280-eb67c605d794,hip hop
440,773620dc-0703-47eb-8280-eb67c605d794,rap
441,77adacb8-9be1-4607-b2b7-5f98911156ad,west coast hip hop
441,77adacb8-9be1-4607-b2b7-5f98911156ad,sxsw
441,77adacb8-9be1-4607-b2b7-5f98911156ad,yg
441,77adacb8-9be1-4607-b2b7-5f98911156ad,lecrae
441,77adacb8-9be1-4607-b2b7-5f98911156ad,english
441,77adacb8-9be1-4607-b2b7-5f98911156ad,r&b
441,77adacb8-9be1-4607-b2b7-5f98911156ad,blessings
441,77adacb8-9be1-4607-b2b7-5f98911156ad,trap
441,77adacb8-9be1-4607-b2b7-5f98911156ad,austin city limits
441,77adacb8-9be1-4607-b2b7-5f98911156ad,hip hop
441,77adacb8-9be1-4607-b2b7-5f98911156ad,hip hop
441,77adacb8-9be1-4607-b2b7-5f98911156ad,hardcore hip hop
441,77adacb8-9be1-4607-b2b7-5f98911156ad,ratchet music
441,77adacb8-9be1-4607-b2b7-5f98911156ad,gangsta rap
441,77adacb8-9be1-4607-b2b7-5f98911156ad,west coast hip hop
441,77adacb8-9be1-4607-b2b7-5f98911156ad,drake
441,77adacb8-9be1-4607-b2b7-5f98911156ad,contemporary r&b
441,77adacb8-9be1-4607-b2b7-5f98911156ad,top 100
441,77adacb8-9be1-4607-b2b7-5f98911156ad,hip hop
441,77adacb8-9be1-4607-b2b7-5f98911156ad,rap
441,77adacb8-9be1-4607-b2b7-5f98911156ad,pop rap
442,77b838e6-642e-4842-8744-d67c1afed6bb,djent
442,77b838e6-642e-4842-8744-d67c1afed6bb,progressive metalcore
442,77b838e6-642e-4842-8744-d67c1afed6bb,metalcore
442,77b838e6-642e-4842-8744-d67c1afed6bb,nu metalcore
443,7803f71e-7d7c-4621-9165-f8fd7fca5c09,emo pop
443,7803f71e-7d7c-4621-9165-f8fd7fca5c09,hard rock
443,7803f71e-7d7c-4621-9165-f8fd7fca5c09,alternative rock
443,7803f71e-7d7c-4621-9165-f8fd7fca5c09,rock
443,7803f71e-7d7c-4621-9165-f8fd7fca5c09,post-grunge
444,7862a78b-95f9-46f6-a1c7-a78096fde2f7,country
444,7862a78b-95f9-46f6-a1c7-a78096fde2f7,contemporary country
444,7862a78b-95f9-46f6-a1c7-a78096fde2f7,country pop
445,78659fca-ff54-4506-9935-37f93140e964,alternative metal
445,78659fca-ff54-4506-9935-37f93140e964,electronic
445,78659fca-ff54-4506-9935-37f93140e964,melodic metalcore
445,78659fca-ff54-4506-9935-37f93140e964,post-hardcore
445,78659fca-ff54-4506-9935-37f93140e964,deathcore
445,78659fca-ff54-4506-9935-37f93140e964,emo
445,78659fca-ff54-4506-9935-37f93140e964,alternative/indie rock
445,78659fca-ff54-4506-9935-37f93140e964,rock
445,78659fca-ff54-4506-9935-37f93140e964,house
445,78659fca-ff54-4506-9935-37f93140e964,alternative rock
445,78659fca-ff54-4506-9935-37f93140e964,electronic rock
445,78659fca-ff54-4506-9935-37f93140e964,screamo
445,78659fca-ff54-4506-9935-37f93140e964,metalcore
445,78659fca-ff54-4506-9935-37f93140e964,pop rock
445,78659fca-ff54-4506-9935-37f93140e964,pop
445,78659fca-ff54-4506-9935-37f93140e964,drum and bass
445,78659fca-ff54-4506-9935-37f93140e964,nu metal
445,78659fca-ff54-4506-9935-37f93140e964,psychedelic rock
445,78659fca-ff54-4506-9935-37f93140e964,heavy metal
445,78659fca-ff54-4506-9935-37f93140e964,hard rock
446,786e1009-2663-49e0-873d-f0cf06f51a25,alternative/indie rock
446,786e1009-2663-49e0-873d-f0cf06f51a25,pop punk
446,786e1009-2663-49e0-873d-f0cf06f51a25,emo
446,786e1009-2663-49e0-873d-f0cf06f51a25,alternative rock
446,786e1009-2663-49e0-873d-f0cf06f51a25,electropop
446,786e1009-2663-49e0-873d-f0cf06f51a25,emo-pop
446,786e1009-2663-49e0-873d-f0cf06f51a25,punk
446,786e1009-2663-49e0-873d-f0cf06f51a25,indie rock
446,786e1009-2663-49e0-873d-f0cf06f51a25,alternative
446,786e1009-2663-49e0-873d-f0cf06f51a25,emo pop
446,786e1009-2663-49e0-873d-f0cf06f51a25,pop
446,786e1009-2663-49e0-873d-f0cf06f51a25,pop rock
447,789dab16-d2c7-4bc3-927a-5cb73df45aa5,
448,78d299f7-a090-4ffd-b896-c3c135d55a0d,progressive rock
448,78d299f7-a090-4ffd-b896-c3c135d55a0d,art pop
448,78d299f7-a090-4ffd-b896-c3c135d55a0d,alternative metal
448,78d299f7-a090-4ffd-b896-c3c135d55a0d,alternative r&b
448,78d299f7-a090-4ffd-b896-c3c135d55a0d,djent
448,78d299f7-a090-4ffd-b896-c3c135d55a0d,progressive metal
448,78d299f7-a090-4ffd-b896-c3c135d55a0d,alternative pop
449,78e7548e-8706-4968-a38b-c35fab00d32f,
450,791c66ae-abaa-4775-84a0-62170b910068,
451,7952930c-e936-4e8c-a1e1-9de9848e3a22,metalcore
452,796d61e5-9315-4140-b6f1-39a69338703b,alternative rock
452,796d61e5-9315-4140-b6f1-39a69338703b,alternative/indie rock
452,796d61e5-9315-4140-b6f1-39a69338703b,rock
452,796d61e5-9315-4140-b6f1-39a69338703b,pop
452,796d61e5-9315-4140-b6f1-39a69338703b,progressive rock
452,796d61e5-9315-4140-b6f1-39a69338703b,emo
452,796d61e5-9315-4140-b6f1-39a69338703b,alternative
452,796d61e5-9315-4140-b6f1-39a69338703b,screamo
452,796d61e5-9315-4140-b6f1-39a69338703b,hardcore punk
452,796d61e5-9315-4140-b6f1-39a69338703b,experimental rock
452,796d61e5-9315-4140-b6f1-39a69338703b,pop rock
452,796d61e5-9315-4140-b6f1-39a69338703b,pop punk
452,796d61e5-9315-4140-b6f1-39a69338703b,easycore
452,796d61e5-9315-4140-b6f1-39a69338703b,melodic hardcore
452,796d61e5-9315-4140-b6f1-39a69338703b,pop screamo
452,796d61e5-9315-4140-b6f1-39a69338703b,post-hardcore
452,796d61e5-9315-4140-b6f1-39a69338703b,scene
452,796d61e5-9315-4140-b6f1-39a69338703b,millennial
453,799e8b3e-2908-4e30-9855-8155ab42ed3c,rap
453,799e8b3e-2908-4e30-9855-8155ab42ed3c,jazz
453,799e8b3e-2908-4e30-9855-8155ab42ed3c,progressive rap
453,799e8b3e-2908-4e30-9855-8155ab42ed3c,disco
453,799e8b3e-2908-4e30-9855-8155ab42ed3c,dance
453,799e8b3e-2908-4e30-9855-8155ab42ed3c,house
453,799e8b3e-2908-4e30-9855-8155ab42ed3c,future bass
453,799e8b3e-2908-4e30-9855-8155ab42ed3c,contemporary rap
453,799e8b3e-2908-4e30-9855-8155ab42ed3c,conscious rapper
453,799e8b3e-2908-4e30-9855-8155ab42ed3c,2010s
453,799e8b3e-2908-4e30-9855-8155ab42ed3c,2020s
453,799e8b3e-2908-4e30-9855-8155ab42ed3c,gangsta rap
453,799e8b3e-2908-4e30-9855-8155ab42ed3c,alternative hip hop
453,799e8b3e-2908-4e30-9855-8155ab42ed3c,jazz rap
453,799e8b3e-2908-4e30-9855-8155ab42ed3c,conscious hip hop
453,799e8b3e-2908-4e30-9855-8155ab42ed3c,hip hop
453,799e8b3e-2908-4e30-9855-8155ab42ed3c,hardcore hip hop
453,799e8b3e-2908-4e30-9855-8155ab42ed3c,west coast hip hop
453,799e8b3e-2908-4e30-9855-8155ab42ed3c,r&b
453,799e8b3e-2908-4e30-9855-8155ab42ed3c,pop rap
453,799e8b3e-2908-4e30-9855-8155ab42ed3c,trap
453,799e8b3e-2908-4e30-9855-8155ab42ed3c,pop
453,799e8b3e-2908-4e30-9855-8155ab42ed3c,hip hop
454,799e9325-a482-4f5a-be11-62de3deb1f48,post-hardcore
454,799e9325-a482-4f5a-be11-62de3deb1f48,heavy metal
454,799e9325-a482-4f5a-be11-62de3deb1f48,alternative metal
454,799e9325-a482-4f5a-be11-62de3deb1f48,metal
454,799e9325-a482-4f5a-be11-62de3deb1f48,metalcore
455,7a68ab7b-a148-4917-882d-dea45d3de0a4,english
455,7a68ab7b-a148-4917-882d-dea45d3de0a4,hip hop
455,7a68ab7b-a148-4917-882d-dea45d3de0a4,trap
455,7a68ab7b-a148-4917-882d-dea45d3de0a4,rap
455,7a68ab7b-a148-4917-882d-dea45d3de0a4,pop rap
455,7a68ab7b-a148-4917-882d-dea45d3de0a4,experimental hip hop
455,7a68ab7b-a148-4917-882d-dea45d3de0a4,southern hip hop
456,7a87fba0-a523-4c51-8527-c4bcfcd5ee63,country
457,7a9b9337-c428-4f8a-9ed0-c087ff9f1cdc,hard rock
457,7a9b9337-c428-4f8a-9ed0-c087ff9f1cdc,alternative rock
457,7a9b9337-c428-4f8a-9ed0-c087ff9f1cdc,progressive metal
457,7a9b9337-c428-4f8a-9ed0-c087ff9f1cdc,heavy metal
457,7a9b9337-c428-4f8a-9ed0-c087ff9f1cdc,rock
457,7a9b9337-c428-4f8a-9ed0-c087ff9f1cdc,progressive rock
457,7a9b9337-c428-4f8a-9ed0-c087ff9f1cdc,alternative metal
458,7ac7e92f-d3f3-47fa-a127-ec9c36b43333,american idol
458,7ac7e92f-d3f3-47fa-a127-ec9c36b43333,country
459,7b5f4f0d-fbde-481b-b211-c662a835e455,rap
459,7b5f4f0d-fbde-481b-b211-c662a835e455,hip hop
459,7b5f4f0d-fbde-481b-b211-c662a835e455,english
459,7b5f4f0d-fbde-481b-b211-c662a835e455,southern hip hop
459,7b5f4f0d-fbde-481b-b211-c662a835e455,pop rap
459,7b5f4f0d-fbde-481b-b211-c662a835e455,trap
459,7b5f4f0d-fbde-481b-b211-c662a835e455,experimental hip hop
460,7b9ebd5c-facb-4987-b1ea-4e328a4c9140,rapper
460,7b9ebd5c-facb-4987-b1ea-4e328a4c9140,southern hip hop
460,7b9ebd5c-facb-4987-b1ea-4e328a4c9140,trap
460,7b9ebd5c-facb-4987-b1ea-4e328a4c9140,hip hop
461,7bb24606-6ef6-4f0a-ba79-aa10b5526907,metalcore
461,7bb24606-6ef6-4f0a-ba79-aa10b5526907,post-hardcore
461,7bb24606-6ef6-4f0a-ba79-aa10b5526907,post-metalcore
461,7bb24606-6ef6-4f0a-ba79-aa10b5526907,metal
462,7c3371fe-2536-45ae-8e28-87fa214f247b,hip hop
463,7c8597e0-37c9-4aab-b47a-5d0ee3a932a0,bluegrass
463,7c8597e0-37c9-4aab-b47a-5d0ee3a932a0,country
463,7c8597e0-37c9-4aab-b47a-5d0ee3a932a0,honky tonk
463,7c8597e0-37c9-4aab-b47a-5d0ee3a932a0,neo-traditional country
464,7ca705fd-b07b-4434-8176-5878cc6900dc,country
465,7ca72128-7138-4072-b7e5-517390aa8c78,rap
465,7ca72128-7138-4072-b7e5-517390aa8c78,pop rap
465,7ca72128-7138-4072-b7e5-517390aa8c78,southern hip hop
465,7ca72128-7138-4072-b7e5-517390aa8c78,r&b
465,7ca72128-7138-4072-b7e5-517390aa8c78,detroit hip hop
465,7ca72128-7138-4072-b7e5-517390aa8c78,trap
465,7ca72128-7138-4072-b7e5-517390aa8c78,hip hop
466,7cb711e2-5980-4396-9390-e3c32d524126,contemporary r&b
466,7cb711e2-5980-4396-9390-e3c32d524126,synth-pop
466,7cb711e2-5980-4396-9390-e3c32d524126,dance-pop
466,7cb711e2-5980-4396-9390-e3c32d524126,r&b
466,7cb711e2-5980-4396-9390-e3c32d524126,hypnagogic pop
466,7cb711e2-5980-4396-9390-e3c32d524126,2010s
466,7cb711e2-5980-4396-9390-e3c32d524126,alternative r&b
466,7cb711e2-5980-4396-9390-e3c32d524126,pop
466,7cb711e2-5980-4396-9390-e3c32d524126,2020s
467,7cbac5db-bb4c-4f88-a0a3-54dbc6f4ba78,synth-pop
467,7cbac5db-bb4c-4f88-a0a3-54dbc6f4ba78,hypnagogic pop
467,7cbac5db-bb4c-4f88-a0a3-54dbc6f4ba78,2020s
467,7cbac5db-bb4c-4f88-a0a3-54dbc6f4ba78,hip hop
467,7cbac5db-bb4c-4f88-a0a3-54dbc6f4ba78,rage
467,7cbac5db-bb4c-4f88-a0a3-54dbc6f4ba78,rap
467,7cbac5db-bb4c-4f88-a0a3-54dbc6f4ba78,plugg
467,7cbac5db-bb4c-4f88-a0a3-54dbc6f4ba78,cloud rap
467,7cbac5db-bb4c-4f88-a0a3-54dbc6f4ba78,trap
467,7cbac5db-bb4c-4f88-a0a3-54dbc6f4ba78,english
467,7cbac5db-bb4c-4f88-a0a3-54dbc6f4ba78,dance-pop
467,7cbac5db-bb4c-4f88-a0a3-54dbc6f4ba78,r&b
467,7cbac5db-bb4c-4f88-a0a3-54dbc6f4ba78,southern hip hop
467,7cbac5db-bb4c-4f88-a0a3-54dbc6f4ba78,contemporary r&b
467,7cbac5db-bb4c-4f88-a0a3-54dbc6f4ba78,2010s
467,7cbac5db-bb4c-4f88-a0a3-54dbc6f4ba78,alternative r&b
467,7cbac5db-bb4c-4f88-a0a3-54dbc6f4ba78,pop
468,7ce36508-48d5-4e94-9251-b23585c8fc19,post-hardcore
468,7ce36508-48d5-4e94-9251-b23585c8fc19,metal
468,7ce36508-48d5-4e94-9251-b23585c8fc19,post-metalcore
468,7ce36508-48d5-4e94-9251-b23585c8fc19,metalcore
469,7ce69c39-c8a0-4989-8264-328fdb2a9cdc,
470,7d0b688f-089c-4bea-8331-cd24f7f6cedc,alternative metal
470,7d0b688f-089c-4bea-8331-cd24f7f6cedc,rock
470,7d0b688f-089c-4bea-8331-cd24f7f6cedc,progressive metal
470,7d0b688f-089c-4bea-8331-cd24f7f6cedc,progressive rock
470,7d0b688f-089c-4bea-8331-cd24f7f6cedc,hard rock
470,7d0b688f-089c-4bea-8331-cd24f7f6cedc,alternative rock
470,7d0b688f-089c-4bea-8331-cd24f7f6cedc,heavy metal
471,7d867ce0-1190-4277-ba06-b941c3dde497,rock
471,7d867ce0-1190-4277-ba06-b941c3dde497,electronic
471,7d867ce0-1190-4277-ba06-b941c3dde497,pop rock
471,7d867ce0-1190-4277-ba06-b941c3dde497,pop
471,7d867ce0-1190-4277-ba06-b941c3dde497,deathcore
471,7d867ce0-1190-4277-ba06-b941c3dde497,post-hardcore
471,7d867ce0-1190-4277-ba06-b941c3dde497,nu metal
471,7d867ce0-1190-4277-ba06-b941c3dde497,heavy metal
471,7d867ce0-1190-4277-ba06-b941c3dde497,alternative rock
471,7d867ce0-1190-4277-ba06-b941c3dde497,metalcore
471,7d867ce0-1190-4277-ba06-b941c3dde497,screamo
471,7d867ce0-1190-4277-ba06-b941c3dde497,hard rock
471,7d867ce0-1190-4277-ba06-b941c3dde497,drum and bass
471,7d867ce0-1190-4277-ba06-b941c3dde497,electronic rock
471,7d867ce0-1190-4277-ba06-b941c3dde497,alternative metal
471,7d867ce0-1190-4277-ba06-b941c3dde497,house
471,7d867ce0-1190-4277-ba06-b941c3dde497,alternative/indie rock
471,7d867ce0-1190-4277-ba06-b941c3dde497,psychedelic rock
471,7d867ce0-1190-4277-ba06-b941c3dde497,emo
471,7d867ce0-1190-4277-ba06-b941c3dde497,melodic metalcore
472,7da6f27d-6454-4c2a-b2c2-05b944138e2c,alternative metal
472,7da6f27d-6454-4c2a-b2c2-05b944138e2c,nu metal
472,7da6f27d-6454-4c2a-b2c2-05b944138e2c,hard rock
472,7da6f27d-6454-4c2a-b2c2-05b944138e2c,rock
473,7e05b9d5-2430-426f-87a4-13890db3eac6,emo rap
473,7e05b9d5-2430-426f-87a4-13890db3eac6,hip hop
473,7e05b9d5-2430-426f-87a4-13890db3eac6,pop rap
473,7e05b9d5-2430-426f-87a4-13890db3eac6,2020s
473,7e05b9d5-2430-426f-87a4-13890db3eac6,gen z
473,7e05b9d5-2430-426f-87a4-13890db3eac6,rap
473,7e05b9d5-2430-426f-87a4-13890db3eac6,english
474,7e1ba78d-80b6-4c6c-8467-d6aaf5f47115,drum and bass
474,7e1ba78d-80b6-4c6c-8467-d6aaf5f47115,nu metal
474,7e1ba78d-80b6-4c6c-8467-d6aaf5f47115,hard rock
474,7e1ba78d-80b6-4c6c-8467-d6aaf5f47115,metalcore
474,7e1ba78d-80b6-4c6c-8467-d6aaf5f47115,alternative/indie rock
474,7e1ba78d-80b6-4c6c-8467-d6aaf5f47115,house
474,7e1ba78d-80b6-4c6c-8467-d6aaf5f47115,heavy metal
474,7e1ba78d-80b6-4c6c-8467-d6aaf5f47115,emo
474,7e1ba78d-80b6-4c6c-8467-d6aaf5f47115,alternative rock
474,7e1ba78d-80b6-4c6c-8467-d6aaf5f47115,pop
474,7e1ba78d-80b6-4c6c-8467-d6aaf5f47115,electronic
474,7e1ba78d-80b6-4c6c-8467-d6aaf5f47115,melodic metalcore
474,7e1ba78d-80b6-4c6c-8467-d6aaf5f47115,rock
474,7e1ba78d-80b6-4c6c-8467-d6aaf5f47115,electronic rock
474,7e1ba78d-80b6-4c6c-8467-d6aaf5f47115,screamo
474,7e1ba78d-80b6-4c6c-8467-d6aaf5f47115,psychedelic rock
474,7e1ba78d-80b6-4c6c-8467-d6aaf5f47115,alternative metal
474,7e1ba78d-80b6-4c6c-8467-d6aaf5f47115,pop rock
474,7e1ba78d-80b6-4c6c-8467-d6aaf5f47115,post-hardcore
474,7e1ba78d-80b6-4c6c-8467-d6aaf5f47115,deathcore
475,7e6f9a23-908d-4f71-b003-e8a2fc63fdc5,alternative rock
475,7e6f9a23-908d-4f71-b003-e8a2fc63fdc5,progressive rock
475,7e6f9a23-908d-4f71-b003-e8a2fc63fdc5,post-hardcore
476,7eb80338-bd63-43c0-bb4d-3b1a7f16bfa5,country
477,7ee8fd6b-d366-4c3d-bb98-7632ad197af2,post-hardcore
477,7ee8fd6b-d366-4c3d-bb98-7632ad197af2,rock
478,7f6a9329-0988-4ede-ab56-cbd8d32aa00b,rap
478,7f6a9329-0988-4ede-ab56-cbd8d32aa00b,hip hop
478,7f6a9329-0988-4ede-ab56-cbd8d32aa00b,hip hop
478,7f6a9329-0988-4ede-ab56-cbd8d32aa00b,trap
478,7f6a9329-0988-4ede-ab56-cbd8d32aa00b,southern hip hop
478,7f6a9329-0988-4ede-ab56-cbd8d32aa00b,rapper
479,7f93991e-b5bf-477a-adfc-81327c0f8409,
480,8015af97-6b01-4a23-b8d1-ed202072f431,
481,805ac60f-6922-4bb7-8b96-27f1bb8f13a7,hard rock
481,805ac60f-6922-4bb7-8b96-27f1bb8f13a7,electropop
481,805ac60f-6922-4bb7-8b96-27f1bb8f13a7,alternative rock
481,805ac60f-6922-4bb7-8b96-27f1bb8f13a7,rock
481,805ac60f-6922-4bb7-8b96-27f1bb8f13a7,funk rock
481,805ac60f-6922-4bb7-8b96-27f1bb8f13a7,pop rock
481,805ac60f-6922-4bb7-8b96-27f1bb8f13a7,post-grunge
482,8073eb1f-4dc7-4fc3-a4ba-51ab30383179,us
482,8073eb1f-4dc7-4fc3-a4ba-51ab30383179,k.i.d
482,8073eb1f-4dc7-4fc3-a4ba-51ab30383179,hip-hop
482,8073eb1f-4dc7-4fc3-a4ba-51ab30383179,rapper
482,8073eb1f-4dc7-4fc3-a4ba-51ab30383179,kyle
483,80a31085-3080-43e6-926e-91124633b901,alternative r&b
483,80a31085-3080-43e6-926e-91124633b901,rap rock
483,80a31085-3080-43e6-926e-91124633b901,pop rap
483,80a31085-3080-43e6-926e-91124633b901,english
483,80a31085-3080-43e6-926e-91124633b901,hip hop
483,80a31085-3080-43e6-926e-91124633b901,english
483,80a31085-3080-43e6-926e-91124633b901,rap
483,80a31085-3080-43e6-926e-91124633b901,hip hop
483,80a31085-3080-43e6-926e-91124633b901,pop rap
483,80a31085-3080-43e6-926e-91124633b901,pop punk
484,8171c5df-c97d-42c7-b6be-8abfa730ffa7,noise rock
484,8171c5df-c97d-42c7-b6be-8abfa730ffa7,post-grunge
484,8171c5df-c97d-42c7-b6be-8abfa730ffa7,emo
484,8171c5df-c97d-42c7-b6be-8abfa730ffa7,rock
484,8171c5df-c97d-42c7-b6be-8abfa730ffa7,alternative rock
484,8171c5df-c97d-42c7-b6be-8abfa730ffa7,punk
484,8171c5df-c97d-42c7-b6be-8abfa730ffa7,pop screamo
484,8171c5df-c97d-42c7-b6be-8abfa730ffa7,screamo
484,8171c5df-c97d-42c7-b6be-8abfa730ffa7,emocore
484,8171c5df-c97d-42c7-b6be-8abfa730ffa7,post-hardcore
484,8171c5df-c97d-42c7-b6be-8abfa730ffa7,experimental rock
485,818548d8-869f-49e4-97b5-aff0eac2aab0,rap
485,818548d8-869f-49e4-97b5-aff0eac2aab0,trap
485,818548d8-869f-49e4-97b5-aff0eac2aab0,hip hop
485,818548d8-869f-49e4-97b5-aff0eac2aab0,pop rap
485,818548d8-869f-49e4-97b5-aff0eac2aab0,english
485,818548d8-869f-49e4-97b5-aff0eac2aab0,southern hip hop
485,818548d8-869f-49e4-97b5-aff0eac2aab0,experimental hip hop
486,818b6d55-540c-4c3c-bda7-0291e3b34c1b,alternative
486,818b6d55-540c-4c3c-bda7-0291e3b34c1b,emo-pop
486,818b6d55-540c-4c3c-bda7-0291e3b34c1b,emo pop
486,818b6d55-540c-4c3c-bda7-0291e3b34c1b,modern rock
486,818b6d55-540c-4c3c-bda7-0291e3b34c1b,emo
486,818b6d55-540c-4c3c-bda7-0291e3b34c1b,power pop
486,818b6d55-540c-4c3c-bda7-0291e3b34c1b,alternative/indie rock
486,818b6d55-540c-4c3c-bda7-0291e3b34c1b,powerpop
486,818b6d55-540c-4c3c-bda7-0291e3b34c1b,neon pop
486,818b6d55-540c-4c3c-bda7-0291e3b34c1b,punk
486,818b6d55-540c-4c3c-bda7-0291e3b34c1b,alternative rock
486,818b6d55-540c-4c3c-bda7-0291e3b34c1b,pop
486,818b6d55-540c-4c3c-bda7-0291e3b34c1b,rock
486,818b6d55-540c-4c3c-bda7-0291e3b34c1b,pop rock
486,818b6d55-540c-4c3c-bda7-0291e3b34c1b,pop punk
487,81917264-f8f1-4ba5-b7d6-d2731de4f4d2,country pop
487,81917264-f8f1-4ba5-b7d6-d2731de4f4d2,country
487,81917264-f8f1-4ba5-b7d6-d2731de4f4d2,contemporary country
488,8228be66-5868-43aa-a88f-2d727a941b88,2020s
488,8228be66-5868-43aa-a88f-2d727a941b88,2010s
488,8228be66-5868-43aa-a88f-2d727a941b88,hip hop
488,8228be66-5868-43aa-a88f-2d727a941b88,english
488,8228be66-5868-43aa-a88f-2d727a941b88,southern hip hop
488,8228be66-5868-43aa-a88f-2d727a941b88,trap
488,8228be66-5868-43aa-a88f-2d727a941b88,hip hop
488,8228be66-5868-43aa-a88f-2d727a941b88,trap rap
489,822f5474-514a-4268-91a4-78973db4f9e0,country pop
489,822f5474-514a-4268-91a4-78973db4f9e0,hard rock
489,822f5474-514a-4268-91a4-78973db4f9e0,country
490,8262ff88-a3d0-451a-b000-78c62a8b373a,hip hop
490,8262ff88-a3d0-451a-b000-78c62a8b373a,rap
490,8262ff88-a3d0-451a-b000-78c62a8b373a,indie pop
490,8262ff88-a3d0-451a-b000-78c62a8b373a,hardcore hip hop
490,8262ff88-a3d0-451a-b000-78c62a8b373a,conscious hip hop
490,8262ff88-a3d0-451a-b000-78c62a8b373a,trap
490,8262ff88-a3d0-451a-b000-78c62a8b373a,underground
490,8262ff88-a3d0-451a-b000-78c62a8b373a,alternative rock
490,8262ff88-a3d0-451a-b000-78c62a8b373a,southern hip hop
490,8262ff88-a3d0-451a-b000-78c62a8b373a,trap metal
490,8262ff88-a3d0-451a-b000-78c62a8b373a,tumblr
491,82704d01-be95-4d42-8155-bb0a3322c734,
492,8290f2d3-59ee-4806-8fda-5149de94f799,trap
492,8290f2d3-59ee-4806-8fda-5149de94f799,2020s
492,8290f2d3-59ee-4806-8fda-5149de94f799,country pop
492,8290f2d3-59ee-4806-8fda-5149de94f799,country
492,8290f2d3-59ee-4806-8fda-5149de94f799,cloud rap
492,8290f2d3-59ee-4806-8fda-5149de94f799,2020s
492,8290f2d3-59ee-4806-8fda-5149de94f799,hip hop
492,8290f2d3-59ee-4806-8fda-5149de94f799,country
492,8290f2d3-59ee-4806-8fda-5149de94f799,pop rap
492,8290f2d3-59ee-4806-8fda-5149de94f799,english
492,8290f2d3-59ee-4806-8fda-5149de94f799,r&b
492,8290f2d3-59ee-4806-8fda-5149de94f799,contemporary r&b
492,8290f2d3-59ee-4806-8fda-5149de94f799,2010s
492,8290f2d3-59ee-4806-8fda-5149de94f799,alternative r&b
493,82a56563-aa5f-4b8a-9c5b-fa193d9246c7,pescetarian
493,82a56563-aa5f-4b8a-9c5b-fa193d9246c7,pop rap
493,82a56563-aa5f-4b8a-9c5b-fa193d9246c7,millennial
493,82a56563-aa5f-4b8a-9c5b-fa193d9246c7,east coast hip hop
493,82a56563-aa5f-4b8a-9c5b-fa193d9246c7,2010s
493,82a56563-aa5f-4b8a-9c5b-fa193d9246c7,rage
493,82a56563-aa5f-4b8a-9c5b-fa193d9246c7,proto-rage
493,82a56563-aa5f-4b8a-9c5b-fa193d9246c7,hip hop
493,82a56563-aa5f-4b8a-9c5b-fa193d9246c7,2020s
493,82a56563-aa5f-4b8a-9c5b-fa193d9246c7,trap
493,82a56563-aa5f-4b8a-9c5b-fa193d9246c7,cloud rap
493,82a56563-aa5f-4b8a-9c5b-fa193d9246c7,emo rap
494,82fb3c34-8990-4eee-a6ba-aae768a7de20,modern rock
494,82fb3c34-8990-4eee-a6ba-aae768a7de20,neon pop
494,82fb3c34-8990-4eee-a6ba-aae768a7de20,alternative rock
494,82fb3c34-8990-4eee-a6ba-aae768a7de20,pop
494,82fb3c34-8990-4eee-a6ba-aae768a7de20,emo pop
494,82fb3c34-8990-4eee-a6ba-aae768a7de20,rock
494,82fb3c34-8990-4eee-a6ba-aae768a7de20,punk
494,82fb3c34-8990-4eee-a6ba-aae768a7de20,powerpop
494,82fb3c34-8990-4eee-a6ba-aae768a7de20,pop punk
494,82fb3c34-8990-4eee-a6ba-aae768a7de20,pop rock
494,82fb3c34-8990-4eee-a6ba-aae768a7de20,power pop
494,82fb3c34-8990-4eee-a6ba-aae768a7de20,emo-pop
494,82fb3c34-8990-4eee-a6ba-aae768a7de20,emo
494,82fb3c34-8990-4eee-a6ba-aae768a7de20,alternative/indie rock
494,82fb3c34-8990-4eee-a6ba-aae768a7de20,alternative
495,83dfc8ac-47c3-4548-b4af-dddedafb2749,
496,84020c25-9715-47c9-bd0a-b6248095cdb8,alternative rock
496,84020c25-9715-47c9-bd0a-b6248095cdb8,tumblr
496,84020c25-9715-47c9-bd0a-b6248095cdb8,indie pop
497,8423d964-87ae-4593-99fb-218de0e06f7d,progressive rock
497,8423d964-87ae-4593-99fb-218de0e06f7d,alternative metal
497,8423d964-87ae-4593-99fb-218de0e06f7d,hard rock
497,8423d964-87ae-4593-99fb-218de0e06f7d,alternative rock
497,8423d964-87ae-4593-99fb-218de0e06f7d,heavy metal
497,8423d964-87ae-4593-99fb-218de0e06f7d,rock
497,8423d964-87ae-4593-99fb-218de0e06f7d,progressive metal
498,84334baf-fce7-4d7e-a7d1-96892fb310ee,hip hop
498,84334baf-fce7-4d7e-a7d1-96892fb310ee,rap
499,8464db9b-a1c9-4ca9-9eb2-02f62e6434af,metalcore
499,8464db9b-a1c9-4ca9-9eb2-02f62e6434af,post-hardcore
499,8464db9b-a1c9-4ca9-9eb2-02f62e6434af,alternative rock
500,8500d3b2-961c-4c8e-a519-96f4bce9edb1,alternative metal
500,8500d3b2-961c-4c8e-a519-96f4bce9edb1,pop punk
500,8500d3b2-961c-4c8e-a519-96f4bce9edb1,rock
500,8500d3b2-961c-4c8e-a519-96f4bce9edb1,post-hardcore
500,8500d3b2-961c-4c8e-a519-96f4bce9edb1,alternative rock
500,8500d3b2-961c-4c8e-a519-96f4bce9edb1,alternative pop
500,8500d3b2-961c-4c8e-a519-96f4bce9edb1,indie rock
501,852a77a4-727a-4182-ba1a-89953a3408be,alternative rock
501,852a77a4-727a-4182-ba1a-89953a3408be,indie pop
501,852a77a4-727a-4182-ba1a-89953a3408be,tumblr
502,8552c676-60ed-456c-8ca3-86ff32f9897a,pop
502,8552c676-60ed-456c-8ca3-86ff32f9897a,post-hardcore
502,8552c676-60ed-456c-8ca3-86ff32f9897a,scene
502,8552c676-60ed-456c-8ca3-86ff32f9897a,melodic hardcore
502,8552c676-60ed-456c-8ca3-86ff32f9897a,alternative/indie rock
502,8552c676-60ed-456c-8ca3-86ff32f9897a,pop punk
502,8552c676-60ed-456c-8ca3-86ff32f9897a,easycore
502,8552c676-60ed-456c-8ca3-86ff32f9897a,pop rock
502,8552c676-60ed-456c-8ca3-86ff32f9897a,millennial
502,8552c676-60ed-456c-8ca3-86ff32f9897a,experimental rock
502,8552c676-60ed-456c-8ca3-86ff32f9897a,pop screamo
502,8552c676-60ed-456c-8ca3-86ff32f9897a,rock
502,8552c676-60ed-456c-8ca3-86ff32f9897a,hardcore punk
502,8552c676-60ed-456c-8ca3-86ff32f9897a,alternative rock
502,8552c676-60ed-456c-8ca3-86ff32f9897a,screamo
502,8552c676-60ed-456c-8ca3-86ff32f9897a,progressive rock
502,8552c676-60ed-456c-8ca3-86ff32f9897a,alternative
502,8552c676-60ed-456c-8ca3-86ff32f9897a,emo
503,863dd3b3-c525-427c-a0fb-faa75b1dde37,rock
503,863dd3b3-c525-427c-a0fb-faa75b1dde37,emo
503,863dd3b3-c525-427c-a0fb-faa75b1dde37,screamo
503,863dd3b3-c525-427c-a0fb-faa75b1dde37,nu metal
503,863dd3b3-c525-427c-a0fb-faa75b1dde37,psychedelic rock
503,863dd3b3-c525-427c-a0fb-faa75b1dde37,hard rock
503,863dd3b3-c525-427c-a0fb-faa75b1dde37,alternative metal
503,863dd3b3-c525-427c-a0fb-faa75b1dde37,electronic
503,863dd3b3-c525-427c-a0fb-faa75b1dde37,metalcore
503,863dd3b3-c525-427c-a0fb-faa75b1dde37,alternative/indie rock
503,863dd3b3-c525-427c-a0fb-faa75b1dde37,house
503,863dd3b3-c525-427c-a0fb-faa75b1dde37,pop rock
503,863dd3b3-c525-427c-a0fb-faa75b1dde37,heavy metal
503,863dd3b3-c525-427c-a0fb-faa75b1dde37,drum and bass
503,863dd3b3-c525-427c-a0fb-faa75b1dde37,alternative rock
503,863dd3b3-c525-427c-a0fb-faa75b1dde37,melodic metalcore
503,863dd3b3-c525-427c-a0fb-faa75b1dde37,post-hardcore
503,863dd3b3-c525-427c-a0fb-faa75b1dde37,pop
503,863dd3b3-c525-427c-a0fb-faa75b1dde37,electronic rock
503,863dd3b3-c525-427c-a0fb-faa75b1dde37,deathcore
504,8713e0b9-47bc-40cd-ad62-c672e209502a,post-hardcore
504,8713e0b9-47bc-40cd-ad62-c672e209502a,experimental rock
505,873c8751-6ca7-4770-bdab-6d95d6a2ffce,alternative rock
505,873c8751-6ca7-4770-bdab-6d95d6a2ffce,alternative pop
505,873c8751-6ca7-4770-bdab-6d95d6a2ffce,pop rap
505,873c8751-6ca7-4770-bdab-6d95d6a2ffce,electropop
505,873c8751-6ca7-4770-bdab-6d95d6a2ffce,indie
505,873c8751-6ca7-4770-bdab-6d95d6a2ffce,alternative hip hop
505,873c8751-6ca7-4770-bdab-6d95d6a2ffce,alternative rap
505,873c8751-6ca7-4770-bdab-6d95d6a2ffce,indietronica
505,873c8751-6ca7-4770-bdab-6d95d6a2ffce,piano rock
505,873c8751-6ca7-4770-bdab-6d95d6a2ffce,alternative electronic
505,873c8751-6ca7-4770-bdab-6d95d6a2ffce,indie pop
505,873c8751-6ca7-4770-bdab-6d95d6a2ffce,rock
505,873c8751-6ca7-4770-bdab-6d95d6a2ffce,columbus [oh]
505,873c8751-6ca7-4770-bdab-6d95d6a2ffce,hip hop
505,873c8751-6ca7-4770-bdab-6d95d6a2ffce,rap
506,8759fb1e-9190-4887-a1da-c16861ed8261,metalcore
506,8759fb1e-9190-4887-a1da-c16861ed8261,emo pop
506,8759fb1e-9190-4887-a1da-c16861ed8261,pop screamo
506,8759fb1e-9190-4887-a1da-c16861ed8261,alternative rock
506,8759fb1e-9190-4887-a1da-c16861ed8261,pop punk
506,8759fb1e-9190-4887-a1da-c16861ed8261,post-hardcore
506,8759fb1e-9190-4887-a1da-c16861ed8261,acoustic
507,876838ce-aa95-4e76-b4e4-d471e6d7a1f4,blues rock
507,876838ce-aa95-4e76-b4e4-d471e6d7a1f4,garage rock
508,87bf553b-5e09-4e3b-9ea8-440b600eb578,country
508,87bf553b-5e09-4e3b-9ea8-440b600eb578,country pop
508,87bf553b-5e09-4e3b-9ea8-440b600eb578,2020s
509,87f0442d-b563-4b11-8011-057a1bbc64bc,country rock
509,87f0442d-b563-4b11-8011-057a1bbc64bc,country
509,87f0442d-b563-4b11-8011-057a1bbc64bc,outlaw country
510,882ae265-e549-47cd-97fd-3449ba37fe05,punk rock
510,882ae265-e549-47cd-97fd-3449ba37fe05,rock
510,882ae265-e549-47cd-97fd-3449ba37fe05,emo
510,882ae265-e549-47cd-97fd-3449ba37fe05,alternative rock
511,883dcc72-af0b-4195-902a-409a933bf6ac,soul
511,883dcc72-af0b-4195-902a-409a933bf6ac,alternative rock
511,883dcc72-af0b-4195-902a-409a933bf6ac,indie pop
511,883dcc72-af0b-4195-902a-409a933bf6ac,tumblr
512,88b816c6-3dd2-4fe5-8c53-a40aef20b9c6,conscious rapper
512,88b816c6-3dd2-4fe5-8c53-a40aef20b9c6,jazz
512,88b816c6-3dd2-4fe5-8c53-a40aef20b9c6,progressive rap
512,88b816c6-3dd2-4fe5-8c53-a40aef20b9c6,disco
512,88b816c6-3dd2-4fe5-8c53-a40aef20b9c6,dance
512,88b816c6-3dd2-4fe5-8c53-a40aef20b9c6,house
512,88b816c6-3dd2-4fe5-8c53-a40aef20b9c6,future bass
512,88b816c6-3dd2-4fe5-8c53-a40aef20b9c6,contemporary rap
512,88b816c6-3dd2-4fe5-8c53-a40aef20b9c6,2010s
512,88b816c6-3dd2-4fe5-8c53-a40aef20b9c6,2020s
512,88b816c6-3dd2-4fe5-8c53-a40aef20b9c6,gangsta rap
512,88b816c6-3dd2-4fe5-8c53-a40aef20b9c6,alternative hip hop
512,88b816c6-3dd2-4fe5-8c53-a40aef20b9c6,jazz rap
512,88b816c6-3dd2-4fe5-8c53-a40aef20b9c6,conscious hip hop
512,88b816c6-3dd2-4fe5-8c53-a40aef20b9c6,hip hop
512,88b816c6-3dd2-4fe5-8c53-a40aef20b9c6,hardcore hip hop
512,88b816c6-3dd2-4fe5-8c53-a40aef20b9c6,west coast hip hop
512,88b816c6-3dd2-4fe5-8c53-a40aef20b9c6,rap
512,88b816c6-3dd2-4fe5-8c53-a40aef20b9c6,r&b
512,88b816c6-3dd2-4fe5-8c53-a40aef20b9c6,pop rap
512,88b816c6-3dd2-4fe5-8c53-a40aef20b9c6,trap
512,88b816c6-3dd2-4fe5-8c53-a40aef20b9c6,pop
513,88c3eb4e-bf35-4405-bcc5-234bce0d0077,southern hip hop
513,88c3eb4e-bf35-4405-bcc5-234bce0d0077,trap
513,88c3eb4e-bf35-4405-bcc5-234bce0d0077,hip hop
513,88c3eb4e-bf35-4405-bcc5-234bce0d0077,rapper
514,8926d38f-feac-4a3f-a1f4-591f0f25e2f4,cloud rap
514,8926d38f-feac-4a3f-a1f4-591f0f25e2f4,2010s
514,8926d38f-feac-4a3f-a1f4-591f0f25e2f4,trap rap
514,8926d38f-feac-4a3f-a1f4-591f0f25e2f4,2020s
514,8926d38f-feac-4a3f-a1f4-591f0f25e2f4,trap
514,8926d38f-feac-4a3f-a1f4-591f0f25e2f4,hip hop
514,8926d38f-feac-4a3f-a1f4-591f0f25e2f4,english
514,8926d38f-feac-4a3f-a1f4-591f0f25e2f4,rap
514,8926d38f-feac-4a3f-a1f4-591f0f25e2f4,rap
514,8926d38f-feac-4a3f-a1f4-591f0f25e2f4,hip hop
514,8926d38f-feac-4a3f-a1f4-591f0f25e2f4,hip hop
514,8926d38f-feac-4a3f-a1f4-591f0f25e2f4,southern hip hop
514,8926d38f-feac-4a3f-a1f4-591f0f25e2f4,pop rap
514,8926d38f-feac-4a3f-a1f4-591f0f25e2f4,english
514,8926d38f-feac-4a3f-a1f4-591f0f25e2f4,southern hip hop
514,8926d38f-feac-4a3f-a1f4-591f0f25e2f4,english
514,8926d38f-feac-4a3f-a1f4-591f0f25e2f4,experimental hip hop
514,8926d38f-feac-4a3f-a1f4-591f0f25e2f4,southern hip hop
514,8926d38f-feac-4a3f-a1f4-591f0f25e2f4,trap
514,8926d38f-feac-4a3f-a1f4-591f0f25e2f4,trap
514,8926d38f-feac-4a3f-a1f4-591f0f25e2f4,rage
514,8926d38f-feac-4a3f-a1f4-591f0f25e2f4,hip hop
514,8926d38f-feac-4a3f-a1f4-591f0f25e2f4,trap
514,8926d38f-feac-4a3f-a1f4-591f0f25e2f4,plugg
515,89328140-d935-487e-9128-f1dd74877546,electropop
515,89328140-d935-487e-9128-f1dd74877546,hard rock
515,89328140-d935-487e-9128-f1dd74877546,post-grunge
515,89328140-d935-487e-9128-f1dd74877546,funk rock
515,89328140-d935-487e-9128-f1dd74877546,alternative rock
515,89328140-d935-487e-9128-f1dd74877546,pop rock
515,89328140-d935-487e-9128-f1dd74877546,rock
516,896a3a78-518c-46af-864b-1a6103c7b2d7,indie rock
516,896a3a78-518c-46af-864b-1a6103c7b2d7,rock
516,896a3a78-518c-46af-864b-1a6103c7b2d7,indie pop
517,89745cff-9f5d-4ae9-a719-4386c8265f60,
518,898059a0-753c-4943-9604-d3c0e2929d81,future bass
518,898059a0-753c-4943-9604-d3c0e2929d81,hip hop
518,898059a0-753c-4943-9604-d3c0e2929d81,rap
518,898059a0-753c-4943-9604-d3c0e2929d81,r&b
518,898059a0-753c-4943-9604-d3c0e2929d81,conscious hip hop
518,898059a0-753c-4943-9604-d3c0e2929d81,jazz rap
518,898059a0-753c-4943-9604-d3c0e2929d81,alternative hip hop
518,898059a0-753c-4943-9604-d3c0e2929d81,gangsta rap
518,898059a0-753c-4943-9604-d3c0e2929d81,pop rap
518,898059a0-753c-4943-9604-d3c0e2929d81,2020s
518,898059a0-753c-4943-9604-d3c0e2929d81,2010s
518,898059a0-753c-4943-9604-d3c0e2929d81,pop
518,898059a0-753c-4943-9604-d3c0e2929d81,conscious rapper
518,898059a0-753c-4943-9604-d3c0e2929d81,contemporary rap
518,898059a0-753c-4943-9604-d3c0e2929d81,house
518,898059a0-753c-4943-9604-d3c0e2929d81,dance
518,898059a0-753c-4943-9604-d3c0e2929d81,disco
518,898059a0-753c-4943-9604-d3c0e2929d81,trap
518,898059a0-753c-4943-9604-d3c0e2929d81,progressive rap
518,898059a0-753c-4943-9604-d3c0e2929d81,jazz
518,898059a0-753c-4943-9604-d3c0e2929d81,west coast hip hop
518,898059a0-753c-4943-9604-d3c0e2929d81,hardcore hip hop
519,89d3254f-6257-4330-b4d2-76016989f2b1,house
519,89d3254f-6257-4330-b4d2-76016989f2b1,hardcore hip hop
519,89d3254f-6257-4330-b4d2-76016989f2b1,left-field rap
519,89d3254f-6257-4330-b4d2-76016989f2b1,southern hip-hop
519,89d3254f-6257-4330-b4d2-76016989f2b1,trap
519,89d3254f-6257-4330-b4d2-76016989f2b1,experimental hip hop
519,89d3254f-6257-4330-b4d2-76016989f2b1,contemporary r&b
519,89d3254f-6257-4330-b4d2-76016989f2b1,conscious hip hop
519,89d3254f-6257-4330-b4d2-76016989f2b1,hip hop
519,89d3254f-6257-4330-b4d2-76016989f2b1,alternative hip hop
519,89d3254f-6257-4330-b4d2-76016989f2b1,southern rap
519,89d3254f-6257-4330-b4d2-76016989f2b1,alternative r&b
519,89d3254f-6257-4330-b4d2-76016989f2b1,underground hip hop
519,89d3254f-6257-4330-b4d2-76016989f2b1,contemporary rap
519,89d3254f-6257-4330-b4d2-76016989f2b1,future bass
519,89d3254f-6257-4330-b4d2-76016989f2b1,pop rap
520,89d34471-55e8-4c1c-934d-ed521a0012c8,nu metal
520,89d34471-55e8-4c1c-934d-ed521a0012c8,experimental
520,89d34471-55e8-4c1c-934d-ed521a0012c8,post-hardcore
520,89d34471-55e8-4c1c-934d-ed521a0012c8,metalcore
520,89d34471-55e8-4c1c-934d-ed521a0012c8,electronic
520,89d34471-55e8-4c1c-934d-ed521a0012c8,electronicore
521,8a76ba68-0fdc-4dc2-8efb-8dfd1bbcb85d,
522,8ac94bb8-7910-497b-97ab-910be116a7fa,american trad rock
522,8ac94bb8-7910-497b-97ab-910be116a7fa,post-punk revival
522,8ac94bb8-7910-497b-97ab-910be116a7fa,rock
522,8ac94bb8-7910-497b-97ab-910be116a7fa,punk rock
522,8ac94bb8-7910-497b-97ab-910be116a7fa,acoustic rock
522,8ac94bb8-7910-497b-97ab-910be116a7fa,indie rock
522,8ac94bb8-7910-497b-97ab-910be116a7fa,garage rock
522,8ac94bb8-7910-497b-97ab-910be116a7fa,alternative rock
522,8ac94bb8-7910-497b-97ab-910be116a7fa,pop
522,8ac94bb8-7910-497b-97ab-910be116a7fa,alternative
522,8ac94bb8-7910-497b-97ab-910be116a7fa,garage rock revival
522,8ac94bb8-7910-497b-97ab-910be116a7fa,punk blues
522,8ac94bb8-7910-497b-97ab-910be116a7fa,psychedelic rock
522,8ac94bb8-7910-497b-97ab-910be116a7fa,neo-psychedelia
523,8ad068c9-3b51-40bf-a954-ecd7a126fd85,metalcore
523,8ad068c9-3b51-40bf-a954-ecd7a126fd85,hard rock
524,8b29fdb5-2eaf-46b3-9c20-5a5f1d0b6e4e,rock
524,8b29fdb5-2eaf-46b3-9c20-5a5f1d0b6e4e,pop rock
524,8b29fdb5-2eaf-46b3-9c20-5a5f1d0b6e4e,indie rock
524,8b29fdb5-2eaf-46b3-9c20-5a5f1d0b6e4e,alternative rock
525,8b691795-f8b1-4154-b81d-e02dc23a9bf0,post-hardcore
525,8b691795-f8b1-4154-b81d-e02dc23a9bf0,alternative rock
525,8b691795-f8b1-4154-b81d-e02dc23a9bf0,metalcore
526,8b863cf5-b4cb-4dbc-9815-af6a2a7dd1f6,hip hop
526,8b863cf5-b4cb-4dbc-9815-af6a2a7dd1f6,rap
527,8b9c1313-a412-4cbd-9aa4-8764ac05a1f3,hip hop
528,8bc989a4-3153-46ad-bc6f-03d9558a5a7b,bro-country
528,8bc989a4-3153-46ad-bc6f-03d9558a5a7b,pop rock
529,8cbd3954-57f7-4325-a6a7-5508e52a0520,2020s
529,8cbd3954-57f7-4325-a6a7-5508e52a0520,2010s
529,8cbd3954-57f7-4325-a6a7-5508e52a0520,country
530,8cf642f6-93a6-4e1a-a180-797301700060,alternative
530,8cf642f6-93a6-4e1a-a180-797301700060,pop
530,8cf642f6-93a6-4e1a-a180-797301700060,emo
530,8cf642f6-93a6-4e1a-a180-797301700060,pop screamo
530,8cf642f6-93a6-4e1a-a180-797301700060,melodic hardcore
530,8cf642f6-93a6-4e1a-a180-797301700060,pop rock
530,8cf642f6-93a6-4e1a-a180-797301700060,alternative/indie rock
530,8cf642f6-93a6-4e1a-a180-797301700060,easycore
530,8cf642f6-93a6-4e1a-a180-797301700060,experimental rock
530,8cf642f6-93a6-4e1a-a180-797301700060,hardcore punk
530,8cf642f6-93a6-4e1a-a180-797301700060,pop punk
530,8cf642f6-93a6-4e1a-a180-797301700060,alternative rock
530,8cf642f6-93a6-4e1a-a180-797301700060,progressive rock
530,8cf642f6-93a6-4e1a-a180-797301700060,screamo
530,8cf642f6-93a6-4e1a-a180-797301700060,post-hardcore
530,8cf642f6-93a6-4e1a-a180-797301700060,scene
530,8cf642f6-93a6-4e1a-a180-797301700060,rock
530,8cf642f6-93a6-4e1a-a180-797301700060,millennial
531,8d85ff71-6da7-4905-a469-2d55a552b67c,hard rock
531,8d85ff71-6da7-4905-a469-2d55a552b67c,metalcore
532,8d864a42-2ab1-4e42-9932-4c069da48449,post-hardcore
532,8d864a42-2ab1-4e42-9932-4c069da48449,experimental rock
533,8e310e73-33d4-4b80-afaf-620d064749e7,contemporary r&b
533,8e310e73-33d4-4b80-afaf-620d064749e7,nuno
533,8e310e73-33d4-4b80-afaf-620d064749e7,neo soul
533,8e310e73-33d4-4b80-afaf-620d064749e7,r&b
533,8e310e73-33d4-4b80-afaf-620d064749e7,hip hop
534,8e57019e-b2b8-4965-a442-63993c3d1216,easycore
534,8e57019e-b2b8-4965-a442-63993c3d1216,alternative
534,8e57019e-b2b8-4965-a442-63993c3d1216,progressive rock
534,8e57019e-b2b8-4965-a442-63993c3d1216,scene
534,8e57019e-b2b8-4965-a442-63993c3d1216,pop punk
534,8e57019e-b2b8-4965-a442-63993c3d1216,melodic hardcore
534,8e57019e-b2b8-4965-a442-63993c3d1216,screamo
534,8e57019e-b2b8-4965-a442-63993c3d1216,pop rock
534,8e57019e-b2b8-4965-a442-63993c3d1216,alternative/indie rock
534,8e57019e-b2b8-4965-a442-63993c3d1216,millennial
534,8e57019e-b2b8-4965-a442-63993c3d1216,rock
534,8e57019e-b2b8-4965-a442-63993c3d1216,experimental rock
534,8e57019e-b2b8-4965-a442-63993c3d1216,pop screamo
534,8e57019e-b2b8-4965-a442-63993c3d1216,alternative rock
534,8e57019e-b2b8-4965-a442-63993c3d1216,pop
534,8e57019e-b2b8-4965-a442-63993c3d1216,hardcore punk
534,8e57019e-b2b8-4965-a442-63993c3d1216,post-hardcore
534,8e57019e-b2b8-4965-a442-63993c3d1216,emo
535,8e7e8b05-a99d-40ef-86df-8c718e906f3e,female vocals
535,8e7e8b05-a99d-40ef-86df-8c718e906f3e,soul
535,8e7e8b05-a99d-40ef-86df-8c718e906f3e,neo-soul
535,8e7e8b05-a99d-40ef-86df-8c718e906f3e,american
535,8e7e8b05-a99d-40ef-86df-8c718e906f3e,electronic
535,8e7e8b05-a99d-40ef-86df-8c718e906f3e,rnb
535,8e7e8b05-a99d-40ef-86df-8c718e906f3e,alternative rnb
535,8e7e8b05-a99d-40ef-86df-8c718e906f3e,alternative r&b
535,8e7e8b05-a99d-40ef-86df-8c718e906f3e,contemporary r&b
535,8e7e8b05-a99d-40ef-86df-8c718e906f3e,r&b
535,8e7e8b05-a99d-40ef-86df-8c718e906f3e,neo soul
535,8e7e8b05-a99d-40ef-86df-8c718e906f3e,hip hop soul
535,8e7e8b05-a99d-40ef-86df-8c718e906f3e,pop
536,8e88d77c-bfbf-44a4-a3b5-ef23f746ac64,metal
536,8e88d77c-bfbf-44a4-a3b5-ef23f746ac64,metalcore
536,8e88d77c-bfbf-44a4-a3b5-ef23f746ac64,rock
536,8e88d77c-bfbf-44a4-a3b5-ef23f746ac64,pop-punk
536,8e88d77c-bfbf-44a4-a3b5-ef23f746ac64,melodic metalcore
536,8e88d77c-bfbf-44a4-a3b5-ef23f746ac64,nu metal
536,8e88d77c-bfbf-44a4-a3b5-ef23f746ac64,pop rock
536,8e88d77c-bfbf-44a4-a3b5-ef23f746ac64,post-hardcore
536,8e88d77c-bfbf-44a4-a3b5-ef23f746ac64,hard rock
536,8e88d77c-bfbf-44a4-a3b5-ef23f746ac64,alternative metal
537,8ead7130-7ff9-4491-9837-e16610d3ebdb,hip hop
537,8ead7130-7ff9-4491-9837-e16610d3ebdb,boom bap
537,8ead7130-7ff9-4491-9837-e16610d3ebdb,conscious hip hop
537,8ead7130-7ff9-4491-9837-e16610d3ebdb,jazz rap
537,8ead7130-7ff9-4491-9837-e16610d3ebdb,east coast hip hop
537,8ead7130-7ff9-4491-9837-e16610d3ebdb,hardcore hip hop
538,8eccc484-bba1-4ca0-8600-41c8be9976a9,pop
538,8eccc484-bba1-4ca0-8600-41c8be9976a9,trap rap
538,8eccc484-bba1-4ca0-8600-41c8be9976a9,contemporary r&b
538,8eccc484-bba1-4ca0-8600-41c8be9976a9,r&b
538,8eccc484-bba1-4ca0-8600-41c8be9976a9,pop rap
538,8eccc484-bba1-4ca0-8600-41c8be9976a9,hip hop
538,8eccc484-bba1-4ca0-8600-41c8be9976a9,trap
538,8eccc484-bba1-4ca0-8600-41c8be9976a9,top 100
538,8eccc484-bba1-4ca0-8600-41c8be9976a9,top 5
538,8eccc484-bba1-4ca0-8600-41c8be9976a9,top 10
538,8eccc484-bba1-4ca0-8600-41c8be9976a9,sxsw
538,8eccc484-bba1-4ca0-8600-41c8be9976a9,hip-hop
538,8eccc484-bba1-4ca0-8600-41c8be9976a9,alternative r&b
538,8eccc484-bba1-4ca0-8600-41c8be9976a9,southern hip hop
538,8eccc484-bba1-4ca0-8600-41c8be9976a9,hardcore hip hop
538,8eccc484-bba1-4ca0-8600-41c8be9976a9,rap
539,8f0b7bfd-a9fd-426d-a53b-75f5d98cb00a,progressive
539,8f0b7bfd-a9fd-426d-a53b-75f5d98cb00a,experimental
539,8f0b7bfd-a9fd-426d-a53b-75f5d98cb00a,post-hardcore
539,8f0b7bfd-a9fd-426d-a53b-75f5d98cb00a,progressive rock
540,8f5337a4-5ae0-4907-b714-b810a8255be2,2010s
540,8f5337a4-5ae0-4907-b714-b810a8255be2,hip hop
540,8f5337a4-5ae0-4907-b714-b810a8255be2,trap
540,8f5337a4-5ae0-4907-b714-b810a8255be2,pop rap
540,8f5337a4-5ae0-4907-b714-b810a8255be2,cloud rap
540,8f5337a4-5ae0-4907-b714-b810a8255be2,east coast hip hop
540,8f5337a4-5ae0-4907-b714-b810a8255be2,trap
540,8f5337a4-5ae0-4907-b714-b810a8255be2,experimental hip hop
540,8f5337a4-5ae0-4907-b714-b810a8255be2,hardcore hip hop
540,8f5337a4-5ae0-4907-b714-b810a8255be2,hip hop
540,8f5337a4-5ae0-4907-b714-b810a8255be2,east coast hip hop
541,8f57f060-37fe-4466-a6e1-0e1537e635a6,pop rock
541,8f57f060-37fe-4466-a6e1-0e1537e635a6,alternative rock
542,8f5c75b7-6b02-4709-9546-3480e6632621,metal
542,8f5c75b7-6b02-4709-9546-3480e6632621,post-hardcore
542,8f5c75b7-6b02-4709-9546-3480e6632621,alternative metal
542,8f5c75b7-6b02-4709-9546-3480e6632621,nu metal
542,8f5c75b7-6b02-4709-9546-3480e6632621,gothic metal
542,8f5c75b7-6b02-4709-9546-3480e6632621,metalcore
542,8f5c75b7-6b02-4709-9546-3480e6632621,industrial metal
542,8f5c75b7-6b02-4709-9546-3480e6632621,hardcore
543,8fba68a9-6795-4148-bc2d-8a1550a27b06,hip hop
543,8fba68a9-6795-4148-bc2d-8a1550a27b06,hardcore hip hop
543,8fba68a9-6795-4148-bc2d-8a1550a27b06,east coast hip hop
543,8fba68a9-6795-4148-bc2d-8a1550a27b06,jazz rap
543,8fba68a9-6795-4148-bc2d-8a1550a27b06,boom bap
543,8fba68a9-6795-4148-bc2d-8a1550a27b06,conscious hip hop
544,8fe9f33c-ab92-4231-acdc-e5dbdcd28557,red dirt
544,8fe9f33c-ab92-4231-acdc-e5dbdcd28557,country
544,8fe9f33c-ab92-4231-acdc-e5dbdcd28557,americana
544,8fe9f33c-ab92-4231-acdc-e5dbdcd28557,alternative country
545,90406cd0-cba3-474a-8a59-dd844859ec52,rage
545,90406cd0-cba3-474a-8a59-dd844859ec52,experimental hip hop
545,90406cd0-cba3-474a-8a59-dd844859ec52,contemporary rap
545,90406cd0-cba3-474a-8a59-dd844859ec52,alternative r&b
545,90406cd0-cba3-474a-8a59-dd844859ec52,rap rock
545,90406cd0-cba3-474a-8a59-dd844859ec52,pop
545,90406cd0-cba3-474a-8a59-dd844859ec52,electronica
545,90406cd0-cba3-474a-8a59-dd844859ec52,mumble rap
545,90406cd0-cba3-474a-8a59-dd844859ec52,dubstep
545,90406cd0-cba3-474a-8a59-dd844859ec52,cloud rap
545,90406cd0-cba3-474a-8a59-dd844859ec52,emo rap
545,90406cd0-cba3-474a-8a59-dd844859ec52,rock
545,90406cd0-cba3-474a-8a59-dd844859ec52,midwest hip-hop
545,90406cd0-cba3-474a-8a59-dd844859ec52,alternative rock
545,90406cd0-cba3-474a-8a59-dd844859ec52,edm
545,90406cd0-cba3-474a-8a59-dd844859ec52,trap
545,90406cd0-cba3-474a-8a59-dd844859ec52,canadian
545,90406cd0-cba3-474a-8a59-dd844859ec52,soul
545,90406cd0-cba3-474a-8a59-dd844859ec52,canadian hip-hop
545,90406cd0-cba3-474a-8a59-dd844859ec52,r&b
545,90406cd0-cba3-474a-8a59-dd844859ec52,contemporary r&b
545,90406cd0-cba3-474a-8a59-dd844859ec52,alternative r&b
545,90406cd0-cba3-474a-8a59-dd844859ec52,partynextdoor
545,90406cd0-cba3-474a-8a59-dd844859ec52,trap soul
545,90406cd0-cba3-474a-8a59-dd844859ec52,dark r&b
545,90406cd0-cba3-474a-8a59-dd844859ec52,hip hop
545,90406cd0-cba3-474a-8a59-dd844859ec52,pop punk
545,90406cd0-cba3-474a-8a59-dd844859ec52,contemporary r&b
545,90406cd0-cba3-474a-8a59-dd844859ec52,african
545,90406cd0-cba3-474a-8a59-dd844859ec52,soundcloud rap
545,90406cd0-cba3-474a-8a59-dd844859ec52,melodic rap
545,90406cd0-cba3-474a-8a59-dd844859ec52,trap music
545,90406cd0-cba3-474a-8a59-dd844859ec52,drum and bass
545,90406cd0-cba3-474a-8a59-dd844859ec52,alternative hip hop
545,90406cd0-cba3-474a-8a59-dd844859ec52,dance
546,90eaf0bb-c08f-4cd2-9b4a-184b825d4911,pop rock
546,90eaf0bb-c08f-4cd2-9b4a-184b825d4911,punk
546,90eaf0bb-c08f-4cd2-9b4a-184b825d4911,pop punk
546,90eaf0bb-c08f-4cd2-9b4a-184b825d4911,rock
547,911b128c-2d1c-449d-9e5e-9d276f039e7c,gangsta rap
547,911b128c-2d1c-449d-9e5e-9d276f039e7c,trap
547,911b128c-2d1c-449d-9e5e-9d276f039e7c,hardcore hip hop
547,911b128c-2d1c-449d-9e5e-9d276f039e7c,hip hop
547,911b128c-2d1c-449d-9e5e-9d276f039e7c,west coast hip hop
548,92cd371f-4279-492b-8e9f-5df8a9c75109,
549,933ae3a5-2a69-48d7-a586-8388a24f37f9,heavy metal
549,933ae3a5-2a69-48d7-a586-8388a24f37f9,trancecore
549,933ae3a5-2a69-48d7-a586-8388a24f37f9,post-hardcore
549,933ae3a5-2a69-48d7-a586-8388a24f37f9,alternative metal
549,933ae3a5-2a69-48d7-a586-8388a24f37f9,electronic
549,933ae3a5-2a69-48d7-a586-8388a24f37f9,screamo
549,933ae3a5-2a69-48d7-a586-8388a24f37f9,metalcore
550,93d73271-7d5c-41e1-8bf3-2f3b00e86557,electropop
550,93d73271-7d5c-41e1-8bf3-2f3b00e86557,alternative rock
550,93d73271-7d5c-41e1-8bf3-2f3b00e86557,rock
550,93d73271-7d5c-41e1-8bf3-2f3b00e86557,hard rock
550,93d73271-7d5c-41e1-8bf3-2f3b00e86557,post-grunge
550,93d73271-7d5c-41e1-8bf3-2f3b00e86557,pop rock
550,93d73271-7d5c-41e1-8bf3-2f3b00e86557,funk rock
551,93e5f89d-94a5-4db3-ba43-fb28de47b62b,
552,944ae9f7-5334-43d6-8a9e-8d9b9b5fb5ee,country
552,944ae9f7-5334-43d6-8a9e-8d9b9b5fb5ee,2020s
552,944ae9f7-5334-43d6-8a9e-8d9b9b5fb5ee,country pop
553,94b94e05-747c-4ef3-9342-aa35862516aa,art pop
553,94b94e05-747c-4ef3-9342-aa35862516aa,progressive rock
553,94b94e05-747c-4ef3-9342-aa35862516aa,alternative metal
553,94b94e05-747c-4ef3-9342-aa35862516aa,alternative r&b
553,94b94e05-747c-4ef3-9342-aa35862516aa,alternative pop
553,94b94e05-747c-4ef3-9342-aa35862516aa,djent
553,94b94e05-747c-4ef3-9342-aa35862516aa,progressive metal
554,94c56fb1-228f-48db-8851-76602fb657aa,hip hop
554,94c56fb1-228f-48db-8851-76602fb657aa,rap
554,94c56fb1-228f-48db-8851-76602fb657aa,experimental hip hop
554,94c56fb1-228f-48db-8851-76602fb657aa,hip hop
554,94c56fb1-228f-48db-8851-76602fb657aa,hardcore hip hop
554,94c56fb1-228f-48db-8851-76602fb657aa,pop rap
554,94c56fb1-228f-48db-8851-76602fb657aa,trap
554,94c56fb1-228f-48db-8851-76602fb657aa,gangsta rap
554,94c56fb1-228f-48db-8851-76602fb657aa,west coast hip hop
554,94c56fb1-228f-48db-8851-76602fb657aa,english
554,94c56fb1-228f-48db-8851-76602fb657aa,southern hip hop
554,94c56fb1-228f-48db-8851-76602fb657aa,trap
555,955167b4-b23c-4a3e-826f-94d8fa916a95,pop rock
555,955167b4-b23c-4a3e-826f-94d8fa916a95,big music
555,955167b4-b23c-4a3e-826f-94d8fa916a95,alternative pop
555,955167b4-b23c-4a3e-826f-94d8fa916a95,electropop
555,955167b4-b23c-4a3e-826f-94d8fa916a95,electronic
555,955167b4-b23c-4a3e-826f-94d8fa916a95,alternative rock
555,955167b4-b23c-4a3e-826f-94d8fa916a95,rock
556,955962c6-7e95-4223-ba17-9103a92b624f,
557,95adf7f2-ebc4-48fd-a19f-83e6fa1aad93,2020s
557,95adf7f2-ebc4-48fd-a19f-83e6fa1aad93,country pop
557,95adf7f2-ebc4-48fd-a19f-83e6fa1aad93,bro-country
557,95adf7f2-ebc4-48fd-a19f-83e6fa1aad93,country pop
557,95adf7f2-ebc4-48fd-a19f-83e6fa1aad93,country
558,967a0c9a-58f2-4452-adef-bbdaf5ade84d,
559,96a82e91-829d-44ec-a4f5-fa50a68141f0,hip hop
559,96a82e91-829d-44ec-a4f5-fa50a68141f0,trap
559,96a82e91-829d-44ec-a4f5-fa50a68141f0,alternative r&b
560,97219ded-43e6-4fce-b934-ea88eca5d7cd,electropop
560,97219ded-43e6-4fce-b934-ea88eca5d7cd,pop punk
560,97219ded-43e6-4fce-b934-ea88eca5d7cd,alternative/indie rock
560,97219ded-43e6-4fce-b934-ea88eca5d7cd,punk
560,97219ded-43e6-4fce-b934-ea88eca5d7cd,emo-pop
560,97219ded-43e6-4fce-b934-ea88eca5d7cd,indie rock
560,97219ded-43e6-4fce-b934-ea88eca5d7cd,alternative rock
560,97219ded-43e6-4fce-b934-ea88eca5d7cd,pop
560,97219ded-43e6-4fce-b934-ea88eca5d7cd,pop rock
560,97219ded-43e6-4fce-b934-ea88eca5d7cd,emo pop
560,97219ded-43e6-4fce-b934-ea88eca5d7cd,alternative
560,97219ded-43e6-4fce-b934-ea88eca5d7cd,emo
561,975629ad-d3a9-4ec6-81f0-c1165b034250,
562,97b56114-29a7-4157-a0f4-698f405f5b3d,alternative hip hop
562,97b56114-29a7-4157-a0f4-698f405f5b3d,dancehall
562,97b56114-29a7-4157-a0f4-698f405f5b3d,contemporary r&b
562,97b56114-29a7-4157-a0f4-698f405f5b3d,r&b
562,97b56114-29a7-4157-a0f4-698f405f5b3d,canadian hip hop
562,97b56114-29a7-4157-a0f4-698f405f5b3d,alternative r&b
562,97b56114-29a7-4157-a0f4-698f405f5b3d,hip hop
563,97fd9e63-a12d-42eb-b47f-8420276f4c73,alternative r&b
563,97fd9e63-a12d-42eb-b47f-8420276f4c73,progressive metal
563,97fd9e63-a12d-42eb-b47f-8420276f4c73,djent
563,97fd9e63-a12d-42eb-b47f-8420276f4c73,alternative pop
563,97fd9e63-a12d-42eb-b47f-8420276f4c73,alternative metal
563,97fd9e63-a12d-42eb-b47f-8420276f4c73,progressive rock
563,97fd9e63-a12d-42eb-b47f-8420276f4c73,art pop
564,9802ef13-2531-4f5a-92ac-5d23ca3c9412,pop rap
564,9802ef13-2531-4f5a-92ac-5d23ca3c9412,west coast hip hop
564,9802ef13-2531-4f5a-92ac-5d23ca3c9412,hip hop
564,9802ef13-2531-4f5a-92ac-5d23ca3c9412,instrumental hip hop
565,9833925b-dc91-4a1a-8914-8dabda38f3c9,dancehall
565,9833925b-dc91-4a1a-8914-8dabda38f3c9,contemporary r&b
565,9833925b-dc91-4a1a-8914-8dabda38f3c9,r&b
565,9833925b-dc91-4a1a-8914-8dabda38f3c9,alternative hip hop
565,9833925b-dc91-4a1a-8914-8dabda38f3c9,canadian hip hop
565,9833925b-dc91-4a1a-8914-8dabda38f3c9,alternative r&b
565,9833925b-dc91-4a1a-8914-8dabda38f3c9,hip hop
566,984a366d-54fd-464b-a6e9-2ab043068964,
567,9881d7bb-ac1c-4f0d-af88-3793cf9ea288,top 5
567,9881d7bb-ac1c-4f0d-af88-3793cf9ea288,west coast hip hop
567,9881d7bb-ac1c-4f0d-af88-3793cf9ea288,hip hop
567,9881d7bb-ac1c-4f0d-af88-3793cf9ea288,drake
567,9881d7bb-ac1c-4f0d-af88-3793cf9ea288,alternative r&b
567,9881d7bb-ac1c-4f0d-af88-3793cf9ea288,top 100
567,9881d7bb-ac1c-4f0d-af88-3793cf9ea288,rap
567,9881d7bb-ac1c-4f0d-af88-3793cf9ea288,r&b
567,9881d7bb-ac1c-4f0d-af88-3793cf9ea288,hip hop
567,9881d7bb-ac1c-4f0d-af88-3793cf9ea288,sxsw
567,9881d7bb-ac1c-4f0d-af88-3793cf9ea288,contemporary r&b
567,9881d7bb-ac1c-4f0d-af88-3793cf9ea288,ratchet music
567,9881d7bb-ac1c-4f0d-af88-3793cf9ea288,pop rap
567,9881d7bb-ac1c-4f0d-af88-3793cf9ea288,trap
567,9881d7bb-ac1c-4f0d-af88-3793cf9ea288,yg
567,9881d7bb-ac1c-4f0d-af88-3793cf9ea288,top 10
567,9881d7bb-ac1c-4f0d-af88-3793cf9ea288,trap rap
567,9881d7bb-ac1c-4f0d-af88-3793cf9ea288,hip-hop
567,9881d7bb-ac1c-4f0d-af88-3793cf9ea288,hardcore hip hop
567,9881d7bb-ac1c-4f0d-af88-3793cf9ea288,pop
567,9881d7bb-ac1c-4f0d-af88-3793cf9ea288,southern hip hop
568,99592600-f6a5-4d61-84c9-67002c202985,melodic metalcore
568,99592600-f6a5-4d61-84c9-67002c202985,electronic rock
568,99592600-f6a5-4d61-84c9-67002c202985,deathcore
568,99592600-f6a5-4d61-84c9-67002c202985,drum and bass
568,99592600-f6a5-4d61-84c9-67002c202985,alternative rock
568,99592600-f6a5-4d61-84c9-67002c202985,pop
568,99592600-f6a5-4d61-84c9-67002c202985,post-hardcore
568,99592600-f6a5-4d61-84c9-67002c202985,pop rock
568,99592600-f6a5-4d61-84c9-67002c202985,rock
568,99592600-f6a5-4d61-84c9-67002c202985,house
568,99592600-f6a5-4d61-84c9-67002c202985,alternative metal
568,99592600-f6a5-4d61-84c9-67002c202985,heavy metal
568,99592600-f6a5-4d61-84c9-67002c202985,psychedelic rock
568,99592600-f6a5-4d61-84c9-67002c202985,screamo
568,99592600-f6a5-4d61-84c9-67002c202985,emo
568,99592600-f6a5-4d61-84c9-67002c202985,nu metal
568,99592600-f6a5-4d61-84c9-67002c202985,hard rock
568,99592600-f6a5-4d61-84c9-67002c202985,electronic
568,99592600-f6a5-4d61-84c9-67002c202985,metalcore
568,99592600-f6a5-4d61-84c9-67002c202985,alternative/indie rock
569,9a16bb02-172e-4e40-a3f5-4330f4547ec0,
570,9a343d9f-77c4-44af-b900-32b901890ee8,alternative rock
570,9a343d9f-77c4-44af-b900-32b901890ee8,progressive rock
570,9a343d9f-77c4-44af-b900-32b901890ee8,pop screamo
570,9a343d9f-77c4-44af-b900-32b901890ee8,millennial
570,9a343d9f-77c4-44af-b900-32b901890ee8,easycore
570,9a343d9f-77c4-44af-b900-32b901890ee8,alternative/indie rock
570,9a343d9f-77c4-44af-b900-32b901890ee8,scene
570,9a343d9f-77c4-44af-b900-32b901890ee8,post-hardcore
570,9a343d9f-77c4-44af-b900-32b901890ee8,melodic hardcore
570,9a343d9f-77c4-44af-b900-32b901890ee8,pop punk
570,9a343d9f-77c4-44af-b900-32b901890ee8,pop rock
570,9a343d9f-77c4-44af-b900-32b901890ee8,experimental rock
570,9a343d9f-77c4-44af-b900-32b901890ee8,hardcore punk
570,9a343d9f-77c4-44af-b900-32b901890ee8,screamo
570,9a343d9f-77c4-44af-b900-32b901890ee8,alternative
570,9a343d9f-77c4-44af-b900-32b901890ee8,rock
570,9a343d9f-77c4-44af-b900-32b901890ee8,emo
570,9a343d9f-77c4-44af-b900-32b901890ee8,pop
571,9a37994c-8896-43e5-92ea-4135934300fc,
572,9a79c037-0ef6-4146-81a5-8cdd8c558b9e,2020s
572,9a79c037-0ef6-4146-81a5-8cdd8c558b9e,indie pop
572,9a79c037-0ef6-4146-81a5-8cdd8c558b9e,gen z
572,9a79c037-0ef6-4146-81a5-8cdd8c558b9e,pop rock
573,9aaf6fdf-42d6-42bd-89f8-514d0c19edee,trap
573,9aaf6fdf-42d6-42bd-89f8-514d0c19edee,southern hip hop
573,9aaf6fdf-42d6-42bd-89f8-514d0c19edee,trap rap
573,9aaf6fdf-42d6-42bd-89f8-514d0c19edee,trap
573,9aaf6fdf-42d6-42bd-89f8-514d0c19edee,2010s
573,9aaf6fdf-42d6-42bd-89f8-514d0c19edee,rap
573,9aaf6fdf-42d6-42bd-89f8-514d0c19edee,2020s
573,9aaf6fdf-42d6-42bd-89f8-514d0c19edee,hip hop
573,9aaf6fdf-42d6-42bd-89f8-514d0c19edee,southern hip hop
573,9aaf6fdf-42d6-42bd-89f8-514d0c19edee,pop rap
573,9aaf6fdf-42d6-42bd-89f8-514d0c19edee,english
573,9aaf6fdf-42d6-42bd-89f8-514d0c19edee,experimental hip hop
573,9aaf6fdf-42d6-42bd-89f8-514d0c19edee,hip hop
573,9aaf6fdf-42d6-42bd-89f8-514d0c19edee,english
573,9aaf6fdf-42d6-42bd-89f8-514d0c19edee,hip hop
573,9aaf6fdf-42d6-42bd-89f8-514d0c19edee,trap
574,9af0c4a5-1d3d-4fb1-854b-4f5d64d9aeda,gen z
574,9af0c4a5-1d3d-4fb1-854b-4f5d64d9aeda,trap edm
574,9af0c4a5-1d3d-4fb1-854b-4f5d64d9aeda,trap
574,9af0c4a5-1d3d-4fb1-854b-4f5d64d9aeda,2010s
574,9af0c4a5-1d3d-4fb1-854b-4f5d64d9aeda,emo rap
574,9af0c4a5-1d3d-4fb1-854b-4f5d64d9aeda,hip hop
574,9af0c4a5-1d3d-4fb1-854b-4f5d64d9aeda,english
574,9af0c4a5-1d3d-4fb1-854b-4f5d64d9aeda,rap
574,9af0c4a5-1d3d-4fb1-854b-4f5d64d9aeda,east coast hip hop
574,9af0c4a5-1d3d-4fb1-854b-4f5d64d9aeda,alternative hip hop
574,9af0c4a5-1d3d-4fb1-854b-4f5d64d9aeda,edm
574,9af0c4a5-1d3d-4fb1-854b-4f5d64d9aeda,chicago drill
574,9af0c4a5-1d3d-4fb1-854b-4f5d64d9aeda,progressive house
574,9af0c4a5-1d3d-4fb1-854b-4f5d64d9aeda,hip hop
574,9af0c4a5-1d3d-4fb1-854b-4f5d64d9aeda,future bass
575,9b4f8fb8-2171-457f-93ae-b454dbeae4f1,
576,9b6a9642-c087-42d3-95fe-f8b570cf80bd,country
576,9b6a9642-c087-42d3-95fe-f8b570cf80bd,hard rock
576,9b6a9642-c087-42d3-95fe-f8b570cf80bd,country pop
577,9b75b02f-942f-4b5b-83fa-0aeab2f236de,house
577,9b75b02f-942f-4b5b-83fa-0aeab2f236de,jazz
577,9b75b02f-942f-4b5b-83fa-0aeab2f236de,west coast hip hop
577,9b75b02f-942f-4b5b-83fa-0aeab2f236de,hardcore hip hop
577,9b75b02f-942f-4b5b-83fa-0aeab2f236de,hip hop
577,9b75b02f-942f-4b5b-83fa-0aeab2f236de,trap
577,9b75b02f-942f-4b5b-83fa-0aeab2f236de,pop
577,9b75b02f-942f-4b5b-83fa-0aeab2f236de,conscious hip hop
577,9b75b02f-942f-4b5b-83fa-0aeab2f236de,jazz rap
577,9b75b02f-942f-4b5b-83fa-0aeab2f236de,alternative hip hop
577,9b75b02f-942f-4b5b-83fa-0aeab2f236de,gangsta rap
577,9b75b02f-942f-4b5b-83fa-0aeab2f236de,2020s
577,9b75b02f-942f-4b5b-83fa-0aeab2f236de,2010s
577,9b75b02f-942f-4b5b-83fa-0aeab2f236de,conscious rapper
577,9b75b02f-942f-4b5b-83fa-0aeab2f236de,pop rap
577,9b75b02f-942f-4b5b-83fa-0aeab2f236de,contemporary rap
577,9b75b02f-942f-4b5b-83fa-0aeab2f236de,future bass
577,9b75b02f-942f-4b5b-83fa-0aeab2f236de,r&b
577,9b75b02f-942f-4b5b-83fa-0aeab2f236de,rap
577,9b75b02f-942f-4b5b-83fa-0aeab2f236de,disco
577,9b75b02f-942f-4b5b-83fa-0aeab2f236de,progressive rap
577,9b75b02f-942f-4b5b-83fa-0aeab2f236de,dance
578,9bb1b3b2-93da-4601-b68f-ba60fe7ebf2f,pop
578,9bb1b3b2-93da-4601-b68f-ba60fe7ebf2f,experimental rock
578,9bb1b3b2-93da-4601-b68f-ba60fe7ebf2f,alternative/indie rock
578,9bb1b3b2-93da-4601-b68f-ba60fe7ebf2f,swancore
578,9bb1b3b2-93da-4601-b68f-ba60fe7ebf2f,emo
578,9bb1b3b2-93da-4601-b68f-ba60fe7ebf2f,metalcore
578,9bb1b3b2-93da-4601-b68f-ba60fe7ebf2f,hardcore
578,9bb1b3b2-93da-4601-b68f-ba60fe7ebf2f,emocore
578,9bb1b3b2-93da-4601-b68f-ba60fe7ebf2f,rock
578,9bb1b3b2-93da-4601-b68f-ba60fe7ebf2f,screamo
578,9bb1b3b2-93da-4601-b68f-ba60fe7ebf2f,post-hardcore
578,9bb1b3b2-93da-4601-b68f-ba60fe7ebf2f,math rock
578,9bb1b3b2-93da-4601-b68f-ba60fe7ebf2f,experimental
578,9bb1b3b2-93da-4601-b68f-ba60fe7ebf2f,progressive rock
579,9bbbcfe8-f2bd-49e4-94b6-97c86d20fd9b,indie rock
579,9bbbcfe8-f2bd-49e4-94b6-97c86d20fd9b,rock
579,9bbbcfe8-f2bd-49e4-94b6-97c86d20fd9b,alternative rock
579,9bbbcfe8-f2bd-49e4-94b6-97c86d20fd9b,pop rock
580,9bfac69e-f571-43f3-8f54-e3af4e41bc85,
581,9c0159e5-9e52-4bb2-b943-63157bd976f2,folk rock
581,9c0159e5-9e52-4bb2-b943-63157bd976f2,indie rock
581,9c0159e5-9e52-4bb2-b943-63157bd976f2,psychedelic rock
581,9c0159e5-9e52-4bb2-b943-63157bd976f2,experimental rock
582,9c649ce0-ea55-44f6-b84f-974c997c36ee,west coast hip hop
582,9c649ce0-ea55-44f6-b84f-974c997c36ee,hip hop
583,9cd2e72e-467d-46ff-9aa5-500863188b66,
584,9d1f7b1a-b61b-4a0f-a2ad-88bfcb27765e,post-metalcore
584,9d1f7b1a-b61b-4a0f-a2ad-88bfcb27765e,metal
584,9d1f7b1a-b61b-4a0f-a2ad-88bfcb27765e,post-hardcore
584,9d1f7b1a-b61b-4a0f-a2ad-88bfcb27765e,metalcore
585,9db22a17-d40e-46f2-a07a-38554cec793e,pop rock
585,9db22a17-d40e-46f2-a07a-38554cec793e,emo pop
585,9db22a17-d40e-46f2-a07a-38554cec793e,pop punk
585,9db22a17-d40e-46f2-a07a-38554cec793e,alternative rock
585,9db22a17-d40e-46f2-a07a-38554cec793e,rock
585,9db22a17-d40e-46f2-a07a-38554cec793e,hard rock
586,9e0f4abb-0026-4e0f-8514-eff7a6260cce,rapper
586,9e0f4abb-0026-4e0f-8514-eff7a6260cce,hip hop
586,9e0f4abb-0026-4e0f-8514-eff7a6260cce,southern hip hop
586,9e0f4abb-0026-4e0f-8514-eff7a6260cce,trap
587,9e78a65d-6c2b-4590-8dc8-14729d7079f7,
588,9e820e5e-6964-4ac0-9e43-5cbd858bb951,tumblr
588,9e820e5e-6964-4ac0-9e43-5cbd858bb951,indie pop
588,9e820e5e-6964-4ac0-9e43-5cbd858bb951,alternative rock
589,9ebde8bc-9b6f-401e-bcb1-945ce945f492,social media pop
589,9ebde8bc-9b6f-401e-bcb1-945ce945f492,dance-pop
589,9ebde8bc-9b6f-401e-bcb1-945ce945f492,contemporary singer/songwriter
589,9ebde8bc-9b6f-401e-bcb1-945ce945f492,contemporary pop/rock
589,9ebde8bc-9b6f-401e-bcb1-945ce945f492,pop
589,9ebde8bc-9b6f-401e-bcb1-945ce945f492,country pop
589,9ebde8bc-9b6f-401e-bcb1-945ce945f492,country
590,9ef5932a-2613-4885-9dc7-08b9a029fde6,southern hip hop
590,9ef5932a-2613-4885-9dc7-08b9a029fde6,trap
590,9ef5932a-2613-4885-9dc7-08b9a029fde6,hip hop
590,9ef5932a-2613-4885-9dc7-08b9a029fde6,southern hip hop
590,9ef5932a-2613-4885-9dc7-08b9a029fde6,hip hop
590,9ef5932a-2613-4885-9dc7-08b9a029fde6,trap
590,9ef5932a-2613-4885-9dc7-08b9a029fde6,rapper
591,9f26dd50-aff9-4071-b074-1c41d9846555,alternative pop
591,9f26dd50-aff9-4071-b074-1c41d9846555,alternative r&b
591,9f26dd50-aff9-4071-b074-1c41d9846555,djent
591,9f26dd50-aff9-4071-b074-1c41d9846555,progressive rock
591,9f26dd50-aff9-4071-b074-1c41d9846555,progressive metal
591,9f26dd50-aff9-4071-b074-1c41d9846555,alternative metal
591,9f26dd50-aff9-4071-b074-1c41d9846555,art pop
592,9f8755f0-f7b7-428a-842c-2f445ae46626,country
592,9f8755f0-f7b7-428a-842c-2f445ae46626,country pop
592,9f8755f0-f7b7-428a-842c-2f445ae46626,2020s
592,9f8755f0-f7b7-428a-842c-2f445ae46626,country
593,9fb70338-01ac-4e97-abd1-1309b668a93b,nu metal
594,9fe166f6-d058-404d-a027-aa3aebb4a7b2,
595,9fe36530-2a56-41ee-a8ac-7d98882a549c,
596,9fe91458-11d1-4f9b-95c8-6cb0ef5d9cfd,alternative metal
596,9fe91458-11d1-4f9b-95c8-6cb0ef5d9cfd,metalcore
597,a02e1d28-bdf9-4162-8e95-8d415d2e5416,australian
597,a02e1d28-bdf9-4162-8e95-8d415d2e5416,progressive metalcore
597,a02e1d28-bdf9-4162-8e95-8d415d2e5416,metalcore
597,a02e1d28-bdf9-4162-8e95-8d415d2e5416,alternative metal
597,a02e1d28-bdf9-4162-8e95-8d415d2e5416,progressive metal
598,a041a8dc-40ef-4331-b95b-7c0d2174bab8,
599,a06348fb-0384-4951-bd88-8ca95b44d15f,indie rock
600,a07f4b0e-7923-4f34-b6a9-4e4be0be8fa0,pop rap
600,a07f4b0e-7923-4f34-b6a9-4e4be0be8fa0,alternative hip hop
600,a07f4b0e-7923-4f34-b6a9-4e4be0be8fa0,boom bap
600,a07f4b0e-7923-4f34-b6a9-4e4be0be8fa0,conscious hip hop
600,a07f4b0e-7923-4f34-b6a9-4e4be0be8fa0,east coast hip hop
600,a07f4b0e-7923-4f34-b6a9-4e4be0be8fa0,pop
600,a07f4b0e-7923-4f34-b6a9-4e4be0be8fa0,rap
600,a07f4b0e-7923-4f34-b6a9-4e4be0be8fa0,hip hop
600,a07f4b0e-7923-4f34-b6a9-4e4be0be8fa0,pop rap
600,a07f4b0e-7923-4f34-b6a9-4e4be0be8fa0,trap
600,a07f4b0e-7923-4f34-b6a9-4e4be0be8fa0,hip hop
601,a0a38516-c9c3-4a05-a2bf-523b6ca219ab,disco
601,a0a38516-c9c3-4a05-a2bf-523b6ca219ab,pop rap
601,a0a38516-c9c3-4a05-a2bf-523b6ca219ab,r&b
601,a0a38516-c9c3-4a05-a2bf-523b6ca219ab,2010s
601,a0a38516-c9c3-4a05-a2bf-523b6ca219ab,conscious rapper
601,a0a38516-c9c3-4a05-a2bf-523b6ca219ab,contemporary rap
601,a0a38516-c9c3-4a05-a2bf-523b6ca219ab,future bass
601,a0a38516-c9c3-4a05-a2bf-523b6ca219ab,house
601,a0a38516-c9c3-4a05-a2bf-523b6ca219ab,dance
601,a0a38516-c9c3-4a05-a2bf-523b6ca219ab,progressive rap
601,a0a38516-c9c3-4a05-a2bf-523b6ca219ab,jazz
601,a0a38516-c9c3-4a05-a2bf-523b6ca219ab,alternative hip hop
601,a0a38516-c9c3-4a05-a2bf-523b6ca219ab,rap
601,a0a38516-c9c3-4a05-a2bf-523b6ca219ab,west coast hip hop
601,a0a38516-c9c3-4a05-a2bf-523b6ca219ab,hardcore hip hop
601,a0a38516-c9c3-4a05-a2bf-523b6ca219ab,hip hop
601,a0a38516-c9c3-4a05-a2bf-523b6ca219ab,trap
601,a0a38516-c9c3-4a05-a2bf-523b6ca219ab,pop
601,a0a38516-c9c3-4a05-a2bf-523b6ca219ab,conscious hip hop
601,a0a38516-c9c3-4a05-a2bf-523b6ca219ab,jazz rap
601,a0a38516-c9c3-4a05-a2bf-523b6ca219ab,rnb
601,a0a38516-c9c3-4a05-a2bf-523b6ca219ab,pop
601,a0a38516-c9c3-4a05-a2bf-523b6ca219ab,soul
601,a0a38516-c9c3-4a05-a2bf-523b6ca219ab,hip hop soul
601,a0a38516-c9c3-4a05-a2bf-523b6ca219ab,neo soul
601,a0a38516-c9c3-4a05-a2bf-523b6ca219ab,r&b
601,a0a38516-c9c3-4a05-a2bf-523b6ca219ab,contemporary r&b
601,a0a38516-c9c3-4a05-a2bf-523b6ca219ab,alternative r&b
601,a0a38516-c9c3-4a05-a2bf-523b6ca219ab,female vocals
601,a0a38516-c9c3-4a05-a2bf-523b6ca219ab,alternative rnb
601,a0a38516-c9c3-4a05-a2bf-523b6ca219ab,electronic
601,a0a38516-c9c3-4a05-a2bf-523b6ca219ab,american
601,a0a38516-c9c3-4a05-a2bf-523b6ca219ab,neo-soul
601,a0a38516-c9c3-4a05-a2bf-523b6ca219ab,gangsta rap
601,a0a38516-c9c3-4a05-a2bf-523b6ca219ab,2020s
602,a0d4c789-afe1-4552-b078-57f8f4611a24,hard rock
602,a0d4c789-afe1-4552-b078-57f8f4611a24,metalcore
603,a1046a80-a9ab-445b-a0b6-a5e4ca1b243f,alternative metal
603,a1046a80-a9ab-445b-a0b6-a5e4ca1b243f,rock
603,a1046a80-a9ab-445b-a0b6-a5e4ca1b243f,nu metal
603,a1046a80-a9ab-445b-a0b6-a5e4ca1b243f,hard rock
604,a12f406d-cdeb-498c-b2a9-c4779dbba9e4,
605,a16f05b4-2644-4075-a548-9c0749105471,
606,a170e2e6-de48-4781-9ed5-4147c5928fc8,rap
606,a170e2e6-de48-4781-9ed5-4147c5928fc8,hip hop
607,a17e1a8a-eb0e-4c73-a57a-21a083223a80,hip hop
607,a17e1a8a-eb0e-4c73-a57a-21a083223a80,death by murder
607,a17e1a8a-eb0e-4c73-a57a-21a083223a80,lyrical genius
607,a17e1a8a-eb0e-4c73-a57a-21a083223a80,trap
607,a17e1a8a-eb0e-4c73-a57a-21a083223a80,southern hip hop
607,a17e1a8a-eb0e-4c73-a57a-21a083223a80,trap
607,a17e1a8a-eb0e-4c73-a57a-21a083223a80,drill
607,a17e1a8a-eb0e-4c73-a57a-21a083223a80,gangsta rap
607,a17e1a8a-eb0e-4c73-a57a-21a083223a80,chicago drill
607,a17e1a8a-eb0e-4c73-a57a-21a083223a80,hip hop
608,a1a1e162-1f07-4ec2-8d3b-df2758a687ab,contemporary country
608,a1a1e162-1f07-4ec2-8d3b-df2758a687ab,2020s
608,a1a1e162-1f07-4ec2-8d3b-df2758a687ab,country
608,a1a1e162-1f07-4ec2-8d3b-df2758a687ab,2010s
608,a1a1e162-1f07-4ec2-8d3b-df2758a687ab,country
609,a1af0a3b-33ea-4411-bae0-330d0a4b894f,pop rock
609,a1af0a3b-33ea-4411-bae0-330d0a4b894f,pop punk
609,a1af0a3b-33ea-4411-bae0-330d0a4b894f,punk
610,a1c0a22a-8dce-4bb0-ab33-fa771a25069a,country pop
610,a1c0a22a-8dce-4bb0-ab33-fa771a25069a,bro-country
611,a1e91c03-c5dc-4229-8803-42b69441c6ef,female vocals
611,a1e91c03-c5dc-4229-8803-42b69441c6ef,post-grunge
611,a1e91c03-c5dc-4229-8803-42b69441c6ef,pop-punk
611,a1e91c03-c5dc-4229-8803-42b69441c6ef,alternative rock
611,a1e91c03-c5dc-4229-8803-42b69441c6ef,pop
611,a1e91c03-c5dc-4229-8803-42b69441c6ef,rock
611,a1e91c03-c5dc-4229-8803-42b69441c6ef,alternative/indie rock
611,a1e91c03-c5dc-4229-8803-42b69441c6ef,alternative rock
611,a1e91c03-c5dc-4229-8803-42b69441c6ef,punk
611,a1e91c03-c5dc-4229-8803-42b69441c6ef,modern rock
611,a1e91c03-c5dc-4229-8803-42b69441c6ef,rock
611,a1e91c03-c5dc-4229-8803-42b69441c6ef,emo pop
611,a1e91c03-c5dc-4229-8803-42b69441c6ef,emo-pop
611,a1e91c03-c5dc-4229-8803-42b69441c6ef,powerpop
611,a1e91c03-c5dc-4229-8803-42b69441c6ef,pop punk
611,a1e91c03-c5dc-4229-8803-42b69441c6ef,power pop
611,a1e91c03-c5dc-4229-8803-42b69441c6ef,pop rock
611,a1e91c03-c5dc-4229-8803-42b69441c6ef,emo
611,a1e91c03-c5dc-4229-8803-42b69441c6ef,mall punk
611,a1e91c03-c5dc-4229-8803-42b69441c6ef,teen punk
611,a1e91c03-c5dc-4229-8803-42b69441c6ef,pop
611,a1e91c03-c5dc-4229-8803-42b69441c6ef,teen pop
611,a1e91c03-c5dc-4229-8803-42b69441c6ef,alternative pop
611,a1e91c03-c5dc-4229-8803-42b69441c6ef,pop punk
611,a1e91c03-c5dc-4229-8803-42b69441c6ef,pop rock
611,a1e91c03-c5dc-4229-8803-42b69441c6ef,adult contemporary
611,a1e91c03-c5dc-4229-8803-42b69441c6ef,neon pop
611,a1e91c03-c5dc-4229-8803-42b69441c6ef,acoustic rock
611,a1e91c03-c5dc-4229-8803-42b69441c6ef,alternative
612,a1ff202f-f271-4646-9aac-ba7c98e3a50c,neo-psychedelia
612,a1ff202f-f271-4646-9aac-ba7c98e3a50c,sheffield
612,a1ff202f-f271-4646-9aac-ba7c98e3a50c,uk
612,a1ff202f-f271-4646-9aac-ba7c98e3a50c,pop
612,a1ff202f-f271-4646-9aac-ba7c98e3a50c,post-punk revival
612,a1ff202f-f271-4646-9aac-ba7c98e3a50c,psychedelic pop
612,a1ff202f-f271-4646-9aac-ba7c98e3a50c,garage rock
612,a1ff202f-f271-4646-9aac-ba7c98e3a50c,psychedelic rock
612,a1ff202f-f271-4646-9aac-ba7c98e3a50c,garage rock revival
612,a1ff202f-f271-4646-9aac-ba7c98e3a50c,british
612,a1ff202f-f271-4646-9aac-ba7c98e3a50c,rock
612,a1ff202f-f271-4646-9aac-ba7c98e3a50c,alternative/indie rock
612,a1ff202f-f271-4646-9aac-ba7c98e3a50c,electronica
612,a1ff202f-f271-4646-9aac-ba7c98e3a50c,alternative
612,a1ff202f-f271-4646-9aac-ba7c98e3a50c,house
612,a1ff202f-f271-4646-9aac-ba7c98e3a50c,baroque pop
612,a1ff202f-f271-4646-9aac-ba7c98e3a50c,dance
612,a1ff202f-f271-4646-9aac-ba7c98e3a50c,art rock
612,a1ff202f-f271-4646-9aac-ba7c98e3a50c,indie rock
612,a1ff202f-f271-4646-9aac-ba7c98e3a50c,alternative rock
613,a210a0dc-1e81-4a62-9d89-f80c43aa0de5,pop
613,a210a0dc-1e81-4a62-9d89-f80c43aa0de5,alternative rock
613,a210a0dc-1e81-4a62-9d89-f80c43aa0de5,alternative
613,a210a0dc-1e81-4a62-9d89-f80c43aa0de5,emo-pop
613,a210a0dc-1e81-4a62-9d89-f80c43aa0de5,emo pop
613,a210a0dc-1e81-4a62-9d89-f80c43aa0de5,punk
613,a210a0dc-1e81-4a62-9d89-f80c43aa0de5,pop rock
613,a210a0dc-1e81-4a62-9d89-f80c43aa0de5,emo
613,a210a0dc-1e81-4a62-9d89-f80c43aa0de5,electropop
613,a210a0dc-1e81-4a62-9d89-f80c43aa0de5,alternative/indie rock
613,a210a0dc-1e81-4a62-9d89-f80c43aa0de5,indie rock
613,a210a0dc-1e81-4a62-9d89-f80c43aa0de5,pop punk
614,a3262258-9aa4-457d-a71b-5e7971a12610,art pop
614,a3262258-9aa4-457d-a71b-5e7971a12610,alternative pop
614,a3262258-9aa4-457d-a71b-5e7971a12610,progressive metal
614,a3262258-9aa4-457d-a71b-5e7971a12610,alternative metal
614,a3262258-9aa4-457d-a71b-5e7971a12610,djent
614,a3262258-9aa4-457d-a71b-5e7971a12610,progressive rock
614,a3262258-9aa4-457d-a71b-5e7971a12610,alternative r&b
615,a3277434-6c21-43b1-8dac-ac59491a7d9e,rock
615,a3277434-6c21-43b1-8dac-ac59491a7d9e,german
615,a3277434-6c21-43b1-8dac-ac59491a7d9e,punk
615,a3277434-6c21-43b1-8dac-ac59491a7d9e,punk rock
615,a3277434-6c21-43b1-8dac-ac59491a7d9e,pop punk
616,a32d00b3-61b9-4bc5-b24c-6509767c6bf0,gangsta rap
616,a32d00b3-61b9-4bc5-b24c-6509767c6bf0,west coast hip hop
616,a32d00b3-61b9-4bc5-b24c-6509767c6bf0,trap
616,a32d00b3-61b9-4bc5-b24c-6509767c6bf0,hip hop
616,a32d00b3-61b9-4bc5-b24c-6509767c6bf0,hardcore hip hop
617,a346db4b-e6f6-4bc1-8ab1-15d92cea7f03,country
618,a3c6af59-af56-4d61-beac-032df8fc4015,west coast hip hop
618,a3c6af59-af56-4d61-beac-032df8fc4015,pop
618,a3c6af59-af56-4d61-beac-032df8fc4015,trap
618,a3c6af59-af56-4d61-beac-032df8fc4015,pop rap
618,a3c6af59-af56-4d61-beac-032df8fc4015,r&b
618,a3c6af59-af56-4d61-beac-032df8fc4015,rap
618,a3c6af59-af56-4d61-beac-032df8fc4015,hardcore hip hop
618,a3c6af59-af56-4d61-beac-032df8fc4015,hip hop
618,a3c6af59-af56-4d61-beac-032df8fc4015,conscious hip hop
618,a3c6af59-af56-4d61-beac-032df8fc4015,jazz rap
618,a3c6af59-af56-4d61-beac-032df8fc4015,alternative hip hop
618,a3c6af59-af56-4d61-beac-032df8fc4015,gangsta rap
618,a3c6af59-af56-4d61-beac-032df8fc4015,2020s
618,a3c6af59-af56-4d61-beac-032df8fc4015,2010s
618,a3c6af59-af56-4d61-beac-032df8fc4015,conscious rapper
618,a3c6af59-af56-4d61-beac-032df8fc4015,contemporary rap
618,a3c6af59-af56-4d61-beac-032df8fc4015,future bass
618,a3c6af59-af56-4d61-beac-032df8fc4015,house
618,a3c6af59-af56-4d61-beac-032df8fc4015,dance
618,a3c6af59-af56-4d61-beac-032df8fc4015,disco
618,a3c6af59-af56-4d61-beac-032df8fc4015,progressive rap
618,a3c6af59-af56-4d61-beac-032df8fc4015,jazz
619,a451af21-a4a0-42e5-9ef7-9f0155c7e699,
620,a494c1f9-42e7-4806-a755-d75c8e68b46a,contemporary r b
620,a494c1f9-42e7-4806-a755-d75c8e68b46a,influential pop star
620,a494c1f9-42e7-4806-a755-d75c8e68b46a,we the best music
620,a494c1f9-42e7-4806-a755-d75c8e68b46a,rnb
620,a494c1f9-42e7-4806-a755-d75c8e68b46a,hip hop
620,a494c1f9-42e7-4806-a755-d75c8e68b46a,dancehall
620,a494c1f9-42e7-4806-a755-d75c8e68b46a,pop soul
620,a494c1f9-42e7-4806-a755-d75c8e68b46a,congratulations you played yourself
620,a494c1f9-42e7-4806-a755-d75c8e68b46a,english
620,a494c1f9-42e7-4806-a755-d75c8e68b46a,reggae
620,a494c1f9-42e7-4806-a755-d75c8e68b46a,rihanna
620,a494c1f9-42e7-4806-a755-d75c8e68b46a,trap
620,a494c1f9-42e7-4806-a755-d75c8e68b46a,dance-pop
620,a494c1f9-42e7-4806-a755-d75c8e68b46a,female vocal
620,a494c1f9-42e7-4806-a755-d75c8e68b46a,edm
620,a494c1f9-42e7-4806-a755-d75c8e68b46a,female vocals
620,a494c1f9-42e7-4806-a755-d75c8e68b46a,pop culture
620,a494c1f9-42e7-4806-a755-d75c8e68b46a,r&b
620,a494c1f9-42e7-4806-a755-d75c8e68b46a,pop and chart
620,a494c1f9-42e7-4806-a755-d75c8e68b46a,another one
620,a494c1f9-42e7-4806-a755-d75c8e68b46a,hip hop
620,a494c1f9-42e7-4806-a755-d75c8e68b46a,contemporary r&b
620,a494c1f9-42e7-4806-a755-d75c8e68b46a,contemporary r&b
620,a494c1f9-42e7-4806-a755-d75c8e68b46a,barbados
620,a494c1f9-42e7-4806-a755-d75c8e68b46a,rehab
620,a494c1f9-42e7-4806-a755-d75c8e68b46a,trap rap
620,a494c1f9-42e7-4806-a755-d75c8e68b46a,pop rap
620,a494c1f9-42e7-4806-a755-d75c8e68b46a,barbadien
620,a494c1f9-42e7-4806-a755-d75c8e68b46a,barbade
620,a494c1f9-42e7-4806-a755-d75c8e68b46a,barbadian
620,a494c1f9-42e7-4806-a755-d75c8e68b46a,pop
620,a494c1f9-42e7-4806-a755-d75c8e68b46a,contemporary r&b
620,a494c1f9-42e7-4806-a755-d75c8e68b46a,southern hip hop
620,a494c1f9-42e7-4806-a755-d75c8e68b46a,icon
620,a494c1f9-42e7-4806-a755-d75c8e68b46a,alternative r&b
620,a494c1f9-42e7-4806-a755-d75c8e68b46a,dance
620,a494c1f9-42e7-4806-a755-d75c8e68b46a,pop star
620,a494c1f9-42e7-4806-a755-d75c8e68b46a,gangsta rap
620,a494c1f9-42e7-4806-a755-d75c8e68b46a,electro house
620,a494c1f9-42e7-4806-a755-d75c8e68b46a,electropop
620,a494c1f9-42e7-4806-a755-d75c8e68b46a,trap soul
621,a4b91bee-5506-437a-8e67-25fc4818ae72,2020s
621,a4b91bee-5506-437a-8e67-25fc4818ae72,trap
621,a4b91bee-5506-437a-8e67-25fc4818ae72,hip hop
621,a4b91bee-5506-437a-8e67-25fc4818ae72,english
621,a4b91bee-5506-437a-8e67-25fc4818ae72,trap rap
621,a4b91bee-5506-437a-8e67-25fc4818ae72,2010s
621,a4b91bee-5506-437a-8e67-25fc4818ae72,hip hop
621,a4b91bee-5506-437a-8e67-25fc4818ae72,trap
621,a4b91bee-5506-437a-8e67-25fc4818ae72,southern hip hop
621,a4b91bee-5506-437a-8e67-25fc4818ae72,east coast hip hop
621,a4b91bee-5506-437a-8e67-25fc4818ae72,2010s
622,a4e35a91-a516-45bd-a8dd-c6f90af4b52e,pop rap
622,a4e35a91-a516-45bd-a8dd-c6f90af4b52e,east coast hip hop
622,a4e35a91-a516-45bd-a8dd-c6f90af4b52e,hip hop
623,a5044dca-ef71-4795-9c76-a995e5e15d5b,southern hip hop
623,a5044dca-ef71-4795-9c76-a995e5e15d5b,trap
623,a5044dca-ef71-4795-9c76-a995e5e15d5b,hip hop
624,a5514f2a-897d-4675-b078-f572aff05dee,southern hip hop
624,a5514f2a-897d-4675-b078-f572aff05dee,rapper
624,a5514f2a-897d-4675-b078-f572aff05dee,hip hop
624,a5514f2a-897d-4675-b078-f572aff05dee,trap
625,a6204c12-8ed5-4b2f-b711-c97ef96da474,southern hip hop
625,a6204c12-8ed5-4b2f-b711-c97ef96da474,ai
625,a6204c12-8ed5-4b2f-b711-c97ef96da474,ai-generated
625,a6204c12-8ed5-4b2f-b711-c97ef96da474,trap
625,a6204c12-8ed5-4b2f-b711-c97ef96da474,ratchet music
625,a6204c12-8ed5-4b2f-b711-c97ef96da474,contemporary rap
625,a6204c12-8ed5-4b2f-b711-c97ef96da474,west coast hip hop
625,a6204c12-8ed5-4b2f-b711-c97ef96da474,hip hop
625,a6204c12-8ed5-4b2f-b711-c97ef96da474,pop rap
625,a6204c12-8ed5-4b2f-b711-c97ef96da474,trap
625,a6204c12-8ed5-4b2f-b711-c97ef96da474,hip hop
626,a6270453-3f75-4436-8f8d-e0144a60d6f4,
627,a63c4e7e-12ef-4114-b5a8-4729484f82ce,garage rock
627,a63c4e7e-12ef-4114-b5a8-4729484f82ce,hard rock
627,a63c4e7e-12ef-4114-b5a8-4729484f82ce,blues rock
627,a63c4e7e-12ef-4114-b5a8-4729484f82ce,punk blues
627,a63c4e7e-12ef-4114-b5a8-4729484f82ce,alternative rock
627,a63c4e7e-12ef-4114-b5a8-4729484f82ce,indie rock
628,a704a03d-2a0b-4aae-98b7-ba6a7779feba,modern rock
628,a704a03d-2a0b-4aae-98b7-ba6a7779feba,pop rock
628,a704a03d-2a0b-4aae-98b7-ba6a7779feba,power pop
628,a704a03d-2a0b-4aae-98b7-ba6a7779feba,emo
628,a704a03d-2a0b-4aae-98b7-ba6a7779feba,pop punk
628,a704a03d-2a0b-4aae-98b7-ba6a7779feba,emo pop
628,a704a03d-2a0b-4aae-98b7-ba6a7779feba,emo-pop
628,a704a03d-2a0b-4aae-98b7-ba6a7779feba,punk
628,a704a03d-2a0b-4aae-98b7-ba6a7779feba,alternative rock
628,a704a03d-2a0b-4aae-98b7-ba6a7779feba,powerpop
628,a704a03d-2a0b-4aae-98b7-ba6a7779feba,pop
628,a704a03d-2a0b-4aae-98b7-ba6a7779feba,rock
628,a704a03d-2a0b-4aae-98b7-ba6a7779feba,neon pop
628,a704a03d-2a0b-4aae-98b7-ba6a7779feba,alternative
628,a704a03d-2a0b-4aae-98b7-ba6a7779feba,alternative/indie rock
629,a72ee6d8-048c-4ccc-81e6-51f265dfe1d7,pop
629,a72ee6d8-048c-4ccc-81e6-51f265dfe1d7,baroque pop
629,a72ee6d8-048c-4ccc-81e6-51f265dfe1d7,alternative
629,a72ee6d8-048c-4ccc-81e6-51f265dfe1d7,alternative/indie rock
629,a72ee6d8-048c-4ccc-81e6-51f265dfe1d7,garage rock revival
629,a72ee6d8-048c-4ccc-81e6-51f265dfe1d7,dance
629,a72ee6d8-048c-4ccc-81e6-51f265dfe1d7,electronica
629,a72ee6d8-048c-4ccc-81e6-51f265dfe1d7,house
629,a72ee6d8-048c-4ccc-81e6-51f265dfe1d7,uk
629,a72ee6d8-048c-4ccc-81e6-51f265dfe1d7,indie rock
629,a72ee6d8-048c-4ccc-81e6-51f265dfe1d7,garage rock
629,a72ee6d8-048c-4ccc-81e6-51f265dfe1d7,neo-psychedelia
629,a72ee6d8-048c-4ccc-81e6-51f265dfe1d7,sheffield
629,a72ee6d8-048c-4ccc-81e6-51f265dfe1d7,alternative rock
629,a72ee6d8-048c-4ccc-81e6-51f265dfe1d7,psychedelic rock
629,a72ee6d8-048c-4ccc-81e6-51f265dfe1d7,psychedelic pop
629,a72ee6d8-048c-4ccc-81e6-51f265dfe1d7,post-punk revival
629,a72ee6d8-048c-4ccc-81e6-51f265dfe1d7,rock
629,a72ee6d8-048c-4ccc-81e6-51f265dfe1d7,british
629,a72ee6d8-048c-4ccc-81e6-51f265dfe1d7,art rock
630,a77a155a-0e2e-48ee-bfde-58577b5c1b24,melodic metalcore
630,a77a155a-0e2e-48ee-bfde-58577b5c1b24,emo
630,a77a155a-0e2e-48ee-bfde-58577b5c1b24,rock
630,a77a155a-0e2e-48ee-bfde-58577b5c1b24,post-hardcore
630,a77a155a-0e2e-48ee-bfde-58577b5c1b24,alternative rock
630,a77a155a-0e2e-48ee-bfde-58577b5c1b24,electronic rock
630,a77a155a-0e2e-48ee-bfde-58577b5c1b24,alternative metal
630,a77a155a-0e2e-48ee-bfde-58577b5c1b24,electronicore
630,a77a155a-0e2e-48ee-bfde-58577b5c1b24,emocore
630,a77a155a-0e2e-48ee-bfde-58577b5c1b24,metal
630,a77a155a-0e2e-48ee-bfde-58577b5c1b24,hard rock
630,a77a155a-0e2e-48ee-bfde-58577b5c1b24,electronic
630,a77a155a-0e2e-48ee-bfde-58577b5c1b24,metalcore
631,a7ab04f2-f12a-4ebc-bad1-5ee15c9f7718,nu metal
632,a8048abf-9f6b-4c83-8ff4-b388ff22c028,red dirt
632,a8048abf-9f6b-4c83-8ff4-b388ff22c028,country
633,a8672809-f566-488f-9d7f-8f2cb3fd54ee,
634,a9e1c02c-3dd7-41e2-a3b6-35cb543ca9e7,metalcore
635,aa057a9c-9101-4373-91bc-2c2e876d2dc6,rock
635,aa057a9c-9101-4373-91bc-2c2e876d2dc6,pop rock
635,aa057a9c-9101-4373-91bc-2c2e876d2dc6,alternative rock
635,aa057a9c-9101-4373-91bc-2c2e876d2dc6,indie rock
636,aad10be1-3583-4c7e-8557-45f4421dad84,post-hardcore
636,aad10be1-3583-4c7e-8557-45f4421dad84,hardcore
636,aad10be1-3583-4c7e-8557-45f4421dad84,emocore
636,aad10be1-3583-4c7e-8557-45f4421dad84,metalcore
637,aadeced3-ae64-4ef7-afce-2d72cfddfd80,french house
637,aadeced3-ae64-4ef7-afce-2d72cfddfd80,synthwave
637,aadeced3-ae64-4ef7-afce-2d72cfddfd80,house
637,aadeced3-ae64-4ef7-afce-2d72cfddfd80,french electro
637,aadeced3-ae64-4ef7-afce-2d72cfddfd80,french touch
637,aadeced3-ae64-4ef7-afce-2d72cfddfd80,alternative rock
637,aadeced3-ae64-4ef7-afce-2d72cfddfd80,synth-pop
637,aadeced3-ae64-4ef7-afce-2d72cfddfd80,australian
637,aadeced3-ae64-4ef7-afce-2d72cfddfd80,perth
637,aadeced3-ae64-4ef7-afce-2d72cfddfd80,electronic
637,aadeced3-ae64-4ef7-afce-2d72cfddfd80,psychedellic rock
637,aadeced3-ae64-4ef7-afce-2d72cfddfd80,european
637,aadeced3-ae64-4ef7-afce-2d72cfddfd80,dance
637,aadeced3-ae64-4ef7-afce-2d72cfddfd80,français
637,aadeced3-ae64-4ef7-afce-2d72cfddfd80,french
637,aadeced3-ae64-4ef7-afce-2d72cfddfd80,france
637,aadeced3-ae64-4ef7-afce-2d72cfddfd80,australia
637,aadeced3-ae64-4ef7-afce-2d72cfddfd80,indietronica
637,aadeced3-ae64-4ef7-afce-2d72cfddfd80,neo-psychedelia
637,aadeced3-ae64-4ef7-afce-2d72cfddfd80,psychedelic pop
637,aadeced3-ae64-4ef7-afce-2d72cfddfd80,space rock
637,aadeced3-ae64-4ef7-afce-2d72cfddfd80,rock
637,aadeced3-ae64-4ef7-afce-2d72cfddfd80,indie
637,aadeced3-ae64-4ef7-afce-2d72cfddfd80,neo-psychedelic
637,aadeced3-ae64-4ef7-afce-2d72cfddfd80,alternative
637,aadeced3-ae64-4ef7-afce-2d72cfddfd80,neo-disco
637,aadeced3-ae64-4ef7-afce-2d72cfddfd80,psychedelic rock
637,aadeced3-ae64-4ef7-afce-2d72cfddfd80,left-field pop
637,aadeced3-ae64-4ef7-afce-2d72cfddfd80,alternative dance
637,aadeced3-ae64-4ef7-afce-2d72cfddfd80,alternative/indie rock
637,aadeced3-ae64-4ef7-afce-2d72cfddfd80,pop
637,aadeced3-ae64-4ef7-afce-2d72cfddfd80,leftfield
637,aadeced3-ae64-4ef7-afce-2d72cfddfd80,dream pop
637,aadeced3-ae64-4ef7-afce-2d72cfddfd80,remix
637,aadeced3-ae64-4ef7-afce-2d72cfddfd80,psychedelic
637,aadeced3-ae64-4ef7-afce-2d72cfddfd80,cover
637,aadeced3-ae64-4ef7-afce-2d72cfddfd80,electro house
637,aadeced3-ae64-4ef7-afce-2d72cfddfd80,dance music
637,aadeced3-ae64-4ef7-afce-2d72cfddfd80,electro
637,aadeced3-ae64-4ef7-afce-2d72cfddfd80,electro-disco
637,aadeced3-ae64-4ef7-afce-2d72cfddfd80,new rave
637,aadeced3-ae64-4ef7-afce-2d72cfddfd80,nu disco
637,aadeced3-ae64-4ef7-afce-2d72cfddfd80,chill
637,aadeced3-ae64-4ef7-afce-2d72cfddfd80,indie rock
638,aaf402a3-ec26-4a55-9be2-f72a604bb156,x factor italia 2017
638,aaf402a3-ec26-4a55-9be2-f72a604bb156,pop rock
638,aaf402a3-ec26-4a55-9be2-f72a604bb156,alternative rock
638,aaf402a3-ec26-4a55-9be2-f72a604bb156,glam rock
638,aaf402a3-ec26-4a55-9be2-f72a604bb156,x factor italia
638,aaf402a3-ec26-4a55-9be2-f72a604bb156,hard rock
638,aaf402a3-ec26-4a55-9be2-f72a604bb156,x factor
638,aaf402a3-ec26-4a55-9be2-f72a604bb156,funk rock
638,aaf402a3-ec26-4a55-9be2-f72a604bb156,rock
638,aaf402a3-ec26-4a55-9be2-f72a604bb156,rock and roll
639,aafaf137-8777-461d-8eaa-48cd12b94d5a,
640,ab16aae4-3471-4acd-94e8-f48a14366da4,post-hardcore
640,ab16aae4-3471-4acd-94e8-f48a14366da4,heavy metal
641,ab87f4c8-b7a2-451c-ac18-459d362a882c,
642,ab8c55dd-c5f5-4f5e-ab38-42920b782a83,country
643,aba14339-5d60-4d90-9baf-3083c63d761b,alternative r&b
644,abae80a9-e692-49a0-8f5a-cc05fc9f3a9f,country
644,abae80a9-e692-49a0-8f5a-cc05fc9f3a9f,alternative country
644,abae80a9-e692-49a0-8f5a-cc05fc9f3a9f,americana
644,abae80a9-e692-49a0-8f5a-cc05fc9f3a9f,red dirt
645,ac1fb410-5f42-43db-a7c8-96f969f8c986,emo pop
645,ac1fb410-5f42-43db-a7c8-96f969f8c986,alternative rock
645,ac1fb410-5f42-43db-a7c8-96f969f8c986,post-grunge
645,ac1fb410-5f42-43db-a7c8-96f969f8c986,hard rock
645,ac1fb410-5f42-43db-a7c8-96f969f8c986,rock
646,ac358368-d470-402b-94af-684b83fb39a5,trap pop
646,ac358368-d470-402b-94af-684b83fb39a5,alternative rnb
646,ac358368-d470-402b-94af-684b83fb39a5,pop rap
646,ac358368-d470-402b-94af-684b83fb39a5,2010s
646,ac358368-d470-402b-94af-684b83fb39a5,2020s
646,ac358368-d470-402b-94af-684b83fb39a5,alternative pop
646,ac358368-d470-402b-94af-684b83fb39a5,electropop
647,ac750bcc-5fb5-4d56-97fc-573a8f3c0267,drum and bass
647,ac750bcc-5fb5-4d56-97fc-573a8f3c0267,emo
647,ac750bcc-5fb5-4d56-97fc-573a8f3c0267,psychedelic rock
647,ac750bcc-5fb5-4d56-97fc-573a8f3c0267,nu metal
647,ac750bcc-5fb5-4d56-97fc-573a8f3c0267,heavy metal
647,ac750bcc-5fb5-4d56-97fc-573a8f3c0267,hip hop
647,ac750bcc-5fb5-4d56-97fc-573a8f3c0267,punk rock
647,ac750bcc-5fb5-4d56-97fc-573a8f3c0267,pop
647,ac750bcc-5fb5-4d56-97fc-573a8f3c0267,alternative/indie rock
647,ac750bcc-5fb5-4d56-97fc-573a8f3c0267,hard rock
647,ac750bcc-5fb5-4d56-97fc-573a8f3c0267,rock
647,ac750bcc-5fb5-4d56-97fc-573a8f3c0267,house
647,ac750bcc-5fb5-4d56-97fc-573a8f3c0267,screamo
647,ac750bcc-5fb5-4d56-97fc-573a8f3c0267,electronic
647,ac750bcc-5fb5-4d56-97fc-573a8f3c0267,post-hardcore
647,ac750bcc-5fb5-4d56-97fc-573a8f3c0267,metalcore
647,ac750bcc-5fb5-4d56-97fc-573a8f3c0267,deathcore
647,ac750bcc-5fb5-4d56-97fc-573a8f3c0267,pop rock
647,ac750bcc-5fb5-4d56-97fc-573a8f3c0267,rapcore
647,ac750bcc-5fb5-4d56-97fc-573a8f3c0267,alternative metal
647,ac750bcc-5fb5-4d56-97fc-573a8f3c0267,electronic rock
647,ac750bcc-5fb5-4d56-97fc-573a8f3c0267,nu metal
647,ac750bcc-5fb5-4d56-97fc-573a8f3c0267,pop rock
647,ac750bcc-5fb5-4d56-97fc-573a8f3c0267,rock
647,ac750bcc-5fb5-4d56-97fc-573a8f3c0267,punk
647,ac750bcc-5fb5-4d56-97fc-573a8f3c0267,alternative rock
647,ac750bcc-5fb5-4d56-97fc-573a8f3c0267,metal
647,ac750bcc-5fb5-4d56-97fc-573a8f3c0267,alternative rock
647,ac750bcc-5fb5-4d56-97fc-573a8f3c0267,uk
647,ac750bcc-5fb5-4d56-97fc-573a8f3c0267,melodic metalcore
648,ac78bdda-b144-4645-8fb6-846c7d6d0018,cloud rap
648,ac78bdda-b144-4645-8fb6-846c7d6d0018,hardcore hip hop
648,ac78bdda-b144-4645-8fb6-846c7d6d0018,trap
648,ac78bdda-b144-4645-8fb6-846c7d6d0018,hip hop
648,ac78bdda-b144-4645-8fb6-846c7d6d0018,pop rap
648,ac78bdda-b144-4645-8fb6-846c7d6d0018,experimental hip hop
648,ac78bdda-b144-4645-8fb6-846c7d6d0018,east coast hip hop
649,acb257b3-4a0a-4dc7-840d-59ea7662b502,pop punk
649,acb257b3-4a0a-4dc7-840d-59ea7662b502,alternative metal
649,acb257b3-4a0a-4dc7-840d-59ea7662b502,alternative rock
649,acb257b3-4a0a-4dc7-840d-59ea7662b502,rock
649,acb257b3-4a0a-4dc7-840d-59ea7662b502,post-hardcore
649,acb257b3-4a0a-4dc7-840d-59ea7662b502,alternative pop
649,acb257b3-4a0a-4dc7-840d-59ea7662b502,pop rock
649,acb257b3-4a0a-4dc7-840d-59ea7662b502,indie rock
650,acd5b8bd-70f0-4d34-abb9-a5b8c62d4f36,alternative rock
650,acd5b8bd-70f0-4d34-abb9-a5b8c62d4f36,progressive metal
650,acd5b8bd-70f0-4d34-abb9-a5b8c62d4f36,progressive rock
650,acd5b8bd-70f0-4d34-abb9-a5b8c62d4f36,alternative metal
650,acd5b8bd-70f0-4d34-abb9-a5b8c62d4f36,rock
650,acd5b8bd-70f0-4d34-abb9-a5b8c62d4f36,hard rock
650,acd5b8bd-70f0-4d34-abb9-a5b8c62d4f36,heavy metal
651,acef03f0-5cb2-4856-90cf-8fa34624a088,hip hop
651,acef03f0-5cb2-4856-90cf-8fa34624a088,southern hip hop
651,acef03f0-5cb2-4856-90cf-8fa34624a088,trap
652,ad1eb2af-6332-44ce-9cd9-42a5bda9ea62,disco
652,ad1eb2af-6332-44ce-9cd9-42a5bda9ea62,pop rap
652,ad1eb2af-6332-44ce-9cd9-42a5bda9ea62,house
652,ad1eb2af-6332-44ce-9cd9-42a5bda9ea62,west coast hip hop
652,ad1eb2af-6332-44ce-9cd9-42a5bda9ea62,rap
652,ad1eb2af-6332-44ce-9cd9-42a5bda9ea62,hip hop
652,ad1eb2af-6332-44ce-9cd9-42a5bda9ea62,conscious hip hop
652,ad1eb2af-6332-44ce-9cd9-42a5bda9ea62,dance
652,ad1eb2af-6332-44ce-9cd9-42a5bda9ea62,future bass
652,ad1eb2af-6332-44ce-9cd9-42a5bda9ea62,jazz rap
652,ad1eb2af-6332-44ce-9cd9-42a5bda9ea62,r&b
652,ad1eb2af-6332-44ce-9cd9-42a5bda9ea62,contemporary rap
652,ad1eb2af-6332-44ce-9cd9-42a5bda9ea62,conscious rapper
652,ad1eb2af-6332-44ce-9cd9-42a5bda9ea62,alternative hip hop
652,ad1eb2af-6332-44ce-9cd9-42a5bda9ea62,hardcore hip hop
652,ad1eb2af-6332-44ce-9cd9-42a5bda9ea62,gangsta rap
652,ad1eb2af-6332-44ce-9cd9-42a5bda9ea62,2020s
652,ad1eb2af-6332-44ce-9cd9-42a5bda9ea62,2010s
652,ad1eb2af-6332-44ce-9cd9-42a5bda9ea62,trap
652,ad1eb2af-6332-44ce-9cd9-42a5bda9ea62,jazz
652,ad1eb2af-6332-44ce-9cd9-42a5bda9ea62,progressive rap
652,ad1eb2af-6332-44ce-9cd9-42a5bda9ea62,pop
653,ad2ad0c5-3cca-40d9-b1a5-182588339920,emo-pop
653,ad2ad0c5-3cca-40d9-b1a5-182588339920,pop
653,ad2ad0c5-3cca-40d9-b1a5-182588339920,rock
653,ad2ad0c5-3cca-40d9-b1a5-182588339920,acoustic rock
653,ad2ad0c5-3cca-40d9-b1a5-182588339920,emo pop
653,ad2ad0c5-3cca-40d9-b1a5-182588339920,emo
653,ad2ad0c5-3cca-40d9-b1a5-182588339920,pop punk
653,ad2ad0c5-3cca-40d9-b1a5-182588339920,alternative
653,ad2ad0c5-3cca-40d9-b1a5-182588339920,female vocalists
653,ad2ad0c5-3cca-40d9-b1a5-182588339920,female fronted
653,ad2ad0c5-3cca-40d9-b1a5-182588339920,nuno
653,ad2ad0c5-3cca-40d9-b1a5-182588339920,power pop
653,ad2ad0c5-3cca-40d9-b1a5-182588339920,alternative rock
653,ad2ad0c5-3cca-40d9-b1a5-182588339920,pop rock
653,ad2ad0c5-3cca-40d9-b1a5-182588339920,new wave
654,ada6b774-7ec6-4a75-9cdb-c2f132735c26,
655,adab6b50-0d3d-4ae3-b19d-7d96b8d53d86,rap
655,adab6b50-0d3d-4ae3-b19d-7d96b8d53d86,hip hop
656,adedb0ea-6b2c-4ed4-b78c-1c8486988ca2,alternative rock
656,adedb0ea-6b2c-4ed4-b78c-1c8486988ca2,indie pop
656,adedb0ea-6b2c-4ed4-b78c-1c8486988ca2,tumblr
657,ae53080b-23fe-4786-aa0c-519b28d86d81,2010s
657,ae53080b-23fe-4786-aa0c-519b28d86d81,pop rap
657,ae53080b-23fe-4786-aa0c-519b28d86d81,hip hop
657,ae53080b-23fe-4786-aa0c-519b28d86d81,indie pop
657,ae53080b-23fe-4786-aa0c-519b28d86d81,indie electronic
657,ae53080b-23fe-4786-aa0c-519b28d86d81,emo rap
657,ae53080b-23fe-4786-aa0c-519b28d86d81,2020s
657,ae53080b-23fe-4786-aa0c-519b28d86d81,cloud rap
657,ae53080b-23fe-4786-aa0c-519b28d86d81,east coast hip hop
657,ae53080b-23fe-4786-aa0c-519b28d86d81,pop
657,ae53080b-23fe-4786-aa0c-519b28d86d81,millennial
657,ae53080b-23fe-4786-aa0c-519b28d86d81,electronic
657,ae53080b-23fe-4786-aa0c-519b28d86d81,trap
657,ae53080b-23fe-4786-aa0c-519b28d86d81,synth-pop
657,ae53080b-23fe-4786-aa0c-519b28d86d81,rage
657,ae53080b-23fe-4786-aa0c-519b28d86d81,alternative
657,ae53080b-23fe-4786-aa0c-519b28d86d81,proto-rage
657,ae53080b-23fe-4786-aa0c-519b28d86d81,pescetarian
658,aec07661-9222-464f-9563-99611a159ae8,american idol
658,aec07661-9222-464f-9563-99611a159ae8,country
659,aef67c6b-31df-4f8f-a30a-ff269debd4c1,indie pop
659,aef67c6b-31df-4f8f-a30a-ff269debd4c1,alternative pop
659,aef67c6b-31df-4f8f-a30a-ff269debd4c1,alternative rock
659,aef67c6b-31df-4f8f-a30a-ff269debd4c1,piano rock
659,aef67c6b-31df-4f8f-a30a-ff269debd4c1,pop rap
659,aef67c6b-31df-4f8f-a30a-ff269debd4c1,columbus [oh]
659,aef67c6b-31df-4f8f-a30a-ff269debd4c1,electropop
659,aef67c6b-31df-4f8f-a30a-ff269debd4c1,rock
659,aef67c6b-31df-4f8f-a30a-ff269debd4c1,indietronica
659,aef67c6b-31df-4f8f-a30a-ff269debd4c1,alternative electronic
659,aef67c6b-31df-4f8f-a30a-ff269debd4c1,alternative hip hop
659,aef67c6b-31df-4f8f-a30a-ff269debd4c1,rap
659,aef67c6b-31df-4f8f-a30a-ff269debd4c1,alternative rap
659,aef67c6b-31df-4f8f-a30a-ff269debd4c1,hip hop
659,aef67c6b-31df-4f8f-a30a-ff269debd4c1,indie
660,af073b6b-ac37-4afd-806c-9d1ee9ee1753,electronic
660,af073b6b-ac37-4afd-806c-9d1ee9ee1753,alternative rock
660,af073b6b-ac37-4afd-806c-9d1ee9ee1753,post-hardcore
660,af073b6b-ac37-4afd-806c-9d1ee9ee1753,metalcore
661,af18b971-14d8-47c6-ba8f-714672dc8c15,indie pop
661,af18b971-14d8-47c6-ba8f-714672dc8c15,tumblr
661,af18b971-14d8-47c6-ba8f-714672dc8c15,alternative rock
662,af2a0bf6-07eb-464a-88fb-acdbe22c72e1,hip hop
662,af2a0bf6-07eb-464a-88fb-acdbe22c72e1,alternative hip hop
662,af2a0bf6-07eb-464a-88fb-acdbe22c72e1,jazz rap
662,af2a0bf6-07eb-464a-88fb-acdbe22c72e1,jazz
662,af2a0bf6-07eb-464a-88fb-acdbe22c72e1,pop
662,af2a0bf6-07eb-464a-88fb-acdbe22c72e1,west coast hip hop
662,af2a0bf6-07eb-464a-88fb-acdbe22c72e1,hardcore hip hop
662,af2a0bf6-07eb-464a-88fb-acdbe22c72e1,disco
662,af2a0bf6-07eb-464a-88fb-acdbe22c72e1,2010s
662,af2a0bf6-07eb-464a-88fb-acdbe22c72e1,conscious rapper
662,af2a0bf6-07eb-464a-88fb-acdbe22c72e1,dance
662,af2a0bf6-07eb-464a-88fb-acdbe22c72e1,trap
662,af2a0bf6-07eb-464a-88fb-acdbe22c72e1,pop rap
662,af2a0bf6-07eb-464a-88fb-acdbe22c72e1,conscious hip hop
662,af2a0bf6-07eb-464a-88fb-acdbe22c72e1,house
662,af2a0bf6-07eb-464a-88fb-acdbe22c72e1,future bass
662,af2a0bf6-07eb-464a-88fb-acdbe22c72e1,contemporary rap
662,af2a0bf6-07eb-464a-88fb-acdbe22c72e1,2020s
662,af2a0bf6-07eb-464a-88fb-acdbe22c72e1,r&b
662,af2a0bf6-07eb-464a-88fb-acdbe22c72e1,rap
662,af2a0bf6-07eb-464a-88fb-acdbe22c72e1,progressive rap
662,af2a0bf6-07eb-464a-88fb-acdbe22c72e1,gangsta rap
663,af5edf10-e00b-4ac2-af64-cab4ce3fafaf,
664,af7f2f8b-68ce-47fd-a088-ed3a29edd96f,alternative rock
664,af7f2f8b-68ce-47fd-a088-ed3a29edd96f,heavy metal
664,af7f2f8b-68ce-47fd-a088-ed3a29edd96f,nu metal
664,af7f2f8b-68ce-47fd-a088-ed3a29edd96f,alternative metal
664,af7f2f8b-68ce-47fd-a088-ed3a29edd96f,metal
664,af7f2f8b-68ce-47fd-a088-ed3a29edd96f,shoegaze
665,b01f6bd1-9955-4ca9-9501-e5516466b143,metal
665,b01f6bd1-9955-4ca9-9501-e5516466b143,metalcore
665,b01f6bd1-9955-4ca9-9501-e5516466b143,pop rock
665,b01f6bd1-9955-4ca9-9501-e5516466b143,pop-punk
665,b01f6bd1-9955-4ca9-9501-e5516466b143,nu metal
665,b01f6bd1-9955-4ca9-9501-e5516466b143,alternative metal
665,b01f6bd1-9955-4ca9-9501-e5516466b143,rock
665,b01f6bd1-9955-4ca9-9501-e5516466b143,hard rock
665,b01f6bd1-9955-4ca9-9501-e5516466b143,post-hardcore
665,b01f6bd1-9955-4ca9-9501-e5516466b143,melodic metalcore
666,b079306b-3cfd-49b7-b726-f372c192b9a1,
667,b17e9b74-68b0-4905-a8d1-73101780fc73,post-hardcore
667,b17e9b74-68b0-4905-a8d1-73101780fc73,metal
667,b17e9b74-68b0-4905-a8d1-73101780fc73,metalcore
667,b17e9b74-68b0-4905-a8d1-73101780fc73,post-metalcore
668,b257df22-cdb8-4350-bb72-ca282a262920,hip hop
668,b257df22-cdb8-4350-bb72-ca282a262920,memphis rap
668,b257df22-cdb8-4350-bb72-ca282a262920,trap
668,b257df22-cdb8-4350-bb72-ca282a262920,west coast hip hop
668,b257df22-cdb8-4350-bb72-ca282a262920,hip hop
669,b31685a4-51b2-4f57-a83d-91271a7ca9db,rap
669,b31685a4-51b2-4f57-a83d-91271a7ca9db,southern hip hop
669,b31685a4-51b2-4f57-a83d-91271a7ca9db,2020s
669,b31685a4-51b2-4f57-a83d-91271a7ca9db,hip hop
669,b31685a4-51b2-4f57-a83d-91271a7ca9db,english
669,b31685a4-51b2-4f57-a83d-91271a7ca9db,trap
670,b318519b-0edb-4730-9e72-23304bd602ad,contemporary country
670,b318519b-0edb-4730-9e72-23304bd602ad,country pop
670,b318519b-0edb-4730-9e72-23304bd602ad,southern rock
670,b318519b-0edb-4730-9e72-23304bd602ad,country rock
671,b32b5744-1d56-4743-a17a-5c5ec71d75ed,alternative metal
671,b32b5744-1d56-4743-a17a-5c5ec71d75ed,alternative rock
671,b32b5744-1d56-4743-a17a-5c5ec71d75ed,nu metal
672,b3323026-2dc1-4c02-b447-1b7118a97e90,alternative r&b
672,b3323026-2dc1-4c02-b447-1b7118a97e90,r&b
672,b3323026-2dc1-4c02-b447-1b7118a97e90,r&b/soul
672,b3323026-2dc1-4c02-b447-1b7118a97e90,caesar
672,b3323026-2dc1-4c02-b447-1b7118a97e90,r&b
672,b3323026-2dc1-4c02-b447-1b7118a97e90,toronto
672,b3323026-2dc1-4c02-b447-1b7118a97e90,latin pop
672,b3323026-2dc1-4c02-b447-1b7118a97e90,alternative r&b
672,b3323026-2dc1-4c02-b447-1b7118a97e90,neo soul
672,b3323026-2dc1-4c02-b447-1b7118a97e90,contemporary r&b
672,b3323026-2dc1-4c02-b447-1b7118a97e90,daniel
673,b3a8f8ad-e3a5-4603-8f3d-483947ccabfc,
674,b4212f3b-9eb8-4fef-8fe9-b8c173797570,post-grunge
674,b4212f3b-9eb8-4fef-8fe9-b8c173797570,hard rock
674,b4212f3b-9eb8-4fef-8fe9-b8c173797570,rock
674,b4212f3b-9eb8-4fef-8fe9-b8c173797570,emo pop
674,b4212f3b-9eb8-4fef-8fe9-b8c173797570,alternative rock
675,b436a63a-d97e-42b9-9906-4cccc395a160,
676,b54c534a-8f2c-4309-8db9-6f7d03a052d9,hip hop
676,b54c534a-8f2c-4309-8db9-6f7d03a052d9,club
676,b54c534a-8f2c-4309-8db9-6f7d03a052d9,dance-pop
676,b54c534a-8f2c-4309-8db9-6f7d03a052d9,pop
676,b54c534a-8f2c-4309-8db9-6f7d03a052d9,pop rap
676,b54c534a-8f2c-4309-8db9-6f7d03a052d9,trap soul
676,b54c534a-8f2c-4309-8db9-6f7d03a052d9,alternative r&b
676,b54c534a-8f2c-4309-8db9-6f7d03a052d9,trap
676,b54c534a-8f2c-4309-8db9-6f7d03a052d9,r&b
676,b54c534a-8f2c-4309-8db9-6f7d03a052d9,contemporary r&b
676,b54c534a-8f2c-4309-8db9-6f7d03a052d9,hip-hop
676,b54c534a-8f2c-4309-8db9-6f7d03a052d9,west coast hip hop
676,b54c534a-8f2c-4309-8db9-6f7d03a052d9,contemporary r&b
676,b54c534a-8f2c-4309-8db9-6f7d03a052d9,soul
676,b54c534a-8f2c-4309-8db9-6f7d03a052d9,pop rap
676,b54c534a-8f2c-4309-8db9-6f7d03a052d9,pop
676,b54c534a-8f2c-4309-8db9-6f7d03a052d9,rap
676,b54c534a-8f2c-4309-8db9-6f7d03a052d9,hip hop
676,b54c534a-8f2c-4309-8db9-6f7d03a052d9,dance music
676,b54c534a-8f2c-4309-8db9-6f7d03a052d9,rap
676,b54c534a-8f2c-4309-8db9-6f7d03a052d9,crunk
677,b5b6fd27-a7fa-4be7-91a1-ba397271b3b0,americana
677,b5b6fd27-a7fa-4be7-91a1-ba397271b3b0,alternative country
677,b5b6fd27-a7fa-4be7-91a1-ba397271b3b0,country
678,b5c8eed8-d086-4c5e-a16d-84e8a94400c3,alternative metal
678,b5c8eed8-d086-4c5e-a16d-84e8a94400c3,djent
678,b5c8eed8-d086-4c5e-a16d-84e8a94400c3,art pop
678,b5c8eed8-d086-4c5e-a16d-84e8a94400c3,alternative r&b
678,b5c8eed8-d086-4c5e-a16d-84e8a94400c3,alternative pop
678,b5c8eed8-d086-4c5e-a16d-84e8a94400c3,progressive rock
678,b5c8eed8-d086-4c5e-a16d-84e8a94400c3,progressive metal
679,b5f701a7-3625-4dee-a147-6a9817e4f7b8,chamber pop
679,b5f701a7-3625-4dee-a147-6a9817e4f7b8,rock
679,b5f701a7-3625-4dee-a147-6a9817e4f7b8,group turned solo project
679,b5f701a7-3625-4dee-a147-6a9817e4f7b8,emo pop
679,b5f701a7-3625-4dee-a147-6a9817e4f7b8,power pop
679,b5f701a7-3625-4dee-a147-6a9817e4f7b8,baroque pop
679,b5f701a7-3625-4dee-a147-6a9817e4f7b8,alternative rock
679,b5f701a7-3625-4dee-a147-6a9817e4f7b8,electropop
679,b5f701a7-3625-4dee-a147-6a9817e4f7b8,emo
679,b5f701a7-3625-4dee-a147-6a9817e4f7b8,pop punk
679,b5f701a7-3625-4dee-a147-6a9817e4f7b8,pop rock
680,b6627189-3c4d-4443-898f-aa289edae45b,english
680,b6627189-3c4d-4443-898f-aa289edae45b,pop rap
680,b6627189-3c4d-4443-898f-aa289edae45b,emo-pop
680,b6627189-3c4d-4443-898f-aa289edae45b,modern rock
680,b6627189-3c4d-4443-898f-aa289edae45b,alternative
680,b6627189-3c4d-4443-898f-aa289edae45b,alternative/indie rock
680,b6627189-3c4d-4443-898f-aa289edae45b,punk
680,b6627189-3c4d-4443-898f-aa289edae45b,pop rock
680,b6627189-3c4d-4443-898f-aa289edae45b,pop punk
680,b6627189-3c4d-4443-898f-aa289edae45b,rock
680,b6627189-3c4d-4443-898f-aa289edae45b,neon pop
680,b6627189-3c4d-4443-898f-aa289edae45b,powerpop
680,b6627189-3c4d-4443-898f-aa289edae45b,power pop
680,b6627189-3c4d-4443-898f-aa289edae45b,emo pop
680,b6627189-3c4d-4443-898f-aa289edae45b,pop
680,b6627189-3c4d-4443-898f-aa289edae45b,alternative rock
680,b6627189-3c4d-4443-898f-aa289edae45b,alternative r&b
680,b6627189-3c4d-4443-898f-aa289edae45b,hip hop
680,b6627189-3c4d-4443-898f-aa289edae45b,emo
680,b6627189-3c4d-4443-898f-aa289edae45b,rap
681,b6def08c-cc45-4bc6-8b2a-03437174a286,country pop
681,b6def08c-cc45-4bc6-8b2a-03437174a286,hard rock
681,b6def08c-cc45-4bc6-8b2a-03437174a286,country
682,b6e5285d-9a31-4a1e-927b-0f36107f3366,african american musicians
682,b6e5285d-9a31-4a1e-927b-0f36107f3366,rapmusiker
682,b6e5285d-9a31-4a1e-927b-0f36107f3366,singstimme
682,b6e5285d-9a31-4a1e-927b-0f36107f3366,singers
682,b6e5285d-9a31-4a1e-927b-0f36107f3366,contemporary r&b
682,b6e5285d-9a31-4a1e-927b-0f36107f3366,pop rap
682,b6e5285d-9a31-4a1e-927b-0f36107f3366,hip hop
682,b6e5285d-9a31-4a1e-927b-0f36107f3366,pop
682,b6e5285d-9a31-4a1e-927b-0f36107f3366,musikproduzent
682,b6e5285d-9a31-4a1e-927b-0f36107f3366,businesspeople
682,b6e5285d-9a31-4a1e-927b-0f36107f3366,r&b
682,b6e5285d-9a31-4a1e-927b-0f36107f3366,electropop
682,b6e5285d-9a31-4a1e-927b-0f36107f3366,contemporary rap
682,b6e5285d-9a31-4a1e-927b-0f36107f3366,composers
682,b6e5285d-9a31-4a1e-927b-0f36107f3366,trap
682,b6e5285d-9a31-4a1e-927b-0f36107f3366,chipmunk soul
682,b6e5285d-9a31-4a1e-927b-0f36107f3366,regisseur
682,b6e5285d-9a31-4a1e-927b-0f36107f3366,house
682,b6e5285d-9a31-4a1e-927b-0f36107f3366,gospel music
682,b6e5285d-9a31-4a1e-927b-0f36107f3366,producer
682,b6e5285d-9a31-4a1e-927b-0f36107f3366,fashion designers
682,b6e5285d-9a31-4a1e-927b-0f36107f3366,deep house
682,b6e5285d-9a31-4a1e-927b-0f36107f3366,rap musicians
682,b6e5285d-9a31-4a1e-927b-0f36107f3366,future bass
682,b6e5285d-9a31-4a1e-927b-0f36107f3366,modeschöpfer
682,b6e5285d-9a31-4a1e-927b-0f36107f3366,conscious hip hop
682,b6e5285d-9a31-4a1e-927b-0f36107f3366,christian hip hop
682,b6e5285d-9a31-4a1e-927b-0f36107f3366,songwriter
682,b6e5285d-9a31-4a1e-927b-0f36107f3366,progressive rap
682,b6e5285d-9a31-4a1e-927b-0f36107f3366,midwest rap
682,b6e5285d-9a31-4a1e-927b-0f36107f3366,experimental hip hop
682,b6e5285d-9a31-4a1e-927b-0f36107f3366,sound recording executives and producers
683,b6efb873-6272-487a-953b-eb9c82937659,progressive rap
683,b6efb873-6272-487a-953b-eb9c82937659,gangsta rap
683,b6efb873-6272-487a-953b-eb9c82937659,alternative hip hop
683,b6efb873-6272-487a-953b-eb9c82937659,jazz rap
683,b6efb873-6272-487a-953b-eb9c82937659,conscious hip hop
683,b6efb873-6272-487a-953b-eb9c82937659,hip hop
683,b6efb873-6272-487a-953b-eb9c82937659,hardcore hip hop
683,b6efb873-6272-487a-953b-eb9c82937659,west coast hip hop
683,b6efb873-6272-487a-953b-eb9c82937659,rap
683,b6efb873-6272-487a-953b-eb9c82937659,r&b
683,b6efb873-6272-487a-953b-eb9c82937659,pop rap
683,b6efb873-6272-487a-953b-eb9c82937659,trap
683,b6efb873-6272-487a-953b-eb9c82937659,dance
683,b6efb873-6272-487a-953b-eb9c82937659,house
683,b6efb873-6272-487a-953b-eb9c82937659,future bass
683,b6efb873-6272-487a-953b-eb9c82937659,contemporary rap
683,b6efb873-6272-487a-953b-eb9c82937659,2020s
683,b6efb873-6272-487a-953b-eb9c82937659,2010s
683,b6efb873-6272-487a-953b-eb9c82937659,conscious rapper
683,b6efb873-6272-487a-953b-eb9c82937659,jazz
683,b6efb873-6272-487a-953b-eb9c82937659,disco
683,b6efb873-6272-487a-953b-eb9c82937659,pop
684,b6f19762-1124-4919-9445-dd081fa87428,metalcore
684,b6f19762-1124-4919-9445-dd081fa87428,metal
684,b6f19762-1124-4919-9445-dd081fa87428,post-metalcore
684,b6f19762-1124-4919-9445-dd081fa87428,post-hardcore
685,b728dfa8-539b-421a-a6b0-f7998045024e,experimental rock
685,b728dfa8-539b-421a-a6b0-f7998045024e,post-hardcore
686,b76555ae-9712-4a80-918b-10f6f0f7e089,guitar
687,b81d32e7-c889-44b7-ac54-d4b41372f82e,
688,b82c266c-23ec-479f-9061-53156fb5d10a,
689,b85ce8b1-855b-49b5-ab45-61fb51645d9b,trap
689,b85ce8b1-855b-49b5-ab45-61fb51645d9b,hip hop
689,b85ce8b1-855b-49b5-ab45-61fb51645d9b,alternative r&b
690,b8e90fa0-141f-40c1-9ba1-3112f5e0ddb8,pop rock
690,b8e90fa0-141f-40c1-9ba1-3112f5e0ddb8,rap rock
690,b8e90fa0-141f-40c1-9ba1-3112f5e0ddb8,2020s
690,b8e90fa0-141f-40c1-9ba1-3112f5e0ddb8,gen z
690,b8e90fa0-141f-40c1-9ba1-3112f5e0ddb8,indie rock
690,b8e90fa0-141f-40c1-9ba1-3112f5e0ddb8,rock
690,b8e90fa0-141f-40c1-9ba1-3112f5e0ddb8,alternative rock
691,b9648e9e-e8b9-4db1-943e-eb1f6db72257,horrorcore
691,b9648e9e-e8b9-4db1-943e-eb1f6db72257,hip hop
691,b9648e9e-e8b9-4db1-943e-eb1f6db72257,west coast hip hop
691,b9648e9e-e8b9-4db1-943e-eb1f6db72257,pop rap
691,b9648e9e-e8b9-4db1-943e-eb1f6db72257,hardcore hip hop
692,b9a49a4d-77b3-4c3c-9965-7b15669857c8,k.i.d
692,b9a49a4d-77b3-4c3c-9965-7b15669857c8,kyle
692,b9a49a4d-77b3-4c3c-9965-7b15669857c8,us
692,b9a49a4d-77b3-4c3c-9965-7b15669857c8,rapper
692,b9a49a4d-77b3-4c3c-9965-7b15669857c8,hip-hop
693,b9ba7418-87c7-4c89-acd7-9dd5cddec7cf,music trade
693,b9ba7418-87c7-4c89-acd7-9dd5cddec7cf,actor
693,b9ba7418-87c7-4c89-acd7-9dd5cddec7cf,hardcore hip hop
693,b9ba7418-87c7-4c89-acd7-9dd5cddec7cf,midwest hip hop
693,b9ba7418-87c7-4c89-acd7-9dd5cddec7cf,trap
693,b9ba7418-87c7-4c89-acd7-9dd5cddec7cf,hip-hop
693,b9ba7418-87c7-4c89-acd7-9dd5cddec7cf,rap
693,b9ba7418-87c7-4c89-acd7-9dd5cddec7cf,record producer
693,b9ba7418-87c7-4c89-acd7-9dd5cddec7cf,songwriter
693,b9ba7418-87c7-4c89-acd7-9dd5cddec7cf,midwestern hip-hop
693,b9ba7418-87c7-4c89-acd7-9dd5cddec7cf,2008 universal fire victim
693,b9ba7418-87c7-4c89-acd7-9dd5cddec7cf,pop rap
693,b9ba7418-87c7-4c89-acd7-9dd5cddec7cf,boom bap
693,b9ba7418-87c7-4c89-acd7-9dd5cddec7cf,detroit
693,b9ba7418-87c7-4c89-acd7-9dd5cddec7cf,singer
693,b9ba7418-87c7-4c89-acd7-9dd5cddec7cf,detroit hip hop
693,b9ba7418-87c7-4c89-acd7-9dd5cddec7cf,horrorcore
693,b9ba7418-87c7-4c89-acd7-9dd5cddec7cf,hip hop
693,b9ba7418-87c7-4c89-acd7-9dd5cddec7cf,conscious hip hop
694,b9c6ed5a-3cf5-4be6-a663-1b20de97e46b,pop rock
694,b9c6ed5a-3cf5-4be6-a663-1b20de97e46b,progressive deathcore
694,b9c6ed5a-3cf5-4be6-a663-1b20de97e46b,deathcore
694,b9c6ed5a-3cf5-4be6-a663-1b20de97e46b,pop punk
694,b9c6ed5a-3cf5-4be6-a663-1b20de97e46b,punk
694,b9c6ed5a-3cf5-4be6-a663-1b20de97e46b,metalcore
694,b9c6ed5a-3cf5-4be6-a663-1b20de97e46b,progressive metal
695,ba20a414-eb5f-4100-8123-7ad07c221aa4,country pop
695,ba20a414-eb5f-4100-8123-7ad07c221aa4,country
695,ba20a414-eb5f-4100-8123-7ad07c221aa4,2020s
696,bac02d21-71a5-4b75-80e9-04195711c766,trap
696,bac02d21-71a5-4b75-80e9-04195711c766,2020s
696,bac02d21-71a5-4b75-80e9-04195711c766,southern hip hop
696,bac02d21-71a5-4b75-80e9-04195711c766,2010s
696,bac02d21-71a5-4b75-80e9-04195711c766,english
696,bac02d21-71a5-4b75-80e9-04195711c766,trap rap
696,bac02d21-71a5-4b75-80e9-04195711c766,hip hop
697,bafa571a-abdf-4d56-9f11-603e4887bf92,hip hop
697,bafa571a-abdf-4d56-9f11-603e4887bf92,rap
698,bb727e29-30b5-4cf1-b92d-5735564bb881,country
699,bba0c2df-70fb-4f13-b383-83eb1f1b726c,
700,bc1043b3-1865-4205-8eb4-5272b0cc46cc,post-hardcore
700,bc1043b3-1865-4205-8eb4-5272b0cc46cc,alternative rock
700,bc1043b3-1865-4205-8eb4-5272b0cc46cc,metalcore
701,bc397a42-c3e0-4971-b5a1-172e1558f16e,
702,bc4d8e10-da70-4897-b7ec-ce1e8518de2f,trap
702,bc4d8e10-da70-4897-b7ec-ce1e8518de2f,gangsta rap
702,bc4d8e10-da70-4897-b7ec-ce1e8518de2f,hardcore hip hop
702,bc4d8e10-da70-4897-b7ec-ce1e8518de2f,hip hop
702,bc4d8e10-da70-4897-b7ec-ce1e8518de2f,west coast hip hop
703,bd421cc1-a85e-46dc-86ee-315ad01fdb99,piano rock
703,bd421cc1-a85e-46dc-86ee-315ad01fdb99,hip hop
703,bd421cc1-a85e-46dc-86ee-315ad01fdb99,alternative rap
703,bd421cc1-a85e-46dc-86ee-315ad01fdb99,rap
703,bd421cc1-a85e-46dc-86ee-315ad01fdb99,alternative rock
703,bd421cc1-a85e-46dc-86ee-315ad01fdb99,alternative electronic
703,bd421cc1-a85e-46dc-86ee-315ad01fdb99,indietronica
703,bd421cc1-a85e-46dc-86ee-315ad01fdb99,indie pop
703,bd421cc1-a85e-46dc-86ee-315ad01fdb99,pop rap
703,bd421cc1-a85e-46dc-86ee-315ad01fdb99,alternative pop
703,bd421cc1-a85e-46dc-86ee-315ad01fdb99,columbus [oh]
703,bd421cc1-a85e-46dc-86ee-315ad01fdb99,electropop
703,bd421cc1-a85e-46dc-86ee-315ad01fdb99,rock
703,bd421cc1-a85e-46dc-86ee-315ad01fdb99,indie
703,bd421cc1-a85e-46dc-86ee-315ad01fdb99,alternative hip hop
704,bd57c9bb-3a2e-42e3-840d-98a25ecf73d5,post-grunge
704,bd57c9bb-3a2e-42e3-840d-98a25ecf73d5,pop rock
704,bd57c9bb-3a2e-42e3-840d-98a25ecf73d5,alternative metal
704,bd57c9bb-3a2e-42e3-840d-98a25ecf73d5,rock
704,bd57c9bb-3a2e-42e3-840d-98a25ecf73d5,metal
704,bd57c9bb-3a2e-42e3-840d-98a25ecf73d5,hard rock
705,bd9f7083-d8c5-420e-871a-4319a0840e9e,
706,bda7507c-1aad-46d1-a68e-a6a68f81a056,easycore
706,bda7507c-1aad-46d1-a68e-a6a68f81a056,hardcore punk
706,bda7507c-1aad-46d1-a68e-a6a68f81a056,progressive rock
706,bda7507c-1aad-46d1-a68e-a6a68f81a056,post-hardcore
706,bda7507c-1aad-46d1-a68e-a6a68f81a056,emo
706,bda7507c-1aad-46d1-a68e-a6a68f81a056,rock
706,bda7507c-1aad-46d1-a68e-a6a68f81a056,pop punk
706,bda7507c-1aad-46d1-a68e-a6a68f81a056,pop screamo
706,bda7507c-1aad-46d1-a68e-a6a68f81a056,millennial
706,bda7507c-1aad-46d1-a68e-a6a68f81a056,screamo
706,bda7507c-1aad-46d1-a68e-a6a68f81a056,melodic hardcore
706,bda7507c-1aad-46d1-a68e-a6a68f81a056,alternative rock
706,bda7507c-1aad-46d1-a68e-a6a68f81a056,scene
706,bda7507c-1aad-46d1-a68e-a6a68f81a056,pop rock
706,bda7507c-1aad-46d1-a68e-a6a68f81a056,alternative
706,bda7507c-1aad-46d1-a68e-a6a68f81a056,alternative/indie rock
706,bda7507c-1aad-46d1-a68e-a6a68f81a056,pop
706,bda7507c-1aad-46d1-a68e-a6a68f81a056,experimental rock
707,bda75eb1-e2bc-46b3-83fc-250d73d54004,southern hip hop
707,bda75eb1-e2bc-46b3-83fc-250d73d54004,pop rap
707,bda75eb1-e2bc-46b3-83fc-250d73d54004,rap
707,bda75eb1-e2bc-46b3-83fc-250d73d54004,trap
707,bda75eb1-e2bc-46b3-83fc-250d73d54004,hip hop
707,bda75eb1-e2bc-46b3-83fc-250d73d54004,english
707,bda75eb1-e2bc-46b3-83fc-250d73d54004,experimental hip hop
708,be83f1cf-e19e-4b12-976c-fb968878e433,pop
708,be83f1cf-e19e-4b12-976c-fb968878e433,future pop
708,be83f1cf-e19e-4b12-976c-fb968878e433,new wave
708,be83f1cf-e19e-4b12-976c-fb968878e433,us
709,bee80154-c38c-450d-91c2-3bf71bcd99cf,pop rap
709,bee80154-c38c-450d-91c2-3bf71bcd99cf,experimental hip hop
709,bee80154-c38c-450d-91c2-3bf71bcd99cf,hip hop
709,bee80154-c38c-450d-91c2-3bf71bcd99cf,english
709,bee80154-c38c-450d-91c2-3bf71bcd99cf,rap
709,bee80154-c38c-450d-91c2-3bf71bcd99cf,trap
709,bee80154-c38c-450d-91c2-3bf71bcd99cf,southern hip hop
710,beeace41-6d25-4147-8184-d63a17363a72,country pop
710,beeace41-6d25-4147-8184-d63a17363a72,contemporary country
710,beeace41-6d25-4147-8184-d63a17363a72,modern country
710,beeace41-6d25-4147-8184-d63a17363a72,country
711,bf08f362-f6ac-42ab-8f19-d840b90625f6,americana
711,bf08f362-f6ac-42ab-8f19-d840b90625f6,red dirt
711,bf08f362-f6ac-42ab-8f19-d840b90625f6,alternative country
711,bf08f362-f6ac-42ab-8f19-d840b90625f6,country
712,bf230e0c-e1e1-43ee-b373-a7f33e977594,post-hardcore
712,bf230e0c-e1e1-43ee-b373-a7f33e977594,progressive rock
712,bf230e0c-e1e1-43ee-b373-a7f33e977594,screamo
712,bf230e0c-e1e1-43ee-b373-a7f33e977594,experimental
712,bf230e0c-e1e1-43ee-b373-a7f33e977594,emo pop
712,bf230e0c-e1e1-43ee-b373-a7f33e977594,progressive
712,bf230e0c-e1e1-43ee-b373-a7f33e977594,mathcore
712,bf230e0c-e1e1-43ee-b373-a7f33e977594,hardcore
712,bf230e0c-e1e1-43ee-b373-a7f33e977594,emo
713,bf3ec338-29c0-4e57-be66-7d72234e3d6d,hardcore hip hop
713,bf3ec338-29c0-4e57-be66-7d72234e3d6d,pop
713,bf3ec338-29c0-4e57-be66-7d72234e3d6d,hip hop
713,bf3ec338-29c0-4e57-be66-7d72234e3d6d,top 100
713,bf3ec338-29c0-4e57-be66-7d72234e3d6d,top 10
713,bf3ec338-29c0-4e57-be66-7d72234e3d6d,r&b
713,bf3ec338-29c0-4e57-be66-7d72234e3d6d,contemporary r&b
713,bf3ec338-29c0-4e57-be66-7d72234e3d6d,pop rap
713,bf3ec338-29c0-4e57-be66-7d72234e3d6d,trap
713,bf3ec338-29c0-4e57-be66-7d72234e3d6d,trap rap
713,bf3ec338-29c0-4e57-be66-7d72234e3d6d,southern hip hop
713,bf3ec338-29c0-4e57-be66-7d72234e3d6d,top 5
713,bf3ec338-29c0-4e57-be66-7d72234e3d6d,southern hip hop
713,bf3ec338-29c0-4e57-be66-7d72234e3d6d,alternative r&b
713,bf3ec338-29c0-4e57-be66-7d72234e3d6d,hip hop
713,bf3ec338-29c0-4e57-be66-7d72234e3d6d,trap
713,bf3ec338-29c0-4e57-be66-7d72234e3d6d,hip-hop
713,bf3ec338-29c0-4e57-be66-7d72234e3d6d,rap
713,bf3ec338-29c0-4e57-be66-7d72234e3d6d,sxsw
714,bf73f30c-265f-4c2b-a07b-513183a752c2,
715,bf850680-3039-48b3-ae2c-82be332265ff,trap
715,bf850680-3039-48b3-ae2c-82be332265ff,hip hop
715,bf850680-3039-48b3-ae2c-82be332265ff,top 5
715,bf850680-3039-48b3-ae2c-82be332265ff,top 10
715,bf850680-3039-48b3-ae2c-82be332265ff,top 100
715,bf850680-3039-48b3-ae2c-82be332265ff,sxsw
715,bf850680-3039-48b3-ae2c-82be332265ff,hip-hop
715,bf850680-3039-48b3-ae2c-82be332265ff,hardcore hip hop
715,bf850680-3039-48b3-ae2c-82be332265ff,trap rap
715,bf850680-3039-48b3-ae2c-82be332265ff,southern hip hop
715,bf850680-3039-48b3-ae2c-82be332265ff,pop
715,bf850680-3039-48b3-ae2c-82be332265ff,r&b
715,bf850680-3039-48b3-ae2c-82be332265ff,alternative r&b
715,bf850680-3039-48b3-ae2c-82be332265ff,pop rap
715,bf850680-3039-48b3-ae2c-82be332265ff,rap
715,bf850680-3039-48b3-ae2c-82be332265ff,contemporary r&b
716,bfb0498e-4731-44ef-abbf-751c4766cbd5,hardcore
716,bfb0498e-4731-44ef-abbf-751c4766cbd5,progressive rock
716,bfb0498e-4731-44ef-abbf-751c4766cbd5,rock
716,bfb0498e-4731-44ef-abbf-751c4766cbd5,pop
716,bfb0498e-4731-44ef-abbf-751c4766cbd5,metalcore
716,bfb0498e-4731-44ef-abbf-751c4766cbd5,experimental rock
716,bfb0498e-4731-44ef-abbf-751c4766cbd5,swancore
716,bfb0498e-4731-44ef-abbf-751c4766cbd5,math rock
716,bfb0498e-4731-44ef-abbf-751c4766cbd5,screamo
716,bfb0498e-4731-44ef-abbf-751c4766cbd5,experimental
716,bfb0498e-4731-44ef-abbf-751c4766cbd5,post-hardcore
716,bfb0498e-4731-44ef-abbf-751c4766cbd5,emocore
716,bfb0498e-4731-44ef-abbf-751c4766cbd5,alternative/indie rock
716,bfb0498e-4731-44ef-abbf-751c4766cbd5,emo
717,c0332d0f-fc68-47eb-adde-df5236c15817,hip hop
718,c03536d4-53a0-48ba-923e-d5167d9d8581,emo
718,c03536d4-53a0-48ba-923e-d5167d9d8581,pop punk
718,c03536d4-53a0-48ba-923e-d5167d9d8581,power pop
718,c03536d4-53a0-48ba-923e-d5167d9d8581,pop rock
718,c03536d4-53a0-48ba-923e-d5167d9d8581,alternative
718,c03536d4-53a0-48ba-923e-d5167d9d8581,rock
718,c03536d4-53a0-48ba-923e-d5167d9d8581,alternative rock
719,c03e3e47-280d-4c25-8a96-3d3c97d94b3f,trap
719,c03e3e47-280d-4c25-8a96-3d3c97d94b3f,hip hop
719,c03e3e47-280d-4c25-8a96-3d3c97d94b3f,southern hip hop
720,c04b6603-cd1b-4042-a0dd-4dfe19ca1370,hip hop
720,c04b6603-cd1b-4042-a0dd-4dfe19ca1370,r&b
720,c04b6603-cd1b-4042-a0dd-4dfe19ca1370,pop
721,c13b998e-50d0-4671-8912-d079e85a577e,alternative metal
721,c13b998e-50d0-4671-8912-d079e85a577e,progressive metal
721,c13b998e-50d0-4671-8912-d079e85a577e,alternative pop
721,c13b998e-50d0-4671-8912-d079e85a577e,djent
721,c13b998e-50d0-4671-8912-d079e85a577e,alternative r&b
721,c13b998e-50d0-4671-8912-d079e85a577e,progressive rock
721,c13b998e-50d0-4671-8912-d079e85a577e,art pop
722,c278fad2-c00d-43d3-8172-a8985e6f39ce,
723,c294757b-0430-4eb4-ae7a-6abcffb87405,west coast hip hop
723,c294757b-0430-4eb4-ae7a-6abcffb87405,progressive rap
723,c294757b-0430-4eb4-ae7a-6abcffb87405,jazz
723,c294757b-0430-4eb4-ae7a-6abcffb87405,contemporary rap
723,c294757b-0430-4eb4-ae7a-6abcffb87405,conscious rapper
723,c294757b-0430-4eb4-ae7a-6abcffb87405,hip hop
723,c294757b-0430-4eb4-ae7a-6abcffb87405,pop
723,c294757b-0430-4eb4-ae7a-6abcffb87405,trap
723,c294757b-0430-4eb4-ae7a-6abcffb87405,pop rap
723,c294757b-0430-4eb4-ae7a-6abcffb87405,2020s
723,c294757b-0430-4eb4-ae7a-6abcffb87405,gangsta rap
723,c294757b-0430-4eb4-ae7a-6abcffb87405,r&b
723,c294757b-0430-4eb4-ae7a-6abcffb87405,rap
723,c294757b-0430-4eb4-ae7a-6abcffb87405,alternative hip hop
723,c294757b-0430-4eb4-ae7a-6abcffb87405,jazz rap
723,c294757b-0430-4eb4-ae7a-6abcffb87405,conscious hip hop
723,c294757b-0430-4eb4-ae7a-6abcffb87405,hip hop
723,c294757b-0430-4eb4-ae7a-6abcffb87405,hardcore hip hop
723,c294757b-0430-4eb4-ae7a-6abcffb87405,future bass
723,c294757b-0430-4eb4-ae7a-6abcffb87405,house
723,c294757b-0430-4eb4-ae7a-6abcffb87405,2010s
723,c294757b-0430-4eb4-ae7a-6abcffb87405,dance
723,c294757b-0430-4eb4-ae7a-6abcffb87405,disco
724,c29aaa2b-5997-4542-9118-0264d3c93b14,alternative
724,c29aaa2b-5997-4542-9118-0264d3c93b14,emo pop
724,c29aaa2b-5997-4542-9118-0264d3c93b14,pop
724,c29aaa2b-5997-4542-9118-0264d3c93b14,pop rock
724,c29aaa2b-5997-4542-9118-0264d3c93b14,powerpop
724,c29aaa2b-5997-4542-9118-0264d3c93b14,neon pop
724,c29aaa2b-5997-4542-9118-0264d3c93b14,pop punk
724,c29aaa2b-5997-4542-9118-0264d3c93b14,rock
724,c29aaa2b-5997-4542-9118-0264d3c93b14,alternative rock
724,c29aaa2b-5997-4542-9118-0264d3c93b14,emo-pop
724,c29aaa2b-5997-4542-9118-0264d3c93b14,punk
724,c29aaa2b-5997-4542-9118-0264d3c93b14,alternative/indie rock
724,c29aaa2b-5997-4542-9118-0264d3c93b14,power pop
724,c29aaa2b-5997-4542-9118-0264d3c93b14,modern rock
724,c29aaa2b-5997-4542-9118-0264d3c93b14,emo
725,c321e81c-c57c-4d83-8084-2ea9867e11b1,
726,c32b25c0-5db2-4f71-825c-8505912cf86b,pop punk
726,c32b25c0-5db2-4f71-825c-8505912cf86b,punk
726,c32b25c0-5db2-4f71-825c-8505912cf86b,emo
726,c32b25c0-5db2-4f71-825c-8505912cf86b,alternative
726,c32b25c0-5db2-4f71-825c-8505912cf86b,emo pop
726,c32b25c0-5db2-4f71-825c-8505912cf86b,indie rock
726,c32b25c0-5db2-4f71-825c-8505912cf86b,electropop
726,c32b25c0-5db2-4f71-825c-8505912cf86b,alternative/indie rock
726,c32b25c0-5db2-4f71-825c-8505912cf86b,emo-pop
726,c32b25c0-5db2-4f71-825c-8505912cf86b,pop
726,c32b25c0-5db2-4f71-825c-8505912cf86b,alternative rock
726,c32b25c0-5db2-4f71-825c-8505912cf86b,pop rock
727,c35a08c6-aad9-48c4-9124-c745a4d7a583,2010s
727,c35a08c6-aad9-48c4-9124-c745a4d7a583,pop
727,c35a08c6-aad9-48c4-9124-c745a4d7a583,hip hop
727,c35a08c6-aad9-48c4-9124-c745a4d7a583,pop rap
727,c35a08c6-aad9-48c4-9124-c745a4d7a583,austin city limits
727,c35a08c6-aad9-48c4-9124-c745a4d7a583,pop rap
727,c35a08c6-aad9-48c4-9124-c745a4d7a583,contemporary r&b
727,c35a08c6-aad9-48c4-9124-c745a4d7a583,songwriter
727,c35a08c6-aad9-48c4-9124-c745a4d7a583,underground hip hop
727,c35a08c6-aad9-48c4-9124-c745a4d7a583,r&b
727,c35a08c6-aad9-48c4-9124-c745a4d7a583,hip hop rnb and dance hall
727,c35a08c6-aad9-48c4-9124-c745a4d7a583,criminal
727,c35a08c6-aad9-48c4-9124-c745a4d7a583,english
727,c35a08c6-aad9-48c4-9124-c745a4d7a583,rap rock
727,c35a08c6-aad9-48c4-9124-c745a4d7a583,hip hop
727,c35a08c6-aad9-48c4-9124-c745a4d7a583,southern hip hop
727,c35a08c6-aad9-48c4-9124-c745a4d7a583,trap
727,c35a08c6-aad9-48c4-9124-c745a4d7a583,rap
727,c35a08c6-aad9-48c4-9124-c745a4d7a583,blessings
727,c35a08c6-aad9-48c4-9124-c745a4d7a583,gangsta rap
727,c35a08c6-aad9-48c4-9124-c745a4d7a583,top 10
727,c35a08c6-aad9-48c4-9124-c745a4d7a583,r&b
727,c35a08c6-aad9-48c4-9124-c745a4d7a583,top 100
727,c35a08c6-aad9-48c4-9124-c745a4d7a583,top 5
727,c35a08c6-aad9-48c4-9124-c745a4d7a583,top 100
727,c35a08c6-aad9-48c4-9124-c745a4d7a583,2000s
727,c35a08c6-aad9-48c4-9124-c745a4d7a583,contemporary r&b
727,c35a08c6-aad9-48c4-9124-c745a4d7a583,sxsw
727,c35a08c6-aad9-48c4-9124-c745a4d7a583,lecrae
727,c35a08c6-aad9-48c4-9124-c745a4d7a583,rock
727,c35a08c6-aad9-48c4-9124-c745a4d7a583,r&b
728,c405af0d-bec2-480c-95f6-d6d4373f0779,east coast hip hop
728,c405af0d-bec2-480c-95f6-d6d4373f0779,hip hop
728,c405af0d-bec2-480c-95f6-d6d4373f0779,conscious hip hop
728,c405af0d-bec2-480c-95f6-d6d4373f0779,jazz rap
728,c405af0d-bec2-480c-95f6-d6d4373f0779,boom bap
728,c405af0d-bec2-480c-95f6-d6d4373f0779,pop rap
729,c41e9f88-06e2-4aeb-8ed2-dd544fd9ce61,leftfield
729,c41e9f88-06e2-4aeb-8ed2-dd544fd9ce61,pop
729,c41e9f88-06e2-4aeb-8ed2-dd544fd9ce61,r&b
729,c41e9f88-06e2-4aeb-8ed2-dd544fd9ce61,contemporary r&b
729,c41e9f88-06e2-4aeb-8ed2-dd544fd9ce61,singer-songwriter
729,c41e9f88-06e2-4aeb-8ed2-dd544fd9ce61,hip hop
730,c44742a1-ef4a-4493-84d6-969ef837d125,trap
730,c44742a1-ef4a-4493-84d6-969ef837d125,hip hop
730,c44742a1-ef4a-4493-84d6-969ef837d125,alternative r&b
731,c44ac611-2fdf-4a88-a502-0914dd19f69c,hip hop
732,c6253af4-dba5-4261-9c8d-46fc2744e81b,alternative metal
732,c6253af4-dba5-4261-9c8d-46fc2744e81b,shoegaze
732,c6253af4-dba5-4261-9c8d-46fc2744e81b,metal
733,c680e993-27c0-4f20-93ff-c527191a7518,pop
733,c680e993-27c0-4f20-93ff-c527191a7518,pop punk
733,c680e993-27c0-4f20-93ff-c527191a7518,alternative
733,c680e993-27c0-4f20-93ff-c527191a7518,pop rock
733,c680e993-27c0-4f20-93ff-c527191a7518,emo
733,c680e993-27c0-4f20-93ff-c527191a7518,alternative rock
733,c680e993-27c0-4f20-93ff-c527191a7518,emo pop
733,c680e993-27c0-4f20-93ff-c527191a7518,rock
733,c680e993-27c0-4f20-93ff-c527191a7518,modern rock
733,c680e993-27c0-4f20-93ff-c527191a7518,power pop
733,c680e993-27c0-4f20-93ff-c527191a7518,neon pop
733,c680e993-27c0-4f20-93ff-c527191a7518,punk
733,c680e993-27c0-4f20-93ff-c527191a7518,alternative/indie rock
733,c680e993-27c0-4f20-93ff-c527191a7518,emo-pop
733,c680e993-27c0-4f20-93ff-c527191a7518,powerpop
734,c691f7de-e2cb-4c51-ad71-b8a8999550b4,
735,c6aeb303-9beb-4f93-ba95-4c57f779ea22,christian hip hop
735,c6aeb303-9beb-4f93-ba95-4c57f779ea22,christian rap
736,c6e72c76-0bf5-4581-91c1-66732dd07222,hard rock
736,c6e72c76-0bf5-4581-91c1-66732dd07222,alternative rock
736,c6e72c76-0bf5-4581-91c1-66732dd07222,rock
737,c6e8324c-cc25-46b6-b709-be358c2c700e,alternative metal
737,c6e8324c-cc25-46b6-b709-be358c2c700e,rock
737,c6e8324c-cc25-46b6-b709-be358c2c700e,post-hardcore
737,c6e8324c-cc25-46b6-b709-be358c2c700e,electronic rock
737,c6e8324c-cc25-46b6-b709-be358c2c700e,melodic metalcore
737,c6e8324c-cc25-46b6-b709-be358c2c700e,emocore
737,c6e8324c-cc25-46b6-b709-be358c2c700e,metal
737,c6e8324c-cc25-46b6-b709-be358c2c700e,emo
737,c6e8324c-cc25-46b6-b709-be358c2c700e,electronic
737,c6e8324c-cc25-46b6-b709-be358c2c700e,alternative rock
737,c6e8324c-cc25-46b6-b709-be358c2c700e,metalcore
737,c6e8324c-cc25-46b6-b709-be358c2c700e,electronicore
737,c6e8324c-cc25-46b6-b709-be358c2c700e,hard rock
738,c6eb8877-3310-4737-9b26-5ea4b2e7769d,rock
738,c6eb8877-3310-4737-9b26-5ea4b2e7769d,post-hardcore
739,c6f53ca7-aa86-4290-a6e4-496b8aec9cb6,djent
739,c6f53ca7-aa86-4290-a6e4-496b8aec9cb6,progressive metal
739,c6f53ca7-aa86-4290-a6e4-496b8aec9cb6,progressive rock
739,c6f53ca7-aa86-4290-a6e4-496b8aec9cb6,art pop
739,c6f53ca7-aa86-4290-a6e4-496b8aec9cb6,alternative pop
739,c6f53ca7-aa86-4290-a6e4-496b8aec9cb6,alternative metal
739,c6f53ca7-aa86-4290-a6e4-496b8aec9cb6,alternative r&b
740,c6fdf048-6705-4df2-808b-73d24211af26,television music
740,c6fdf048-6705-4df2-808b-73d24211af26,noise pop
740,c6fdf048-6705-4df2-808b-73d24211af26,power pop
740,c6fdf048-6705-4df2-808b-73d24211af26,noise rock
740,c6fdf048-6705-4df2-808b-73d24211af26,indie rock
741,c7625692-250a-4f48-a405-84d099b30e05,progressive metalcore
741,c7625692-250a-4f48-a405-84d099b30e05,metalcore
741,c7625692-250a-4f48-a405-84d099b30e05,post-hardcore
741,c7625692-250a-4f48-a405-84d099b30e05,screamo
741,c7625692-250a-4f48-a405-84d099b30e05,hardcore
742,c7694326-c6b6-4385-940a-1958719b37da,
743,c795de39-b51a-4b17-99df-635f6bb93d10,alternative rock
743,c795de39-b51a-4b17-99df-635f6bb93d10,blues rock
743,c795de39-b51a-4b17-99df-635f6bb93d10,rock
744,c7ce75d5-4e1e-49f4-b9ac-fd69576674f3,west coast hip hop
744,c7ce75d5-4e1e-49f4-b9ac-fd69576674f3,hip hop
745,c7e8fa32-99a7-4907-8acb-8e02f020eeaa,r&b
745,c7e8fa32-99a7-4907-8acb-8e02f020eeaa,supergroup
745,c7e8fa32-99a7-4907-8acb-8e02f020eeaa,soul
745,c7e8fa32-99a7-4907-8acb-8e02f020eeaa,funk
746,c81ee488-12de-4460-ab9e-54bae8ee9ad5,soul
746,c81ee488-12de-4460-ab9e-54bae8ee9ad5,j. cole
746,c81ee488-12de-4460-ab9e-54bae8ee9ad5,neo soul
746,c81ee488-12de-4460-ab9e-54bae8ee9ad5,sxsw
746,c81ee488-12de-4460-ab9e-54bae8ee9ad5,southern soul
746,c81ee488-12de-4460-ab9e-54bae8ee9ad5,deep soul
746,c81ee488-12de-4460-ab9e-54bae8ee9ad5,pop soul
746,c81ee488-12de-4460-ab9e-54bae8ee9ad5,trap soul
746,c81ee488-12de-4460-ab9e-54bae8ee9ad5,hip hop
746,c81ee488-12de-4460-ab9e-54bae8ee9ad5,hip hop soul
746,c81ee488-12de-4460-ab9e-54bae8ee9ad5,best female artist
746,c81ee488-12de-4460-ab9e-54bae8ee9ad5,rap
746,c81ee488-12de-4460-ab9e-54bae8ee9ad5,hip hop
746,c81ee488-12de-4460-ab9e-54bae8ee9ad5,r&b
746,c81ee488-12de-4460-ab9e-54bae8ee9ad5,smooth soul
746,c81ee488-12de-4460-ab9e-54bae8ee9ad5,anti vax
746,c81ee488-12de-4460-ab9e-54bae8ee9ad5,top 100
746,c81ee488-12de-4460-ab9e-54bae8ee9ad5,contemporary r&b
747,c854a827-2afd-41c3-886c-c36a55c3cdc3,alternative rock
747,c854a827-2afd-41c3-886c-c36a55c3cdc3,alternative metal
747,c854a827-2afd-41c3-886c-c36a55c3cdc3,rap metal
747,c854a827-2afd-41c3-886c-c36a55c3cdc3,nu metal
748,c863c606-405d-488e-b06b-2a4e954c7239,post-hardcore
748,c863c606-405d-488e-b06b-2a4e954c7239,metalcore
749,c8b98fda-4789-45bb-b99b-e4b69f5cbaa6,jazz rap
749,c8b98fda-4789-45bb-b99b-e4b69f5cbaa6,rap
749,c8b98fda-4789-45bb-b99b-e4b69f5cbaa6,2020s
749,c8b98fda-4789-45bb-b99b-e4b69f5cbaa6,trap music
749,c8b98fda-4789-45bb-b99b-e4b69f5cbaa6,contemporary rap
749,c8b98fda-4789-45bb-b99b-e4b69f5cbaa6,criminal
749,c8b98fda-4789-45bb-b99b-e4b69f5cbaa6,hip hop
749,c8b98fda-4789-45bb-b99b-e4b69f5cbaa6,house
749,c8b98fda-4789-45bb-b99b-e4b69f5cbaa6,trap
749,c8b98fda-4789-45bb-b99b-e4b69f5cbaa6,future bass
749,c8b98fda-4789-45bb-b99b-e4b69f5cbaa6,southern hip-hop
749,c8b98fda-4789-45bb-b99b-e4b69f5cbaa6,west coast hip hop
749,c8b98fda-4789-45bb-b99b-e4b69f5cbaa6,jazz
749,c8b98fda-4789-45bb-b99b-e4b69f5cbaa6,r&b
749,c8b98fda-4789-45bb-b99b-e4b69f5cbaa6,pop rap
749,c8b98fda-4789-45bb-b99b-e4b69f5cbaa6,gangsta rap
749,c8b98fda-4789-45bb-b99b-e4b69f5cbaa6,r&b
749,c8b98fda-4789-45bb-b99b-e4b69f5cbaa6,future bass
749,c8b98fda-4789-45bb-b99b-e4b69f5cbaa6,progressive rap
749,c8b98fda-4789-45bb-b99b-e4b69f5cbaa6,hardcore hip hop
749,c8b98fda-4789-45bb-b99b-e4b69f5cbaa6,pop
749,c8b98fda-4789-45bb-b99b-e4b69f5cbaa6,electronica
749,c8b98fda-4789-45bb-b99b-e4b69f5cbaa6,2010s
749,c8b98fda-4789-45bb-b99b-e4b69f5cbaa6,trap
749,c8b98fda-4789-45bb-b99b-e4b69f5cbaa6,hardcore hip hop
749,c8b98fda-4789-45bb-b99b-e4b69f5cbaa6,house
749,c8b98fda-4789-45bb-b99b-e4b69f5cbaa6,gangsta rap
749,c8b98fda-4789-45bb-b99b-e4b69f5cbaa6,dirty south
749,c8b98fda-4789-45bb-b99b-e4b69f5cbaa6,conscious rapper
749,c8b98fda-4789-45bb-b99b-e4b69f5cbaa6,southern rap
749,c8b98fda-4789-45bb-b99b-e4b69f5cbaa6,conscious hip hop
749,c8b98fda-4789-45bb-b99b-e4b69f5cbaa6,contemporary rap
749,c8b98fda-4789-45bb-b99b-e4b69f5cbaa6,dance
749,c8b98fda-4789-45bb-b99b-e4b69f5cbaa6,hip hop
749,c8b98fda-4789-45bb-b99b-e4b69f5cbaa6,disco
749,c8b98fda-4789-45bb-b99b-e4b69f5cbaa6,southern hip hop
749,c8b98fda-4789-45bb-b99b-e4b69f5cbaa6,2010s
749,c8b98fda-4789-45bb-b99b-e4b69f5cbaa6,alternative hip hop
749,c8b98fda-4789-45bb-b99b-e4b69f5cbaa6,atlanta hip-hop
750,c8fe72d2-e311-4d70-956d-bb46dbfce32e,progressive rock
750,c8fe72d2-e311-4d70-956d-bb46dbfce32e,alternative r&b
750,c8fe72d2-e311-4d70-956d-bb46dbfce32e,progressive metal
750,c8fe72d2-e311-4d70-956d-bb46dbfce32e,alternative metal
750,c8fe72d2-e311-4d70-956d-bb46dbfce32e,alternative pop
750,c8fe72d2-e311-4d70-956d-bb46dbfce32e,djent
750,c8fe72d2-e311-4d70-956d-bb46dbfce32e,art pop
751,c95e9d28-1240-48ab-88b0-1d26b9cc7ea3,alternative r&b
751,c95e9d28-1240-48ab-88b0-1d26b9cc7ea3,trap
751,c95e9d28-1240-48ab-88b0-1d26b9cc7ea3,hip hop
752,c96c125d-9ca1-4a41-a021-2333bf272e69,country
752,c96c125d-9ca1-4a41-a021-2333bf272e69,country pop
752,c96c125d-9ca1-4a41-a021-2333bf272e69,2020s
753,c97c4bf7-0f9c-4b4a-b05d-594b4f8d19ba,post-hardcore
753,c97c4bf7-0f9c-4b4a-b05d-594b4f8d19ba,metalcore
753,c97c4bf7-0f9c-4b4a-b05d-594b4f8d19ba,alternative rock
754,c9828509-f824-4969-b71d-5c4f27be8eec,rock
754,c9828509-f824-4969-b71d-5c4f27be8eec,alternative rock
754,c9828509-f824-4969-b71d-5c4f27be8eec,grunge
755,c99bc041-5d23-4a8e-a767-7c7847d24896,psychedelic rock
755,c99bc041-5d23-4a8e-a767-7c7847d24896,sheffield
755,c99bc041-5d23-4a8e-a767-7c7847d24896,psychedelic pop
755,c99bc041-5d23-4a8e-a767-7c7847d24896,garage rock
755,c99bc041-5d23-4a8e-a767-7c7847d24896,house
755,c99bc041-5d23-4a8e-a767-7c7847d24896,rock
755,c99bc041-5d23-4a8e-a767-7c7847d24896,alternative rock
755,c99bc041-5d23-4a8e-a767-7c7847d24896,alternative/indie rock
755,c99bc041-5d23-4a8e-a767-7c7847d24896,alternative
755,c99bc041-5d23-4a8e-a767-7c7847d24896,garage rock revival
755,c99bc041-5d23-4a8e-a767-7c7847d24896,baroque pop
755,c99bc041-5d23-4a8e-a767-7c7847d24896,uk
755,c99bc041-5d23-4a8e-a767-7c7847d24896,art rock
755,c99bc041-5d23-4a8e-a767-7c7847d24896,electronica
755,c99bc041-5d23-4a8e-a767-7c7847d24896,british
755,c99bc041-5d23-4a8e-a767-7c7847d24896,neo-psychedelia
755,c99bc041-5d23-4a8e-a767-7c7847d24896,indie rock
755,c99bc041-5d23-4a8e-a767-7c7847d24896,dance
755,c99bc041-5d23-4a8e-a767-7c7847d24896,post-punk revival
755,c99bc041-5d23-4a8e-a767-7c7847d24896,pop
756,c9e94634-4c89-477c-82a1-3ff6839c509f,post-hardcore
756,c9e94634-4c89-477c-82a1-3ff6839c509f,heavy metal
757,c9f7b4be-5f7c-49a7-a106-84a2a7c6cb1b,red dirt
757,c9f7b4be-5f7c-49a7-a106-84a2a7c6cb1b,country
757,c9f7b4be-5f7c-49a7-a106-84a2a7c6cb1b,americana
757,c9f7b4be-5f7c-49a7-a106-84a2a7c6cb1b,alternative country
758,ca79844c-829a-4c36-80aa-6c038f18d72a,trap
759,ca9525a4-7f0c-4878-94d5-61adbf3deffa,chicago drill
759,ca9525a4-7f0c-4878-94d5-61adbf3deffa,trap
759,ca9525a4-7f0c-4878-94d5-61adbf3deffa,gangsta rap
759,ca9525a4-7f0c-4878-94d5-61adbf3deffa,drill
759,ca9525a4-7f0c-4878-94d5-61adbf3deffa,hip hop
760,cae25d8d-bcff-4e36-ab90-580364090ff5,emo
760,cae25d8d-bcff-4e36-ab90-580364090ff5,emo-pop
760,cae25d8d-bcff-4e36-ab90-580364090ff5,alternative/indie rock
760,cae25d8d-bcff-4e36-ab90-580364090ff5,indie rock
760,cae25d8d-bcff-4e36-ab90-580364090ff5,electropop
760,cae25d8d-bcff-4e36-ab90-580364090ff5,alternative
760,cae25d8d-bcff-4e36-ab90-580364090ff5,emo pop
760,cae25d8d-bcff-4e36-ab90-580364090ff5,pop punk
760,cae25d8d-bcff-4e36-ab90-580364090ff5,punk
760,cae25d8d-bcff-4e36-ab90-580364090ff5,alternative rock
760,cae25d8d-bcff-4e36-ab90-580364090ff5,pop
760,cae25d8d-bcff-4e36-ab90-580364090ff5,pop rock
761,cae2841b-f02b-48b2-9ae6-4b010e8238f6,emo
761,cae2841b-f02b-48b2-9ae6-4b010e8238f6,electronic
761,cae2841b-f02b-48b2-9ae6-4b010e8238f6,post-hardcore
761,cae2841b-f02b-48b2-9ae6-4b010e8238f6,alternative hardcore
761,cae2841b-f02b-48b2-9ae6-4b010e8238f6,electronicore
762,cb03b5a4-4a7b-4223-bc3e-6fc08702b695,singer-songwriter
762,cb03b5a4-4a7b-4223-bc3e-6fc08702b695,pop punk
762,cb03b5a4-4a7b-4223-bc3e-6fc08702b695,bedroom pop
762,cb03b5a4-4a7b-4223-bc3e-6fc08702b695,experimental rock
762,cb03b5a4-4a7b-4223-bc3e-6fc08702b695,rock
762,cb03b5a4-4a7b-4223-bc3e-6fc08702b695,scene
762,cb03b5a4-4a7b-4223-bc3e-6fc08702b695,lgbtq
762,cb03b5a4-4a7b-4223-bc3e-6fc08702b695,pop rock
762,cb03b5a4-4a7b-4223-bc3e-6fc08702b695,pop screamo
762,cb03b5a4-4a7b-4223-bc3e-6fc08702b695,alternative
762,cb03b5a4-4a7b-4223-bc3e-6fc08702b695,hardcore punk
762,cb03b5a4-4a7b-4223-bc3e-6fc08702b695,electropop
762,cb03b5a4-4a7b-4223-bc3e-6fc08702b695,pop
762,cb03b5a4-4a7b-4223-bc3e-6fc08702b695,pop
762,cb03b5a4-4a7b-4223-bc3e-6fc08702b695,easycore
762,cb03b5a4-4a7b-4223-bc3e-6fc08702b695,emo
762,cb03b5a4-4a7b-4223-bc3e-6fc08702b695,2020s
762,cb03b5a4-4a7b-4223-bc3e-6fc08702b695,hyperpop
762,cb03b5a4-4a7b-4223-bc3e-6fc08702b695,millennial
762,cb03b5a4-4a7b-4223-bc3e-6fc08702b695,melodic hardcore
762,cb03b5a4-4a7b-4223-bc3e-6fc08702b695,alternative/indie rock
762,cb03b5a4-4a7b-4223-bc3e-6fc08702b695,gen z
762,cb03b5a4-4a7b-4223-bc3e-6fc08702b695,alternative pop
762,cb03b5a4-4a7b-4223-bc3e-6fc08702b695,screamo
762,cb03b5a4-4a7b-4223-bc3e-6fc08702b695,alternative rock
762,cb03b5a4-4a7b-4223-bc3e-6fc08702b695,pop rock
762,cb03b5a4-4a7b-4223-bc3e-6fc08702b695,post-hardcore
762,cb03b5a4-4a7b-4223-bc3e-6fc08702b695,progressive rock
762,cb03b5a4-4a7b-4223-bc3e-6fc08702b695,indie pop
763,cb1073f7-d05d-4819-bbde-f2ee7975bc50,rock and roll
764,cb12a5b8-8b39-4c97-96e5-10af0721c5fa,indie pop
764,cb12a5b8-8b39-4c97-96e5-10af0721c5fa,tumblr
764,cb12a5b8-8b39-4c97-96e5-10af0721c5fa,alternative rock
765,cb4293be-1af1-454d-9fa7-b698405220de,southern hip hop
765,cb4293be-1af1-454d-9fa7-b698405220de,trap
765,cb4293be-1af1-454d-9fa7-b698405220de,trap
765,cb4293be-1af1-454d-9fa7-b698405220de,hip hop
765,cb4293be-1af1-454d-9fa7-b698405220de,hip hop
766,cb5218b4-0e0d-4c90-9492-234c00b21010,southern hip hop
766,cb5218b4-0e0d-4c90-9492-234c00b21010,trap
766,cb5218b4-0e0d-4c90-9492-234c00b21010,j. cole
766,cb5218b4-0e0d-4c90-9492-234c00b21010,west coast hip hop
766,cb5218b4-0e0d-4c90-9492-234c00b21010,rapper
766,cb5218b4-0e0d-4c90-9492-234c00b21010,southern hip hop
766,cb5218b4-0e0d-4c90-9492-234c00b21010,top 100
766,cb5218b4-0e0d-4c90-9492-234c00b21010,hip hop
766,cb5218b4-0e0d-4c90-9492-234c00b21010,hip hop
766,cb5218b4-0e0d-4c90-9492-234c00b21010,hip hop
767,cb57dcb2-b31b-4d72-a5ab-52ca6e711e39,cloud rap
767,cb57dcb2-b31b-4d72-a5ab-52ca6e711e39,hip hop
767,cb57dcb2-b31b-4d72-a5ab-52ca6e711e39,west coast hip hop
768,cb5af065-1cc8-4e47-915b-e6a53ea7d948,english
768,cb5af065-1cc8-4e47-915b-e6a53ea7d948,2020s
768,cb5af065-1cc8-4e47-915b-e6a53ea7d948,hip hop
768,cb5af065-1cc8-4e47-915b-e6a53ea7d948,southern hip hop
768,cb5af065-1cc8-4e47-915b-e6a53ea7d948,trap
768,cb5af065-1cc8-4e47-915b-e6a53ea7d948,experimental hip hop
768,cb5af065-1cc8-4e47-915b-e6a53ea7d948,pop rap
768,cb5af065-1cc8-4e47-915b-e6a53ea7d948,southern hip hop
768,cb5af065-1cc8-4e47-915b-e6a53ea7d948,rap
768,cb5af065-1cc8-4e47-915b-e6a53ea7d948,hip hop
768,cb5af065-1cc8-4e47-915b-e6a53ea7d948,rap
768,cb5af065-1cc8-4e47-915b-e6a53ea7d948,trap
768,cb5af065-1cc8-4e47-915b-e6a53ea7d948,english
769,cbd99b3d-6ddb-492b-b86c-d74e4b6365db,pop
769,cbd99b3d-6ddb-492b-b86c-d74e4b6365db,emo
769,cbd99b3d-6ddb-492b-b86c-d74e4b6365db,alternative rock
769,cbd99b3d-6ddb-492b-b86c-d74e4b6365db,modern rock
769,cbd99b3d-6ddb-492b-b86c-d74e4b6365db,emo-pop
769,cbd99b3d-6ddb-492b-b86c-d74e4b6365db,alternative/indie rock
769,cbd99b3d-6ddb-492b-b86c-d74e4b6365db,alternative
769,cbd99b3d-6ddb-492b-b86c-d74e4b6365db,emo pop
769,cbd99b3d-6ddb-492b-b86c-d74e4b6365db,power pop
769,cbd99b3d-6ddb-492b-b86c-d74e4b6365db,powerpop
769,cbd99b3d-6ddb-492b-b86c-d74e4b6365db,neon pop
769,cbd99b3d-6ddb-492b-b86c-d74e4b6365db,rock
769,cbd99b3d-6ddb-492b-b86c-d74e4b6365db,pop punk
769,cbd99b3d-6ddb-492b-b86c-d74e4b6365db,pop rock
769,cbd99b3d-6ddb-492b-b86c-d74e4b6365db,punk
770,cc039a5e-7842-4e30-92cc-0532b4f6822c,alternative metal
770,cc039a5e-7842-4e30-92cc-0532b4f6822c,rock
770,cc039a5e-7842-4e30-92cc-0532b4f6822c,nu metal
770,cc039a5e-7842-4e30-92cc-0532b4f6822c,hard rock
771,ccf68834-a924-4d82-854f-8649d6d3148d,pop
771,ccf68834-a924-4d82-854f-8649d6d3148d,folk
771,ccf68834-a924-4d82-854f-8649d6d3148d,folk pop
772,cda634ab-5701-4fab-a76a-aa0cd6d12b99,rap
772,cda634ab-5701-4fab-a76a-aa0cd6d12b99,hip hop
773,cdf4e60d-aefa-4378-bf18-fcf89506900d,heavy metal
773,cdf4e60d-aefa-4378-bf18-fcf89506900d,alternative metal
773,cdf4e60d-aefa-4378-bf18-fcf89506900d,metal
773,cdf4e60d-aefa-4378-bf18-fcf89506900d,nu metal
773,cdf4e60d-aefa-4378-bf18-fcf89506900d,alternative rock
773,cdf4e60d-aefa-4378-bf18-fcf89506900d,shoegaze
774,ce28bab8-a268-4043-8c53-3a60f880123f,alternative hip hop
774,ce28bab8-a268-4043-8c53-3a60f880123f,contemporary r&b
774,ce28bab8-a268-4043-8c53-3a60f880123f,dancehall
774,ce28bab8-a268-4043-8c53-3a60f880123f,r&b
774,ce28bab8-a268-4043-8c53-3a60f880123f,alternative r&b
774,ce28bab8-a268-4043-8c53-3a60f880123f,hip hop
774,ce28bab8-a268-4043-8c53-3a60f880123f,canadian hip hop
775,ce44e7f7-237d-478b-9e08-1f3ad59d6eee,hip hop
775,ce44e7f7-237d-478b-9e08-1f3ad59d6eee,conscious hip hop
775,ce44e7f7-237d-478b-9e08-1f3ad59d6eee,english
775,ce44e7f7-237d-478b-9e08-1f3ad59d6eee,experimental
775,ce44e7f7-237d-478b-9e08-1f3ad59d6eee,trap
775,ce44e7f7-237d-478b-9e08-1f3ad59d6eee,chicago rap
775,ce44e7f7-237d-478b-9e08-1f3ad59d6eee,r&b
775,ce44e7f7-237d-478b-9e08-1f3ad59d6eee,pop rap
775,ce44e7f7-237d-478b-9e08-1f3ad59d6eee,jazz rap
775,ce44e7f7-237d-478b-9e08-1f3ad59d6eee,rap
775,ce44e7f7-237d-478b-9e08-1f3ad59d6eee,hip-hop
775,ce44e7f7-237d-478b-9e08-1f3ad59d6eee,abstract hip hop
775,ce44e7f7-237d-478b-9e08-1f3ad59d6eee,alternative hip hop
776,ce4d0fa8-64a9-493f-8a27-a247df9939ef,
777,ce501513-c635-4912-91dc-6eff2595b6cd,alternative rock
778,ce86b918-f9d0-4fc4-ad31-6baf055153ec,contemporary r&b
778,ce86b918-f9d0-4fc4-ad31-6baf055153ec,pop
778,ce86b918-f9d0-4fc4-ad31-6baf055153ec,2020s
778,ce86b918-f9d0-4fc4-ad31-6baf055153ec,trap soul
778,ce86b918-f9d0-4fc4-ad31-6baf055153ec,r&b
778,ce86b918-f9d0-4fc4-ad31-6baf055153ec,dance-pop
779,ceb83b49-5f4f-459b-91f7-c529916fa63b,post-hardcore
779,ceb83b49-5f4f-459b-91f7-c529916fa63b,metalcore
780,ced1dc21-a56b-44f2-8c3e-49a220ea38fa,mumble rap
780,ced1dc21-a56b-44f2-8c3e-49a220ea38fa,rap
780,ced1dc21-a56b-44f2-8c3e-49a220ea38fa,progressive rap
780,ced1dc21-a56b-44f2-8c3e-49a220ea38fa,hip hop
780,ced1dc21-a56b-44f2-8c3e-49a220ea38fa,trap
780,ced1dc21-a56b-44f2-8c3e-49a220ea38fa,southern hip hop
780,ced1dc21-a56b-44f2-8c3e-49a220ea38fa,rap musicians
781,cf1319e3-1ce6-48d3-83fd-fe6f1ba0ec4c,
782,cf9da9ac-b901-4c74-b47c-15cc2106797a,trap rap
782,cf9da9ac-b901-4c74-b47c-15cc2106797a,trap
782,cf9da9ac-b901-4c74-b47c-15cc2106797a,hip hop
782,cf9da9ac-b901-4c74-b47c-15cc2106797a,trap
782,cf9da9ac-b901-4c74-b47c-15cc2106797a,southern hip hop
782,cf9da9ac-b901-4c74-b47c-15cc2106797a,english
782,cf9da9ac-b901-4c74-b47c-15cc2106797a,southern hip hop
782,cf9da9ac-b901-4c74-b47c-15cc2106797a,2020s
782,cf9da9ac-b901-4c74-b47c-15cc2106797a,2010s
782,cf9da9ac-b901-4c74-b47c-15cc2106797a,hip hop
783,cff0feec-f786-4041-94c7-8b3e3679fd75,math rock
783,cff0feec-f786-4041-94c7-8b3e3679fd75,progressive rock
783,cff0feec-f786-4041-94c7-8b3e3679fd75,rock
783,cff0feec-f786-4041-94c7-8b3e3679fd75,emocore
783,cff0feec-f786-4041-94c7-8b3e3679fd75,experimental
783,cff0feec-f786-4041-94c7-8b3e3679fd75,metalcore
783,cff0feec-f786-4041-94c7-8b3e3679fd75,post-hardcore
783,cff0feec-f786-4041-94c7-8b3e3679fd75,swancore
783,cff0feec-f786-4041-94c7-8b3e3679fd75,experimental rock
783,cff0feec-f786-4041-94c7-8b3e3679fd75,hardcore
783,cff0feec-f786-4041-94c7-8b3e3679fd75,alternative/indie rock
783,cff0feec-f786-4041-94c7-8b3e3679fd75,pop
783,cff0feec-f786-4041-94c7-8b3e3679fd75,emo
783,cff0feec-f786-4041-94c7-8b3e3679fd75,screamo
784,d0907b81-04f5-4dad-9c4a-af53100374b8,rapper
784,d0907b81-04f5-4dad-9c4a-af53100374b8,hip hop
784,d0907b81-04f5-4dad-9c4a-af53100374b8,trap
784,d0907b81-04f5-4dad-9c4a-af53100374b8,southern hip hop
785,d10a9d57-f7c4-434f-97c4-eb80c6c784a0,post-hardcore
785,d10a9d57-f7c4-434f-97c4-eb80c6c784a0,screamo
785,d10a9d57-f7c4-434f-97c4-eb80c6c784a0,alternative/indie rock
785,d10a9d57-f7c4-434f-97c4-eb80c6c784a0,melodic metalcore
785,d10a9d57-f7c4-434f-97c4-eb80c6c784a0,electronic rock
785,d10a9d57-f7c4-434f-97c4-eb80c6c784a0,deathcore
785,d10a9d57-f7c4-434f-97c4-eb80c6c784a0,pop rock
785,d10a9d57-f7c4-434f-97c4-eb80c6c784a0,alternative metal
785,d10a9d57-f7c4-434f-97c4-eb80c6c784a0,rock
785,d10a9d57-f7c4-434f-97c4-eb80c6c784a0,psychedelic rock
785,d10a9d57-f7c4-434f-97c4-eb80c6c784a0,hard rock
785,d10a9d57-f7c4-434f-97c4-eb80c6c784a0,metalcore
785,d10a9d57-f7c4-434f-97c4-eb80c6c784a0,house
785,d10a9d57-f7c4-434f-97c4-eb80c6c784a0,heavy metal
785,d10a9d57-f7c4-434f-97c4-eb80c6c784a0,drum and bass
785,d10a9d57-f7c4-434f-97c4-eb80c6c784a0,alternative rock
785,d10a9d57-f7c4-434f-97c4-eb80c6c784a0,pop
785,d10a9d57-f7c4-434f-97c4-eb80c6c784a0,electronic
785,d10a9d57-f7c4-434f-97c4-eb80c6c784a0,emo
785,d10a9d57-f7c4-434f-97c4-eb80c6c784a0,nu metal
786,d13791dd-480a-48b3-936e-a325da7484f5,christian hip hop
786,d13791dd-480a-48b3-936e-a325da7484f5,r&b
786,d13791dd-480a-48b3-936e-a325da7484f5,businesspeople
786,d13791dd-480a-48b3-936e-a325da7484f5,pop rap
786,d13791dd-480a-48b3-936e-a325da7484f5,rapmusiker
786,d13791dd-480a-48b3-936e-a325da7484f5,songwriter
786,d13791dd-480a-48b3-936e-a325da7484f5,experimental hip hop
786,d13791dd-480a-48b3-936e-a325da7484f5,contemporary rap
786,d13791dd-480a-48b3-936e-a325da7484f5,pop
786,d13791dd-480a-48b3-936e-a325da7484f5,singers
786,d13791dd-480a-48b3-936e-a325da7484f5,house
786,d13791dd-480a-48b3-936e-a325da7484f5,midwest rap
786,d13791dd-480a-48b3-936e-a325da7484f5,hip hop
786,d13791dd-480a-48b3-936e-a325da7484f5,regisseur
786,d13791dd-480a-48b3-936e-a325da7484f5,composers
786,d13791dd-480a-48b3-936e-a325da7484f5,modeschöpfer
786,d13791dd-480a-48b3-936e-a325da7484f5,future bass
786,d13791dd-480a-48b3-936e-a325da7484f5,electropop
786,d13791dd-480a-48b3-936e-a325da7484f5,deep house
786,d13791dd-480a-48b3-936e-a325da7484f5,rap musicians
786,d13791dd-480a-48b3-936e-a325da7484f5,contemporary r&b
786,d13791dd-480a-48b3-936e-a325da7484f5,sound recording executives and producers
786,d13791dd-480a-48b3-936e-a325da7484f5,african american musicians
786,d13791dd-480a-48b3-936e-a325da7484f5,musikproduzent
786,d13791dd-480a-48b3-936e-a325da7484f5,progressive rap
786,d13791dd-480a-48b3-936e-a325da7484f5,trap
786,d13791dd-480a-48b3-936e-a325da7484f5,conscious hip hop
786,d13791dd-480a-48b3-936e-a325da7484f5,gospel music
786,d13791dd-480a-48b3-936e-a325da7484f5,singstimme
786,d13791dd-480a-48b3-936e-a325da7484f5,chipmunk soul
786,d13791dd-480a-48b3-936e-a325da7484f5,producer
786,d13791dd-480a-48b3-936e-a325da7484f5,fashion designers
787,d1956b39-475e-4ade-8836-7f8473bb6d75,screamo
787,d1956b39-475e-4ade-8836-7f8473bb6d75,emo
787,d1956b39-475e-4ade-8836-7f8473bb6d75,nu metal
787,d1956b39-475e-4ade-8836-7f8473bb6d75,hard rock
787,d1956b39-475e-4ade-8836-7f8473bb6d75,metalcore
787,d1956b39-475e-4ade-8836-7f8473bb6d75,house
787,d1956b39-475e-4ade-8836-7f8473bb6d75,heavy metal
787,d1956b39-475e-4ade-8836-7f8473bb6d75,drum and bass
787,d1956b39-475e-4ade-8836-7f8473bb6d75,alternative rock
787,d1956b39-475e-4ade-8836-7f8473bb6d75,pop
787,d1956b39-475e-4ade-8836-7f8473bb6d75,electronic
787,d1956b39-475e-4ade-8836-7f8473bb6d75,rock
787,d1956b39-475e-4ade-8836-7f8473bb6d75,alternative/indie rock
787,d1956b39-475e-4ade-8836-7f8473bb6d75,melodic metalcore
787,d1956b39-475e-4ade-8836-7f8473bb6d75,electronic rock
787,d1956b39-475e-4ade-8836-7f8473bb6d75,deathcore
787,d1956b39-475e-4ade-8836-7f8473bb6d75,post-hardcore
787,d1956b39-475e-4ade-8836-7f8473bb6d75,pop rock
787,d1956b39-475e-4ade-8836-7f8473bb6d75,alternative metal
787,d1956b39-475e-4ade-8836-7f8473bb6d75,psychedelic rock
788,d1aafb17-54ae-47d3-bcde-af2b7c6da925,alternative pop
788,d1aafb17-54ae-47d3-bcde-af2b7c6da925,djent
788,d1aafb17-54ae-47d3-bcde-af2b7c6da925,progressive metal
788,d1aafb17-54ae-47d3-bcde-af2b7c6da925,alternative r&b
788,d1aafb17-54ae-47d3-bcde-af2b7c6da925,alternative metal
788,d1aafb17-54ae-47d3-bcde-af2b7c6da925,art pop
788,d1aafb17-54ae-47d3-bcde-af2b7c6da925,progressive rock
789,d1b2f554-0908-42e9-bcae-771bc7b20dc1,2020s
789,d1b2f554-0908-42e9-bcae-771bc7b20dc1,trap rap
789,d1b2f554-0908-42e9-bcae-771bc7b20dc1,2010s
789,d1b2f554-0908-42e9-bcae-771bc7b20dc1,trap
789,d1b2f554-0908-42e9-bcae-771bc7b20dc1,hip hop
789,d1b2f554-0908-42e9-bcae-771bc7b20dc1,trap
789,d1b2f554-0908-42e9-bcae-771bc7b20dc1,southern hip hop
789,d1b2f554-0908-42e9-bcae-771bc7b20dc1,english
789,d1b2f554-0908-42e9-bcae-771bc7b20dc1,hip hop
790,d1c58ca6-3cf8-4ee0-9bf0-4b3747682e6a,pop
790,d1c58ca6-3cf8-4ee0-9bf0-4b3747682e6a,hyperpop
790,d1c58ca6-3cf8-4ee0-9bf0-4b3747682e6a,digicore
790,d1c58ca6-3cf8-4ee0-9bf0-4b3747682e6a,emo pop
790,d1c58ca6-3cf8-4ee0-9bf0-4b3747682e6a,alternative pop
791,d1d50789-4c34-4d66-9d57-e1e4bd593902,emo
791,d1d50789-4c34-4d66-9d57-e1e4bd593902,rock
791,d1d50789-4c34-4d66-9d57-e1e4bd593902,experimental rock
791,d1d50789-4c34-4d66-9d57-e1e4bd593902,alternative
791,d1d50789-4c34-4d66-9d57-e1e4bd593902,pop screamo
791,d1d50789-4c34-4d66-9d57-e1e4bd593902,post-hardcore
791,d1d50789-4c34-4d66-9d57-e1e4bd593902,melodic hardcore
791,d1d50789-4c34-4d66-9d57-e1e4bd593902,progressive rock
791,d1d50789-4c34-4d66-9d57-e1e4bd593902,scene
791,d1d50789-4c34-4d66-9d57-e1e4bd593902,hardcore punk
791,d1d50789-4c34-4d66-9d57-e1e4bd593902,alternative rock
791,d1d50789-4c34-4d66-9d57-e1e4bd593902,millennial
791,d1d50789-4c34-4d66-9d57-e1e4bd593902,pop
791,d1d50789-4c34-4d66-9d57-e1e4bd593902,pop punk
791,d1d50789-4c34-4d66-9d57-e1e4bd593902,alternative/indie rock
791,d1d50789-4c34-4d66-9d57-e1e4bd593902,screamo
791,d1d50789-4c34-4d66-9d57-e1e4bd593902,easycore
791,d1d50789-4c34-4d66-9d57-e1e4bd593902,pop rock
792,d1e26f15-b8bd-47a9-934d-476f9f4151b4,gangsta rap
792,d1e26f15-b8bd-47a9-934d-476f9f4151b4,west coast hip hop
792,d1e26f15-b8bd-47a9-934d-476f9f4151b4,hip hop
792,d1e26f15-b8bd-47a9-934d-476f9f4151b4,hardcore hip hop
792,d1e26f15-b8bd-47a9-934d-476f9f4151b4,trap
793,d21b87f7-21d6-4abe-b9b2-0a27ba0ed4dd,alternative rock
793,d21b87f7-21d6-4abe-b9b2-0a27ba0ed4dd,indie pop
793,d21b87f7-21d6-4abe-b9b2-0a27ba0ed4dd,tumblr
794,d234a716-5ba6-4239-8a94-d6cf79b54cef,psychedelic pop
794,d234a716-5ba6-4239-8a94-d6cf79b54cef,urban contemporary
794,d234a716-5ba6-4239-8a94-d6cf79b54cef,alternative r&b
794,d234a716-5ba6-4239-8a94-d6cf79b54cef,contemporary r&b
794,d234a716-5ba6-4239-8a94-d6cf79b54cef,hip hop
794,d234a716-5ba6-4239-8a94-d6cf79b54cef,hip hop
794,d234a716-5ba6-4239-8a94-d6cf79b54cef,r&b
794,d234a716-5ba6-4239-8a94-d6cf79b54cef,rap
795,d23c5d7e-1670-4356-bca6-4512da33f9a0,
796,d258db36-aab2-4039-8e06-11979038ded0,rock
796,d258db36-aab2-4039-8e06-11979038ded0,pop screamo
796,d258db36-aab2-4039-8e06-11979038ded0,pop rock
796,d258db36-aab2-4039-8e06-11979038ded0,alternative/indie rock
796,d258db36-aab2-4039-8e06-11979038ded0,easycore
796,d258db36-aab2-4039-8e06-11979038ded0,pop
796,d258db36-aab2-4039-8e06-11979038ded0,pop punk
796,d258db36-aab2-4039-8e06-11979038ded0,alternative
796,d258db36-aab2-4039-8e06-11979038ded0,scene
796,d258db36-aab2-4039-8e06-11979038ded0,experimental rock
796,d258db36-aab2-4039-8e06-11979038ded0,millennial
796,d258db36-aab2-4039-8e06-11979038ded0,hardcore punk
796,d258db36-aab2-4039-8e06-11979038ded0,melodic hardcore
796,d258db36-aab2-4039-8e06-11979038ded0,emo
796,d258db36-aab2-4039-8e06-11979038ded0,post-hardcore
796,d258db36-aab2-4039-8e06-11979038ded0,screamo
796,d258db36-aab2-4039-8e06-11979038ded0,progressive rock
796,d258db36-aab2-4039-8e06-11979038ded0,alternative rock
797,d2cc96ef-9f6a-4ae5-9fed-8dee8807f365,rock
797,d2cc96ef-9f6a-4ae5-9fed-8dee8807f365,pop
797,d2cc96ef-9f6a-4ae5-9fed-8dee8807f365,emocore
797,d2cc96ef-9f6a-4ae5-9fed-8dee8807f365,experimental
797,d2cc96ef-9f6a-4ae5-9fed-8dee8807f365,alternative/indie rock
797,d2cc96ef-9f6a-4ae5-9fed-8dee8807f365,progressive rock
797,d2cc96ef-9f6a-4ae5-9fed-8dee8807f365,experimental rock
797,d2cc96ef-9f6a-4ae5-9fed-8dee8807f365,hardcore
797,d2cc96ef-9f6a-4ae5-9fed-8dee8807f365,post-hardcore
797,d2cc96ef-9f6a-4ae5-9fed-8dee8807f365,emo
797,d2cc96ef-9f6a-4ae5-9fed-8dee8807f365,math rock
797,d2cc96ef-9f6a-4ae5-9fed-8dee8807f365,screamo
797,d2cc96ef-9f6a-4ae5-9fed-8dee8807f365,metalcore
797,d2cc96ef-9f6a-4ae5-9fed-8dee8807f365,swancore
798,d335c9a2-4889-46df-b529-2200d4a8f8d0,gangsta rap
798,d335c9a2-4889-46df-b529-2200d4a8f8d0,southern hip hop
798,d335c9a2-4889-46df-b529-2200d4a8f8d0,pop rap
798,d335c9a2-4889-46df-b529-2200d4a8f8d0,hip hop
798,d335c9a2-4889-46df-b529-2200d4a8f8d0,pop
798,d335c9a2-4889-46df-b529-2200d4a8f8d0,trap
798,d335c9a2-4889-46df-b529-2200d4a8f8d0,mumble rap
799,d3f4de63-b15c-43a2-b7c7-9d6d4e2f532f,west coast hip hop
799,d3f4de63-b15c-43a2-b7c7-9d6d4e2f532f,gangsta rap
799,d3f4de63-b15c-43a2-b7c7-9d6d4e2f532f,hip hop
799,d3f4de63-b15c-43a2-b7c7-9d6d4e2f532f,hardcore hip hop
799,d3f4de63-b15c-43a2-b7c7-9d6d4e2f532f,trap
800,d3fe7120-a270-440d-889e-8ec01f50f687,hard rock
800,d3fe7120-a270-440d-889e-8ec01f50f687,metalcore
801,d4133a55-d72a-4ced-9a4d-d8afb4bd2058,pop rap
801,d4133a55-d72a-4ced-9a4d-d8afb4bd2058,trap
801,d4133a55-d72a-4ced-9a4d-d8afb4bd2058,southern hip hop
801,d4133a55-d72a-4ced-9a4d-d8afb4bd2058,2020s
801,d4133a55-d72a-4ced-9a4d-d8afb4bd2058,2010s
801,d4133a55-d72a-4ced-9a4d-d8afb4bd2058,trap rap
801,d4133a55-d72a-4ced-9a4d-d8afb4bd2058,english
801,d4133a55-d72a-4ced-9a4d-d8afb4bd2058,hip hop
801,d4133a55-d72a-4ced-9a4d-d8afb4bd2058,hip hop
801,d4133a55-d72a-4ced-9a4d-d8afb4bd2058,trap
801,d4133a55-d72a-4ced-9a4d-d8afb4bd2058,jazz
801,d4133a55-d72a-4ced-9a4d-d8afb4bd2058,progressive rap
801,d4133a55-d72a-4ced-9a4d-d8afb4bd2058,disco
801,d4133a55-d72a-4ced-9a4d-d8afb4bd2058,dance
801,d4133a55-d72a-4ced-9a4d-d8afb4bd2058,house
801,d4133a55-d72a-4ced-9a4d-d8afb4bd2058,future bass
801,d4133a55-d72a-4ced-9a4d-d8afb4bd2058,contemporary rap
801,d4133a55-d72a-4ced-9a4d-d8afb4bd2058,conscious rapper
801,d4133a55-d72a-4ced-9a4d-d8afb4bd2058,2010s
801,d4133a55-d72a-4ced-9a4d-d8afb4bd2058,2020s
801,d4133a55-d72a-4ced-9a4d-d8afb4bd2058,gangsta rap
801,d4133a55-d72a-4ced-9a4d-d8afb4bd2058,alternative hip hop
801,d4133a55-d72a-4ced-9a4d-d8afb4bd2058,jazz rap
801,d4133a55-d72a-4ced-9a4d-d8afb4bd2058,conscious hip hop
801,d4133a55-d72a-4ced-9a4d-d8afb4bd2058,hip hop
801,d4133a55-d72a-4ced-9a4d-d8afb4bd2058,hardcore hip hop
801,d4133a55-d72a-4ced-9a4d-d8afb4bd2058,west coast hip hop
801,d4133a55-d72a-4ced-9a4d-d8afb4bd2058,rap
801,d4133a55-d72a-4ced-9a4d-d8afb4bd2058,r&b
801,d4133a55-d72a-4ced-9a4d-d8afb4bd2058,trap
801,d4133a55-d72a-4ced-9a4d-d8afb4bd2058,pop
802,d42528ce-1853-40dc-8909-23e96a91cbba,metalcore
802,d42528ce-1853-40dc-8909-23e96a91cbba,alternative rock
802,d42528ce-1853-40dc-8909-23e96a91cbba,melodic metalcore
802,d42528ce-1853-40dc-8909-23e96a91cbba,emo
802,d42528ce-1853-40dc-8909-23e96a91cbba,psychedelic rock
802,d42528ce-1853-40dc-8909-23e96a91cbba,nu metal
802,d42528ce-1853-40dc-8909-23e96a91cbba,heavy metal
802,d42528ce-1853-40dc-8909-23e96a91cbba,pop
802,d42528ce-1853-40dc-8909-23e96a91cbba,alternative/indie rock
802,d42528ce-1853-40dc-8909-23e96a91cbba,hard rock
802,d42528ce-1853-40dc-8909-23e96a91cbba,rock
802,d42528ce-1853-40dc-8909-23e96a91cbba,house
802,d42528ce-1853-40dc-8909-23e96a91cbba,drum and bass
802,d42528ce-1853-40dc-8909-23e96a91cbba,screamo
802,d42528ce-1853-40dc-8909-23e96a91cbba,electronic
802,d42528ce-1853-40dc-8909-23e96a91cbba,post-hardcore
802,d42528ce-1853-40dc-8909-23e96a91cbba,deathcore
802,d42528ce-1853-40dc-8909-23e96a91cbba,pop rock
802,d42528ce-1853-40dc-8909-23e96a91cbba,alternative metal
802,d42528ce-1853-40dc-8909-23e96a91cbba,electronic rock
803,d42bff45-1634-420a-a8eb-7e52aa1b88c2,
804,d4c08bf2-7ca9-49e8-8ba6-2c4fc9ac8e48,rock
804,d4c08bf2-7ca9-49e8-8ba6-2c4fc9ac8e48,pop rock
804,d4c08bf2-7ca9-49e8-8ba6-2c4fc9ac8e48,alternative rock
804,d4c08bf2-7ca9-49e8-8ba6-2c4fc9ac8e48,pop punk
805,d4d49032-87a8-4fce-a315-cb83ecf2d806,experimental
805,d4d49032-87a8-4fce-a315-cb83ecf2d806,post-hardcore
805,d4d49032-87a8-4fce-a315-cb83ecf2d806,nu metal
805,d4d49032-87a8-4fce-a315-cb83ecf2d806,electronic
805,d4d49032-87a8-4fce-a315-cb83ecf2d806,electronicore
805,d4d49032-87a8-4fce-a315-cb83ecf2d806,metalcore
806,d4d57d83-bb96-4865-a7ea-5d7c05110435,rap
806,d4d57d83-bb96-4865-a7ea-5d7c05110435,trap
806,d4d57d83-bb96-4865-a7ea-5d7c05110435,top 100
806,d4d57d83-bb96-4865-a7ea-5d7c05110435,top 10
806,d4d57d83-bb96-4865-a7ea-5d7c05110435,alternative r&b
806,d4d57d83-bb96-4865-a7ea-5d7c05110435,hip hop
806,d4d57d83-bb96-4865-a7ea-5d7c05110435,progressive rap
806,d4d57d83-bb96-4865-a7ea-5d7c05110435,mumble rap
806,d4d57d83-bb96-4865-a7ea-5d7c05110435,top 5
806,d4d57d83-bb96-4865-a7ea-5d7c05110435,southern hip hop
806,d4d57d83-bb96-4865-a7ea-5d7c05110435,pop rap
806,d4d57d83-bb96-4865-a7ea-5d7c05110435,contemporary r&b
806,d4d57d83-bb96-4865-a7ea-5d7c05110435,rap musicians
806,d4d57d83-bb96-4865-a7ea-5d7c05110435,hip-hop
806,d4d57d83-bb96-4865-a7ea-5d7c05110435,sxsw
806,d4d57d83-bb96-4865-a7ea-5d7c05110435,hardcore hip hop
806,d4d57d83-bb96-4865-a7ea-5d7c05110435,r&b
806,d4d57d83-bb96-4865-a7ea-5d7c05110435,hip hop
806,d4d57d83-bb96-4865-a7ea-5d7c05110435,southern hip hop
806,d4d57d83-bb96-4865-a7ea-5d7c05110435,pop
806,d4d57d83-bb96-4865-a7ea-5d7c05110435,trap rap
806,d4d57d83-bb96-4865-a7ea-5d7c05110435,rap
806,d4d57d83-bb96-4865-a7ea-5d7c05110435,trap
807,d5509b6c-de77-40fa-9084-3948f3c53716,trap
807,d5509b6c-de77-40fa-9084-3948f3c53716,trap
807,d5509b6c-de77-40fa-9084-3948f3c53716,hip hop
807,d5509b6c-de77-40fa-9084-3948f3c53716,2020s
807,d5509b6c-de77-40fa-9084-3948f3c53716,2010s
807,d5509b6c-de77-40fa-9084-3948f3c53716,english
807,d5509b6c-de77-40fa-9084-3948f3c53716,hip hop
807,d5509b6c-de77-40fa-9084-3948f3c53716,southern hip hop
807,d5509b6c-de77-40fa-9084-3948f3c53716,trap rap
808,d5592cd3-9b12-46b1-9d6e-997427c36b82,contemporary r&b
808,d5592cd3-9b12-46b1-9d6e-997427c36b82,canadian hip hop
808,d5592cd3-9b12-46b1-9d6e-997427c36b82,dancehall
808,d5592cd3-9b12-46b1-9d6e-997427c36b82,alternative hip hop
808,d5592cd3-9b12-46b1-9d6e-997427c36b82,r&b
808,d5592cd3-9b12-46b1-9d6e-997427c36b82,alternative r&b
808,d5592cd3-9b12-46b1-9d6e-997427c36b82,hip hop
809,d57df77c-ae38-4315-912a-c060fa409801,scene
809,d57df77c-ae38-4315-912a-c060fa409801,screamo
809,d57df77c-ae38-4315-912a-c060fa409801,pop rock
809,d57df77c-ae38-4315-912a-c060fa409801,easycore
809,d57df77c-ae38-4315-912a-c060fa409801,experimental rock
809,d57df77c-ae38-4315-912a-c060fa409801,rock
809,d57df77c-ae38-4315-912a-c060fa409801,post-hardcore
809,d57df77c-ae38-4315-912a-c060fa409801,emo
809,d57df77c-ae38-4315-912a-c060fa409801,progressive rock
809,d57df77c-ae38-4315-912a-c060fa409801,melodic hardcore
809,d57df77c-ae38-4315-912a-c060fa409801,pop screamo
809,d57df77c-ae38-4315-912a-c060fa409801,post-hardcore
809,d57df77c-ae38-4315-912a-c060fa409801,hardcore punk
809,d57df77c-ae38-4315-912a-c060fa409801,pop punk
809,d57df77c-ae38-4315-912a-c060fa409801,alternative/indie rock
809,d57df77c-ae38-4315-912a-c060fa409801,pop
809,d57df77c-ae38-4315-912a-c060fa409801,millennial
809,d57df77c-ae38-4315-912a-c060fa409801,alternative
809,d57df77c-ae38-4315-912a-c060fa409801,alternative rock
810,d5ed4ed6-2407-489d-8be0-b861500a915a,
811,d64f1f17-edd4-431b-be6b-8fdbde31aa2f,melodic metalcore
811,d64f1f17-edd4-431b-be6b-8fdbde31aa2f,pop punk
811,d64f1f17-edd4-431b-be6b-8fdbde31aa2f,metalcore
811,d64f1f17-edd4-431b-be6b-8fdbde31aa2f,post-hardcore
811,d64f1f17-edd4-431b-be6b-8fdbde31aa2f,hardcore
812,d6854daf-ad89-4c43-b695-9270c0b91e4f,metalcore
812,d6854daf-ad89-4c43-b695-9270c0b91e4f,alternative/indie rock
812,d6854daf-ad89-4c43-b695-9270c0b91e4f,melodic metalcore
812,d6854daf-ad89-4c43-b695-9270c0b91e4f,electronic rock
812,d6854daf-ad89-4c43-b695-9270c0b91e4f,deathcore
812,d6854daf-ad89-4c43-b695-9270c0b91e4f,post-hardcore
812,d6854daf-ad89-4c43-b695-9270c0b91e4f,pop rock
812,d6854daf-ad89-4c43-b695-9270c0b91e4f,alternative metal
812,d6854daf-ad89-4c43-b695-9270c0b91e4f,psychedelic rock
812,d6854daf-ad89-4c43-b695-9270c0b91e4f,screamo
812,d6854daf-ad89-4c43-b695-9270c0b91e4f,emo
812,d6854daf-ad89-4c43-b695-9270c0b91e4f,nu metal
812,d6854daf-ad89-4c43-b695-9270c0b91e4f,hard rock
812,d6854daf-ad89-4c43-b695-9270c0b91e4f,house
812,d6854daf-ad89-4c43-b695-9270c0b91e4f,heavy metal
812,d6854daf-ad89-4c43-b695-9270c0b91e4f,drum and bass
812,d6854daf-ad89-4c43-b695-9270c0b91e4f,alternative rock
812,d6854daf-ad89-4c43-b695-9270c0b91e4f,pop
812,d6854daf-ad89-4c43-b695-9270c0b91e4f,electronic
812,d6854daf-ad89-4c43-b695-9270c0b91e4f,rock
813,d6941262-1e59-438d-a768-3c41eaef6817,hip hop
813,d6941262-1e59-438d-a768-3c41eaef6817,rap
814,d6b8465c-384d-444a-8015-1d7405cbb743,post-hardcore
814,d6b8465c-384d-444a-8015-1d7405cbb743,hardcore
814,d6b8465c-384d-444a-8015-1d7405cbb743,math rock
814,d6b8465c-384d-444a-8015-1d7405cbb743,metalcore
814,d6b8465c-384d-444a-8015-1d7405cbb743,progressive rock
814,d6b8465c-384d-444a-8015-1d7405cbb743,screamo
814,d6b8465c-384d-444a-8015-1d7405cbb743,emo
814,d6b8465c-384d-444a-8015-1d7405cbb743,rock
814,d6b8465c-384d-444a-8015-1d7405cbb743,swancore
814,d6b8465c-384d-444a-8015-1d7405cbb743,experimental rock
814,d6b8465c-384d-444a-8015-1d7405cbb743,alternative/indie rock
814,d6b8465c-384d-444a-8015-1d7405cbb743,pop
814,d6b8465c-384d-444a-8015-1d7405cbb743,experimental
814,d6b8465c-384d-444a-8015-1d7405cbb743,emocore
815,d742b0c5-b398-4c78-a563-92ba4e8f6143,pop
815,d742b0c5-b398-4c78-a563-92ba4e8f6143,folk
815,d742b0c5-b398-4c78-a563-92ba4e8f6143,folk pop
816,d84f6c79-0b9a-474b-8b97-09154deba5ff,nuno
816,d84f6c79-0b9a-474b-8b97-09154deba5ff,neo soul
816,d84f6c79-0b9a-474b-8b97-09154deba5ff,contemporary r&b
816,d84f6c79-0b9a-474b-8b97-09154deba5ff,hip hop
816,d84f6c79-0b9a-474b-8b97-09154deba5ff,r&b
817,d852abc9-c9b1-4b40-8c5e-a7fc261dc507,progressive metal
817,d852abc9-c9b1-4b40-8c5e-a7fc261dc507,alternative metal
817,d852abc9-c9b1-4b40-8c5e-a7fc261dc507,progressive rock
817,d852abc9-c9b1-4b40-8c5e-a7fc261dc507,alternative pop
817,d852abc9-c9b1-4b40-8c5e-a7fc261dc507,alternative r&b
817,d852abc9-c9b1-4b40-8c5e-a7fc261dc507,djent
817,d852abc9-c9b1-4b40-8c5e-a7fc261dc507,art pop
818,d9319b93-249d-4aed-953d-d57f05123c1b,contemporary country
818,d9319b93-249d-4aed-953d-d57f05123c1b,country pop
818,d9319b93-249d-4aed-953d-d57f05123c1b,bro-country
819,d95d02e2-1a42-4716-802d-7868ee9b375a,alternative rock
819,d95d02e2-1a42-4716-802d-7868ee9b375a,alternative/indie rock
819,d95d02e2-1a42-4716-802d-7868ee9b375a,emo
819,d95d02e2-1a42-4716-802d-7868ee9b375a,emo-pop
819,d95d02e2-1a42-4716-802d-7868ee9b375a,indie rock
819,d95d02e2-1a42-4716-802d-7868ee9b375a,emo pop
819,d95d02e2-1a42-4716-802d-7868ee9b375a,alternative
819,d95d02e2-1a42-4716-802d-7868ee9b375a,pop punk
819,d95d02e2-1a42-4716-802d-7868ee9b375a,pop rock
819,d95d02e2-1a42-4716-802d-7868ee9b375a,electropop
819,d95d02e2-1a42-4716-802d-7868ee9b375a,pop
819,d95d02e2-1a42-4716-802d-7868ee9b375a,punk
820,d95eae24-b1b0-46d4-84a1-58fbd01af25e,hip hop soul
820,d95eae24-b1b0-46d4-84a1-58fbd01af25e,trap soul
820,d95eae24-b1b0-46d4-84a1-58fbd01af25e,contemporary r&b
820,d95eae24-b1b0-46d4-84a1-58fbd01af25e,alternative r&b
820,d95eae24-b1b0-46d4-84a1-58fbd01af25e,2010s
820,d95eae24-b1b0-46d4-84a1-58fbd01af25e,hip hop
820,d95eae24-b1b0-46d4-84a1-58fbd01af25e,pop soul
821,d9827fc6-36a0-4672-895b-6b8bf4a9c6bb,trap
821,d9827fc6-36a0-4672-895b-6b8bf4a9c6bb,pop rap
821,d9827fc6-36a0-4672-895b-6b8bf4a9c6bb,hip hop
822,d98e4baf-bfed-4de5-8198-165be2f08a6d,alternative metal
822,d98e4baf-bfed-4de5-8198-165be2f08a6d,post-hardcore
822,d98e4baf-bfed-4de5-8198-165be2f08a6d,industrial metal
822,d98e4baf-bfed-4de5-8198-165be2f08a6d,hardcore
822,d98e4baf-bfed-4de5-8198-165be2f08a6d,metal
822,d98e4baf-bfed-4de5-8198-165be2f08a6d,nu metal
822,d98e4baf-bfed-4de5-8198-165be2f08a6d,metalcore
822,d98e4baf-bfed-4de5-8198-165be2f08a6d,gothic metal
823,da0595ff-7a7f-464f-ac7d-d0167ebef8fd,progressive metal
823,da0595ff-7a7f-464f-ac7d-d0167ebef8fd,progressive metalcore
823,da0595ff-7a7f-464f-ac7d-d0167ebef8fd,technical metalcore
823,da0595ff-7a7f-464f-ac7d-d0167ebef8fd,metalcore
823,da0595ff-7a7f-464f-ac7d-d0167ebef8fd,djent
823,da0595ff-7a7f-464f-ac7d-d0167ebef8fd,post-hardcore
823,da0595ff-7a7f-464f-ac7d-d0167ebef8fd,melodic metalcore
824,da424587-9c4b-4560-8d62-bd5c2307b6f5,hip hop
824,da424587-9c4b-4560-8d62-bd5c2307b6f5,contemporary r&b
824,da424587-9c4b-4560-8d62-bd5c2307b6f5,trap
824,da424587-9c4b-4560-8d62-bd5c2307b6f5,criminal
824,da424587-9c4b-4560-8d62-bd5c2307b6f5,neo soul
824,da424587-9c4b-4560-8d62-bd5c2307b6f5,pop rap
824,da424587-9c4b-4560-8d62-bd5c2307b6f5,top 100
824,da424587-9c4b-4560-8d62-bd5c2307b6f5,pop rap
824,da424587-9c4b-4560-8d62-bd5c2307b6f5,r&b
824,da424587-9c4b-4560-8d62-bd5c2307b6f5,rock
824,da424587-9c4b-4560-8d62-bd5c2307b6f5,gangsta rap
824,da424587-9c4b-4560-8d62-bd5c2307b6f5,r&b
824,da424587-9c4b-4560-8d62-bd5c2307b6f5,r&b
824,da424587-9c4b-4560-8d62-bd5c2307b6f5,pop
824,da424587-9c4b-4560-8d62-bd5c2307b6f5,trap
824,da424587-9c4b-4560-8d62-bd5c2307b6f5,rap
824,da424587-9c4b-4560-8d62-bd5c2307b6f5,southern hip hop
824,da424587-9c4b-4560-8d62-bd5c2307b6f5,soul
824,da424587-9c4b-4560-8d62-bd5c2307b6f5,detroit hip hop
824,da424587-9c4b-4560-8d62-bd5c2307b6f5,trap
824,da424587-9c4b-4560-8d62-bd5c2307b6f5,top 5
824,da424587-9c4b-4560-8d62-bd5c2307b6f5,hip hop
824,da424587-9c4b-4560-8d62-bd5c2307b6f5,rap rock
824,da424587-9c4b-4560-8d62-bd5c2307b6f5,2010s
824,da424587-9c4b-4560-8d62-bd5c2307b6f5,2000s
824,da424587-9c4b-4560-8d62-bd5c2307b6f5,underground hip hop
824,da424587-9c4b-4560-8d62-bd5c2307b6f5,top 10
824,da424587-9c4b-4560-8d62-bd5c2307b6f5,southern hip hop
825,da4a8f8e-0904-4693-a67d-40c8e52c505d,trap
825,da4a8f8e-0904-4693-a67d-40c8e52c505d,gen z
825,da4a8f8e-0904-4693-a67d-40c8e52c505d,2010s
825,da4a8f8e-0904-4693-a67d-40c8e52c505d,death by murder
825,da4a8f8e-0904-4693-a67d-40c8e52c505d,trap metal
825,da4a8f8e-0904-4693-a67d-40c8e52c505d,emo rap
825,da4a8f8e-0904-4693-a67d-40c8e52c505d,hip hop
825,da4a8f8e-0904-4693-a67d-40c8e52c505d,rap
826,da4e5458-4c94-4e6c-9d9f-df459df86a78,east coast hip hop
826,da4e5458-4c94-4e6c-9d9f-df459df86a78,hip hop
826,da4e5458-4c94-4e6c-9d9f-df459df86a78,hardcore hip hop
826,da4e5458-4c94-4e6c-9d9f-df459df86a78,pop rap
826,da4e5458-4c94-4e6c-9d9f-df459df86a78,trap
826,da4e5458-4c94-4e6c-9d9f-df459df86a78,cloud rap
826,da4e5458-4c94-4e6c-9d9f-df459df86a78,experimental hip hop
827,da9f4775-ba9c-4bb4-9527-ea9f11d8a451,pop rock
827,da9f4775-ba9c-4bb4-9527-ea9f11d8a451,rock
827,da9f4775-ba9c-4bb4-9527-ea9f11d8a451,alternative rock
828,daa72cc9-0a66-427d-b18f-2dd8df553164,progressive metal
828,daa72cc9-0a66-427d-b18f-2dd8df553164,alternative r&b
828,daa72cc9-0a66-427d-b18f-2dd8df553164,alternative metal
828,daa72cc9-0a66-427d-b18f-2dd8df553164,djent
828,daa72cc9-0a66-427d-b18f-2dd8df553164,art pop
828,daa72cc9-0a66-427d-b18f-2dd8df553164,alternative pop
828,daa72cc9-0a66-427d-b18f-2dd8df553164,progressive rock
829,dafd25f5-c230-4729-8009-5b69a3865ccc,
830,db5e6942-2d8e-403c-a94a-c0ee7b2d2ac6,pop rap
830,db5e6942-2d8e-403c-a94a-c0ee7b2d2ac6,rap
830,db5e6942-2d8e-403c-a94a-c0ee7b2d2ac6,dmv rap
830,db5e6942-2d8e-403c-a94a-c0ee7b2d2ac6,conscious hip hop
830,db5e6942-2d8e-403c-a94a-c0ee7b2d2ac6,jazz rap
830,db5e6942-2d8e-403c-a94a-c0ee7b2d2ac6,neo soul
830,db5e6942-2d8e-403c-a94a-c0ee7b2d2ac6,pop rap
830,db5e6942-2d8e-403c-a94a-c0ee7b2d2ac6,rap
830,db5e6942-2d8e-403c-a94a-c0ee7b2d2ac6,hip hop
830,db5e6942-2d8e-403c-a94a-c0ee7b2d2ac6,hip hop
830,db5e6942-2d8e-403c-a94a-c0ee7b2d2ac6,rapper
831,db752e4c-7756-4723-9bdf-6ae7940d654a,hip hop
831,db752e4c-7756-4723-9bdf-6ae7940d654a,jazz rap
831,db752e4c-7756-4723-9bdf-6ae7940d654a,conscious hip hop
831,db752e4c-7756-4723-9bdf-6ae7940d654a,hardcore hip hop
831,db752e4c-7756-4723-9bdf-6ae7940d654a,boom bap
831,db752e4c-7756-4723-9bdf-6ae7940d654a,east coast hip hop
832,dcc1c170-2908-4206-bec8-17f6f9dc1810,hip hop
833,dce08173-d582-4928-8dc7-d001030eef1b,experimental rock
833,dce08173-d582-4928-8dc7-d001030eef1b,emo
833,dce08173-d582-4928-8dc7-d001030eef1b,melodic hardcore
833,dce08173-d582-4928-8dc7-d001030eef1b,progressive rock
833,dce08173-d582-4928-8dc7-d001030eef1b,millennial
833,dce08173-d582-4928-8dc7-d001030eef1b,alternative
833,dce08173-d582-4928-8dc7-d001030eef1b,hardcore punk
833,dce08173-d582-4928-8dc7-d001030eef1b,pop rock
833,dce08173-d582-4928-8dc7-d001030eef1b,pop punk
833,dce08173-d582-4928-8dc7-d001030eef1b,pop screamo
833,dce08173-d582-4928-8dc7-d001030eef1b,screamo
833,dce08173-d582-4928-8dc7-d001030eef1b,alternative/indie rock
833,dce08173-d582-4928-8dc7-d001030eef1b,scene
833,dce08173-d582-4928-8dc7-d001030eef1b,easycore
833,dce08173-d582-4928-8dc7-d001030eef1b,post-hardcore
833,dce08173-d582-4928-8dc7-d001030eef1b,alternative rock
833,dce08173-d582-4928-8dc7-d001030eef1b,rock
833,dce08173-d582-4928-8dc7-d001030eef1b,pop
834,dcea7720-4413-4ada-8c07-63cfd10f5724,pop screamo
834,dcea7720-4413-4ada-8c07-63cfd10f5724,emo pop
834,dcea7720-4413-4ada-8c07-63cfd10f5724,pop punk
834,dcea7720-4413-4ada-8c07-63cfd10f5724,alternative rock
834,dcea7720-4413-4ada-8c07-63cfd10f5724,metalcore
834,dcea7720-4413-4ada-8c07-63cfd10f5724,post-hardcore
834,dcea7720-4413-4ada-8c07-63cfd10f5724,acoustic
835,dd6a88f0-7f98-46fe-b7bc-89ed8499b617,2020s
835,dd6a88f0-7f98-46fe-b7bc-89ed8499b617,trap
835,dd6a88f0-7f98-46fe-b7bc-89ed8499b617,southern hip hop
835,dd6a88f0-7f98-46fe-b7bc-89ed8499b617,hip hop
835,dd6a88f0-7f98-46fe-b7bc-89ed8499b617,trap
835,dd6a88f0-7f98-46fe-b7bc-89ed8499b617,pop rap
835,dd6a88f0-7f98-46fe-b7bc-89ed8499b617,southern hip hop
835,dd6a88f0-7f98-46fe-b7bc-89ed8499b617,gangsta rap
835,dd6a88f0-7f98-46fe-b7bc-89ed8499b617,hip hop
836,dd9d9f3c-18d1-4111-bde6-6b9165c7eb7a,east coast hip hop
836,dd9d9f3c-18d1-4111-bde6-6b9165c7eb7a,jazz rap
836,dd9d9f3c-18d1-4111-bde6-6b9165c7eb7a,conscious hip hop
836,dd9d9f3c-18d1-4111-bde6-6b9165c7eb7a,hip hop
836,dd9d9f3c-18d1-4111-bde6-6b9165c7eb7a,pop rap
836,dd9d9f3c-18d1-4111-bde6-6b9165c7eb7a,boom bap
837,ddaa5dec-bc3c-4945-89ec-3b311a989b30,post-hardcore
837,ddaa5dec-bc3c-4945-89ec-3b311a989b30,post-metalcore
837,ddaa5dec-bc3c-4945-89ec-3b311a989b30,metal
837,ddaa5dec-bc3c-4945-89ec-3b311a989b30,metalcore
838,ddbb30e4-3487-4325-b885-0d2ddb6dea70,
839,ddcabe21-44a4-44fa-8749-9bb2e1ab65fe,hip hop
840,de5203f0-c078-4cca-a28f-a69255862389,post-hardcore
840,de5203f0-c078-4cca-a28f-a69255862389,hardcore
840,de5203f0-c078-4cca-a28f-a69255862389,metal
840,de5203f0-c078-4cca-a28f-a69255862389,metalcore
841,de58bea3-3c64-48ed-a516-288d04545ae6,progressive rock
841,de58bea3-3c64-48ed-a516-288d04545ae6,progressive metal
841,de58bea3-3c64-48ed-a516-288d04545ae6,djent
841,de58bea3-3c64-48ed-a516-288d04545ae6,alternative metal
841,de58bea3-3c64-48ed-a516-288d04545ae6,alternative r&b
841,de58bea3-3c64-48ed-a516-288d04545ae6,alternative pop
841,de58bea3-3c64-48ed-a516-288d04545ae6,art pop
842,de58c3a3-6ac4-4a17-ab5a-1eec37519a4e,chode
842,de58c3a3-6ac4-4a17-ab5a-1eec37519a4e,life
842,de58c3a3-6ac4-4a17-ab5a-1eec37519a4e,canadian
842,de58c3a3-6ac4-4a17-ab5a-1eec37519a4e,hip hop
842,de58c3a3-6ac4-4a17-ab5a-1eec37519a4e,jutes
842,de58c3a3-6ac4-4a17-ab5a-1eec37519a4e,pop rap
842,de58c3a3-6ac4-4a17-ab5a-1eec37519a4e,rap
843,de6a09fe-f5c2-433e-824a-d1e5e5187170,conscious hip hop
843,de6a09fe-f5c2-433e-824a-d1e5e5187170,east coast hip hop
843,de6a09fe-f5c2-433e-824a-d1e5e5187170,pop rap
843,de6a09fe-f5c2-433e-824a-d1e5e5187170,hip hop
843,de6a09fe-f5c2-433e-824a-d1e5e5187170,jazz rap
843,de6a09fe-f5c2-433e-824a-d1e5e5187170,boom bap
844,de6f80b9-f935-4f37-8354-45cb24bb00ca,rap
844,de6f80b9-f935-4f37-8354-45cb24bb00ca,hip hop
845,debf4f5f-9cbb-4fd2-b293-db63fc59cd28,contemporary christian
845,debf4f5f-9cbb-4fd2-b293-db63fc59cd28,contemporary gospel
845,debf4f5f-9cbb-4fd2-b293-db63fc59cd28,christian hip hop
845,debf4f5f-9cbb-4fd2-b293-db63fc59cd28,praise & worship
846,df22e60b-2a3d-4b51-b210-c4fed4f6a1df,trap soul
846,df22e60b-2a3d-4b51-b210-c4fed4f6a1df,trap
846,df22e60b-2a3d-4b51-b210-c4fed4f6a1df,contemporary r&b
846,df22e60b-2a3d-4b51-b210-c4fed4f6a1df,alternative r&b
847,df3d0c71-042f-4f29-aa8e-c78e375e8c41,melodic metalcore
847,df3d0c71-042f-4f29-aa8e-c78e375e8c41,post-hardcore
847,df3d0c71-042f-4f29-aa8e-c78e375e8c41,metalcore
847,df3d0c71-042f-4f29-aa8e-c78e375e8c41,hardcore
848,df6703d6-28b2-47e5-b0f7-b6f3b05232a2,boom bap
848,df6703d6-28b2-47e5-b0f7-b6f3b05232a2,conscious hip hop
848,df6703d6-28b2-47e5-b0f7-b6f3b05232a2,jazz rap
848,df6703d6-28b2-47e5-b0f7-b6f3b05232a2,hardcore hip hop
848,df6703d6-28b2-47e5-b0f7-b6f3b05232a2,east coast hip hop
848,df6703d6-28b2-47e5-b0f7-b6f3b05232a2,hip hop
849,df72c46a-d973-44ac-9f91-c6c63bba4938,
850,dfa1852a-50ff-453d-a52e-f17707aa67ce,deathcore
850,dfa1852a-50ff-453d-a52e-f17707aa67ce,pop rock
850,dfa1852a-50ff-453d-a52e-f17707aa67ce,post-hardcore
850,dfa1852a-50ff-453d-a52e-f17707aa67ce,alternative rock
850,dfa1852a-50ff-453d-a52e-f17707aa67ce,alternative metal
850,dfa1852a-50ff-453d-a52e-f17707aa67ce,melodic metalcore
850,dfa1852a-50ff-453d-a52e-f17707aa67ce,emo
850,dfa1852a-50ff-453d-a52e-f17707aa67ce,psychedelic rock
850,dfa1852a-50ff-453d-a52e-f17707aa67ce,nu metal
850,dfa1852a-50ff-453d-a52e-f17707aa67ce,heavy metal
850,dfa1852a-50ff-453d-a52e-f17707aa67ce,pop
850,dfa1852a-50ff-453d-a52e-f17707aa67ce,alternative/indie rock
850,dfa1852a-50ff-453d-a52e-f17707aa67ce,house
850,dfa1852a-50ff-453d-a52e-f17707aa67ce,drum and bass
850,dfa1852a-50ff-453d-a52e-f17707aa67ce,screamo
850,dfa1852a-50ff-453d-a52e-f17707aa67ce,electronic
850,dfa1852a-50ff-453d-a52e-f17707aa67ce,hard rock
850,dfa1852a-50ff-453d-a52e-f17707aa67ce,rock
850,dfa1852a-50ff-453d-a52e-f17707aa67ce,electronic rock
850,dfa1852a-50ff-453d-a52e-f17707aa67ce,metalcore
851,dfb16a59-b81d-4549-a2c6-4decf86c90e6,emo rap
851,dfb16a59-b81d-4549-a2c6-4decf86c90e6,east coast hip hop
851,dfb16a59-b81d-4549-a2c6-4decf86c90e6,cloud rap
851,dfb16a59-b81d-4549-a2c6-4decf86c90e6,hip hop
851,dfb16a59-b81d-4549-a2c6-4decf86c90e6,trap
851,dfb16a59-b81d-4549-a2c6-4decf86c90e6,rage
851,dfb16a59-b81d-4549-a2c6-4decf86c90e6,2010s
851,dfb16a59-b81d-4549-a2c6-4decf86c90e6,2020s
851,dfb16a59-b81d-4549-a2c6-4decf86c90e6,pop rap
851,dfb16a59-b81d-4549-a2c6-4decf86c90e6,millennial
851,dfb16a59-b81d-4549-a2c6-4decf86c90e6,proto-rage
851,dfb16a59-b81d-4549-a2c6-4decf86c90e6,pescetarian
852,dfdc8c05-465d-4262-9a34-3937b8e0c37f,trap
852,dfdc8c05-465d-4262-9a34-3937b8e0c37f,trap soul
852,dfdc8c05-465d-4262-9a34-3937b8e0c37f,contemporary r&b
852,dfdc8c05-465d-4262-9a34-3937b8e0c37f,alternative r&b
853,dff4cb02-97d2-4790-be54-882d2cc495ba,gangsta rap
853,dff4cb02-97d2-4790-be54-882d2cc495ba,hip hop
853,dff4cb02-97d2-4790-be54-882d2cc495ba,southern hip hop
853,dff4cb02-97d2-4790-be54-882d2cc495ba,trap
854,e05db1d3-52c4-4228-90b2-31b271933c29,pop
854,e05db1d3-52c4-4228-90b2-31b271933c29,alternative rock
854,e05db1d3-52c4-4228-90b2-31b271933c29,pop rock
854,e05db1d3-52c4-4228-90b2-31b271933c29,acoustic rock
854,e05db1d3-52c4-4228-90b2-31b271933c29,emo
854,e05db1d3-52c4-4228-90b2-31b271933c29,emo-pop
854,e05db1d3-52c4-4228-90b2-31b271933c29,rock
854,e05db1d3-52c4-4228-90b2-31b271933c29,emo pop
854,e05db1d3-52c4-4228-90b2-31b271933c29,power pop
854,e05db1d3-52c4-4228-90b2-31b271933c29,nuno
854,e05db1d3-52c4-4228-90b2-31b271933c29,female fronted
854,e05db1d3-52c4-4228-90b2-31b271933c29,new wave
854,e05db1d3-52c4-4228-90b2-31b271933c29,female vocalists
854,e05db1d3-52c4-4228-90b2-31b271933c29,alternative
854,e05db1d3-52c4-4228-90b2-31b271933c29,pop punk
855,e076411a-162e-4754-8b4c-7d82213ca7ba,metalcore
855,e076411a-162e-4754-8b4c-7d82213ca7ba,post-hardcore
855,e076411a-162e-4754-8b4c-7d82213ca7ba,pop punk
855,e076411a-162e-4754-8b4c-7d82213ca7ba,hardcore
855,e076411a-162e-4754-8b4c-7d82213ca7ba,melodic metalcore
856,e076d6a4-c6ff-4005-ba0e-0d41574b560b,pop rock
856,e076d6a4-c6ff-4005-ba0e-0d41574b560b,pop punk
856,e076d6a4-c6ff-4005-ba0e-0d41574b560b,punk
857,e08bc026-0dbc-4aaa-8c13-75f21ada81a3,metal
857,e08bc026-0dbc-4aaa-8c13-75f21ada81a3,metalcore
857,e08bc026-0dbc-4aaa-8c13-75f21ada81a3,post-hardcore
857,e08bc026-0dbc-4aaa-8c13-75f21ada81a3,post-metalcore
858,e08dfd1d-9814-4002-8b96-e5c44c5af7df,hip hop
859,e106d2a8-ef16-4805-b0d5-e3ca818a464d,estados unidos
859,e106d2a8-ef16-4805-b0d5-e3ca818a464d,rap rock
859,e106d2a8-ef16-4805-b0d5-e3ca818a464d,funk metal
859,e106d2a8-ef16-4805-b0d5-e3ca818a464d,pop rock
859,e106d2a8-ef16-4805-b0d5-e3ca818a464d,alternative metal
859,e106d2a8-ef16-4805-b0d5-e3ca818a464d,funk rock
859,e106d2a8-ef16-4805-b0d5-e3ca818a464d,hard rock
859,e106d2a8-ef16-4805-b0d5-e3ca818a464d,american
859,e106d2a8-ef16-4805-b0d5-e3ca818a464d,rock
860,e161c36f-efbf-4cf8-9bac-21d8cc998a13,country pop
860,e161c36f-efbf-4cf8-9bac-21d8cc998a13,2020s
860,e161c36f-efbf-4cf8-9bac-21d8cc998a13,country
861,e1a9052f-cbb8-496c-8379-98572f0af099,contemporary rap
861,e1a9052f-cbb8-496c-8379-98572f0af099,progressive rap
861,e1a9052f-cbb8-496c-8379-98572f0af099,jazz
861,e1a9052f-cbb8-496c-8379-98572f0af099,disco
861,e1a9052f-cbb8-496c-8379-98572f0af099,conscious hip hop
861,e1a9052f-cbb8-496c-8379-98572f0af099,house
861,e1a9052f-cbb8-496c-8379-98572f0af099,future bass
861,e1a9052f-cbb8-496c-8379-98572f0af099,conscious rapper
861,e1a9052f-cbb8-496c-8379-98572f0af099,hip hop
861,e1a9052f-cbb8-496c-8379-98572f0af099,hardcore hip hop
861,e1a9052f-cbb8-496c-8379-98572f0af099,west coast hip hop
861,e1a9052f-cbb8-496c-8379-98572f0af099,2020s
861,e1a9052f-cbb8-496c-8379-98572f0af099,jazz rap
861,e1a9052f-cbb8-496c-8379-98572f0af099,gangsta rap
861,e1a9052f-cbb8-496c-8379-98572f0af099,alternative hip hop
861,e1a9052f-cbb8-496c-8379-98572f0af099,2010s
861,e1a9052f-cbb8-496c-8379-98572f0af099,rap
861,e1a9052f-cbb8-496c-8379-98572f0af099,r&b
861,e1a9052f-cbb8-496c-8379-98572f0af099,pop rap
861,e1a9052f-cbb8-496c-8379-98572f0af099,trap
861,e1a9052f-cbb8-496c-8379-98572f0af099,pop
861,e1a9052f-cbb8-496c-8379-98572f0af099,dance
861,e1a9052f-cbb8-496c-8379-98572f0af099,hip hop
862,e1f4439b-05e4-4bb9-af7b-410d2a916360,
863,e2528916-d0f1-40c9-add0-6d5e768fae94,rock
863,e2528916-d0f1-40c9-add0-6d5e768fae94,metal
863,e2528916-d0f1-40c9-add0-6d5e768fae94,heavy metal
863,e2528916-d0f1-40c9-add0-6d5e768fae94,metalcore
864,e30d5f7f-c8df-47d9-9044-474f83595684,post-hardcore
864,e30d5f7f-c8df-47d9-9044-474f83595684,rock
864,e30d5f7f-c8df-47d9-9044-474f83595684,punk
864,e30d5f7f-c8df-47d9-9044-474f83595684,alternative rock
864,e30d5f7f-c8df-47d9-9044-474f83595684,grunge
864,e30d5f7f-c8df-47d9-9044-474f83595684,indie rock
864,e30d5f7f-c8df-47d9-9044-474f83595684,emo
864,e30d5f7f-c8df-47d9-9044-474f83595684,pop rock
864,e30d5f7f-c8df-47d9-9044-474f83595684,pop punk
865,e33f2a21-f4e1-400a-bf62-20ac49aaef0c,2008 universal fire victim
865,e33f2a21-f4e1-400a-bf62-20ac49aaef0c,contemporary country
865,e33f2a21-f4e1-400a-bf62-20ac49aaef0c,country
866,e356f0ee-5258-4e36-8b11-87899d4312f2,alternative rock
866,e356f0ee-5258-4e36-8b11-87899d4312f2,hard rock
866,e356f0ee-5258-4e36-8b11-87899d4312f2,rock
867,e3c391dc-9a67-4a4e-b979-6bf4413d70ac,alternative rock
867,e3c391dc-9a67-4a4e-b979-6bf4413d70ac,emo pop
867,e3c391dc-9a67-4a4e-b979-6bf4413d70ac,acoustic
867,e3c391dc-9a67-4a4e-b979-6bf4413d70ac,pop screamo
867,e3c391dc-9a67-4a4e-b979-6bf4413d70ac,metalcore
867,e3c391dc-9a67-4a4e-b979-6bf4413d70ac,pop punk
867,e3c391dc-9a67-4a4e-b979-6bf4413d70ac,post-hardcore
868,e3faae32-83b3-4a42-ae7f-6e4745dca2ba,hard rock
868,e3faae32-83b3-4a42-ae7f-6e4745dca2ba,alternative rock
868,e3faae32-83b3-4a42-ae7f-6e4745dca2ba,rock
869,e40c1caa-27e3-4dcc-a845-7dbbd7b54c49,2010s
869,e40c1caa-27e3-4dcc-a845-7dbbd7b54c49,east coast hip hop
869,e40c1caa-27e3-4dcc-a845-7dbbd7b54c49,trap
869,e40c1caa-27e3-4dcc-a845-7dbbd7b54c49,hip hop
870,e41990da-dafc-41e1-b2ea-bff0e740ecae,rap
870,e41990da-dafc-41e1-b2ea-bff0e740ecae,hip hop
871,e45c2643-c646-47b4-b33f-9ac76dd5306f,hip hop
871,e45c2643-c646-47b4-b33f-9ac76dd5306f,rap
872,e45fe983-eaa5-455c-b6f3-998ec1e4e4a8,emo
872,e45fe983-eaa5-455c-b6f3-998ec1e4e4a8,melodic hardcore
872,e45fe983-eaa5-455c-b6f3-998ec1e4e4a8,pop rock
872,e45fe983-eaa5-455c-b6f3-998ec1e4e4a8,millennial
872,e45fe983-eaa5-455c-b6f3-998ec1e4e4a8,alternative/indie rock
872,e45fe983-eaa5-455c-b6f3-998ec1e4e4a8,rock
872,e45fe983-eaa5-455c-b6f3-998ec1e4e4a8,alternative rock
872,e45fe983-eaa5-455c-b6f3-998ec1e4e4a8,pop screamo
872,e45fe983-eaa5-455c-b6f3-998ec1e4e4a8,scene
872,e45fe983-eaa5-455c-b6f3-998ec1e4e4a8,hardcore punk
872,e45fe983-eaa5-455c-b6f3-998ec1e4e4a8,pop punk
872,e45fe983-eaa5-455c-b6f3-998ec1e4e4a8,progressive rock
872,e45fe983-eaa5-455c-b6f3-998ec1e4e4a8,post-hardcore
872,e45fe983-eaa5-455c-b6f3-998ec1e4e4a8,experimental rock
872,e45fe983-eaa5-455c-b6f3-998ec1e4e4a8,alternative
872,e45fe983-eaa5-455c-b6f3-998ec1e4e4a8,screamo
872,e45fe983-eaa5-455c-b6f3-998ec1e4e4a8,easycore
872,e45fe983-eaa5-455c-b6f3-998ec1e4e4a8,pop
873,e4702a70-5d4d-438b-8883-0d29f2988f30,trap
873,e4702a70-5d4d-438b-8883-0d29f2988f30,gangsta rap
873,e4702a70-5d4d-438b-8883-0d29f2988f30,trap
873,e4702a70-5d4d-438b-8883-0d29f2988f30,pop rap
873,e4702a70-5d4d-438b-8883-0d29f2988f30,mumble rap
873,e4702a70-5d4d-438b-8883-0d29f2988f30,hip hop
873,e4702a70-5d4d-438b-8883-0d29f2988f30,hip hop
873,e4702a70-5d4d-438b-8883-0d29f2988f30,southern hip hop
874,e4733d45-75fa-4bf2-a0d6-9835a67e53b7,alternative rock
874,e4733d45-75fa-4bf2-a0d6-9835a67e53b7,rhythm & blues
874,e4733d45-75fa-4bf2-a0d6-9835a67e53b7,pop soul
874,e4733d45-75fa-4bf2-a0d6-9835a67e53b7,soul
874,e4733d45-75fa-4bf2-a0d6-9835a67e53b7,country
874,e4733d45-75fa-4bf2-a0d6-9835a67e53b7,pop
874,e4733d45-75fa-4bf2-a0d6-9835a67e53b7,rock
875,e4946782-3ee7-42c5-a62b-384ac3ae0259,alternative
875,e4946782-3ee7-42c5-a62b-384ac3ae0259,pop punk
875,e4946782-3ee7-42c5-a62b-384ac3ae0259,post-hardcore
875,e4946782-3ee7-42c5-a62b-384ac3ae0259,alternative/indie rock
875,e4946782-3ee7-42c5-a62b-384ac3ae0259,pop
875,e4946782-3ee7-42c5-a62b-384ac3ae0259,pop rock
875,e4946782-3ee7-42c5-a62b-384ac3ae0259,hardcore punk
875,e4946782-3ee7-42c5-a62b-384ac3ae0259,melodic hardcore
875,e4946782-3ee7-42c5-a62b-384ac3ae0259,emo
875,e4946782-3ee7-42c5-a62b-384ac3ae0259,rock
875,e4946782-3ee7-42c5-a62b-384ac3ae0259,experimental rock
875,e4946782-3ee7-42c5-a62b-384ac3ae0259,easycore
875,e4946782-3ee7-42c5-a62b-384ac3ae0259,progressive rock
875,e4946782-3ee7-42c5-a62b-384ac3ae0259,alternative rock
875,e4946782-3ee7-42c5-a62b-384ac3ae0259,millennial
875,e4946782-3ee7-42c5-a62b-384ac3ae0259,pop screamo
875,e4946782-3ee7-42c5-a62b-384ac3ae0259,screamo
875,e4946782-3ee7-42c5-a62b-384ac3ae0259,scene
876,e4947b35-422b-4547-ad99-a107c1a40861,hard rock
876,e4947b35-422b-4547-ad99-a107c1a40861,emo
876,e4947b35-422b-4547-ad99-a107c1a40861,metalcore
876,e4947b35-422b-4547-ad99-a107c1a40861,house
876,e4947b35-422b-4547-ad99-a107c1a40861,heavy metal
876,e4947b35-422b-4547-ad99-a107c1a40861,melodic metalcore
876,e4947b35-422b-4547-ad99-a107c1a40861,electronic
876,e4947b35-422b-4547-ad99-a107c1a40861,rock
876,e4947b35-422b-4547-ad99-a107c1a40861,drum and bass
876,e4947b35-422b-4547-ad99-a107c1a40861,screamo
876,e4947b35-422b-4547-ad99-a107c1a40861,psychedelic rock
876,e4947b35-422b-4547-ad99-a107c1a40861,alternative rock
876,e4947b35-422b-4547-ad99-a107c1a40861,alternative metal
876,e4947b35-422b-4547-ad99-a107c1a40861,pop rock
876,e4947b35-422b-4547-ad99-a107c1a40861,post-hardcore
876,e4947b35-422b-4547-ad99-a107c1a40861,deathcore
876,e4947b35-422b-4547-ad99-a107c1a40861,pop
876,e4947b35-422b-4547-ad99-a107c1a40861,electronic rock
876,e4947b35-422b-4547-ad99-a107c1a40861,alternative/indie rock
876,e4947b35-422b-4547-ad99-a107c1a40861,nu metal
877,e4bd65e9-0875-4f85-a473-d05630a9f724,r&b
877,e4bd65e9-0875-4f85-a473-d05630a9f724,hip hop
877,e4bd65e9-0875-4f85-a473-d05630a9f724,pop
878,e4c6be53-bbe1-4ff7-91bd-8746b7b11b2d,country pop
878,e4c6be53-bbe1-4ff7-91bd-8746b7b11b2d,country
878,e4c6be53-bbe1-4ff7-91bd-8746b7b11b2d,contemporary country
879,e4e590fb-5115-4a6a-a5f6-699220e2040c,experimental rock
879,e4e590fb-5115-4a6a-a5f6-699220e2040c,post-hardcore
880,e512edb6-cb18-47b6-a70a-4e4ce3e9cbac,alternative rock
880,e512edb6-cb18-47b6-a70a-4e4ce3e9cbac,post-hardcore
880,e512edb6-cb18-47b6-a70a-4e4ce3e9cbac,emo pop
880,e512edb6-cb18-47b6-a70a-4e4ce3e9cbac,pop punk
880,e512edb6-cb18-47b6-a70a-4e4ce3e9cbac,acoustic
880,e512edb6-cb18-47b6-a70a-4e4ce3e9cbac,metalcore
880,e512edb6-cb18-47b6-a70a-4e4ce3e9cbac,pop screamo
881,e538a339-b4d7-4d65-a4db-a7444a869aca,
882,e5645698-84ef-4312-9a75-ad2fd981a1d8,trap
882,e5645698-84ef-4312-9a75-ad2fd981a1d8,west coast hip hop
882,e5645698-84ef-4312-9a75-ad2fd981a1d8,hip hop
882,e5645698-84ef-4312-9a75-ad2fd981a1d8,hardcore hip hop
882,e5645698-84ef-4312-9a75-ad2fd981a1d8,gangsta rap
883,e56db982-7cc1-4d08-9e6a-b4cdb3a61991,country
883,e56db982-7cc1-4d08-9e6a-b4cdb3a61991,neo-traditional country
883,e56db982-7cc1-4d08-9e6a-b4cdb3a61991,bluegrass
883,e56db982-7cc1-4d08-9e6a-b4cdb3a61991,honky tonk
884,e599e247-eb78-4c3a-a661-93f8eeb5f9f8,metalcore
884,e599e247-eb78-4c3a-a661-93f8eeb5f9f8,post-hardcore
884,e599e247-eb78-4c3a-a661-93f8eeb5f9f8,post-metalcore
884,e599e247-eb78-4c3a-a661-93f8eeb5f9f8,metal
885,e5a2f5bd-7a26-4597-9b1f-0abce9b4879c,pop rock
885,e5a2f5bd-7a26-4597-9b1f-0abce9b4879c,power pop
885,e5a2f5bd-7a26-4597-9b1f-0abce9b4879c,chamber pop
885,e5a2f5bd-7a26-4597-9b1f-0abce9b4879c,pop punk
885,e5a2f5bd-7a26-4597-9b1f-0abce9b4879c,rock
885,e5a2f5bd-7a26-4597-9b1f-0abce9b4879c,alternative rock
885,e5a2f5bd-7a26-4597-9b1f-0abce9b4879c,electropop
885,e5a2f5bd-7a26-4597-9b1f-0abce9b4879c,emo
885,e5a2f5bd-7a26-4597-9b1f-0abce9b4879c,baroque pop
885,e5a2f5bd-7a26-4597-9b1f-0abce9b4879c,emo pop
885,e5a2f5bd-7a26-4597-9b1f-0abce9b4879c,group turned solo project
886,e5efc159-b13c-435f-b872-4a75a721ef7b,country
887,e61ec727-4db6-4885-bc5b-457fcc72b033,metalcore
887,e61ec727-4db6-4885-bc5b-457fcc72b033,djent
887,e61ec727-4db6-4885-bc5b-457fcc72b033,hardcore
887,e61ec727-4db6-4885-bc5b-457fcc72b033,math metal
887,e61ec727-4db6-4885-bc5b-457fcc72b033,progressive metal
888,e6633eaa-f3f3-44b3-a18e-9ca35b12517d,west coast hip hop
888,e6633eaa-f3f3-44b3-a18e-9ca35b12517d,hardcore hip hop
888,e6633eaa-f3f3-44b3-a18e-9ca35b12517d,hip hop
888,e6633eaa-f3f3-44b3-a18e-9ca35b12517d,conscious hip hop
888,e6633eaa-f3f3-44b3-a18e-9ca35b12517d,jazz rap
888,e6633eaa-f3f3-44b3-a18e-9ca35b12517d,trap
888,e6633eaa-f3f3-44b3-a18e-9ca35b12517d,alternative hip hop
888,e6633eaa-f3f3-44b3-a18e-9ca35b12517d,gangsta rap
888,e6633eaa-f3f3-44b3-a18e-9ca35b12517d,2020s
888,e6633eaa-f3f3-44b3-a18e-9ca35b12517d,pop
888,e6633eaa-f3f3-44b3-a18e-9ca35b12517d,2010s
888,e6633eaa-f3f3-44b3-a18e-9ca35b12517d,conscious rapper
888,e6633eaa-f3f3-44b3-a18e-9ca35b12517d,contemporary rap
888,e6633eaa-f3f3-44b3-a18e-9ca35b12517d,future bass
888,e6633eaa-f3f3-44b3-a18e-9ca35b12517d,house
888,e6633eaa-f3f3-44b3-a18e-9ca35b12517d,dance
888,e6633eaa-f3f3-44b3-a18e-9ca35b12517d,disco
888,e6633eaa-f3f3-44b3-a18e-9ca35b12517d,progressive rap
888,e6633eaa-f3f3-44b3-a18e-9ca35b12517d,jazz
888,e6633eaa-f3f3-44b3-a18e-9ca35b12517d,pop rap
888,e6633eaa-f3f3-44b3-a18e-9ca35b12517d,r&b
888,e6633eaa-f3f3-44b3-a18e-9ca35b12517d,rap
889,e66d8f2a-fb6a-49ee-9620-6c1e5cf8a3af,post-grunge
889,e66d8f2a-fb6a-49ee-9620-6c1e5cf8a3af,hard rock
889,e66d8f2a-fb6a-49ee-9620-6c1e5cf8a3af,alternative metal
889,e66d8f2a-fb6a-49ee-9620-6c1e5cf8a3af,rock
889,e66d8f2a-fb6a-49ee-9620-6c1e5cf8a3af,alternative rock
890,e6957990-0ccf-45e8-b2bd-f2f06938e2f4,rap
890,e6957990-0ccf-45e8-b2bd-f2f06938e2f4,rapper
890,e6957990-0ccf-45e8-b2bd-f2f06938e2f4,gangsta rap
890,e6957990-0ccf-45e8-b2bd-f2f06938e2f4,southern hip hop
890,e6957990-0ccf-45e8-b2bd-f2f06938e2f4,hip hop
890,e6957990-0ccf-45e8-b2bd-f2f06938e2f4,mumble rap
890,e6957990-0ccf-45e8-b2bd-f2f06938e2f4,southern hip hop
890,e6957990-0ccf-45e8-b2bd-f2f06938e2f4,pop rap
890,e6957990-0ccf-45e8-b2bd-f2f06938e2f4,queer
890,e6957990-0ccf-45e8-b2bd-f2f06938e2f4,hip hop
890,e6957990-0ccf-45e8-b2bd-f2f06938e2f4,trap
890,e6957990-0ccf-45e8-b2bd-f2f06938e2f4,trap
891,e6aa35ae-5f1b-48ab-8401-4e8be80d2e8f,hip house
891,e6aa35ae-5f1b-48ab-8401-4e8be80d2e8f,hip hop
892,e787e77b-9f13-483e-b621-b93465696429,
893,e7daf41f-9a81-4e2c-84e9-2cd2e0d2508c,top 100
893,e7daf41f-9a81-4e2c-84e9-2cd2e0d2508c,southern hip hop
893,e7daf41f-9a81-4e2c-84e9-2cd2e0d2508c,sxsw
893,e7daf41f-9a81-4e2c-84e9-2cd2e0d2508c,hip-hop
893,e7daf41f-9a81-4e2c-84e9-2cd2e0d2508c,hardcore hip hop
893,e7daf41f-9a81-4e2c-84e9-2cd2e0d2508c,trap
893,e7daf41f-9a81-4e2c-84e9-2cd2e0d2508c,hip hop
893,e7daf41f-9a81-4e2c-84e9-2cd2e0d2508c,underground hip hop
893,e7daf41f-9a81-4e2c-84e9-2cd2e0d2508c,top 100
893,e7daf41f-9a81-4e2c-84e9-2cd2e0d2508c,criminal
893,e7daf41f-9a81-4e2c-84e9-2cd2e0d2508c,rap
893,e7daf41f-9a81-4e2c-84e9-2cd2e0d2508c,2010s
893,e7daf41f-9a81-4e2c-84e9-2cd2e0d2508c,r&b
893,e7daf41f-9a81-4e2c-84e9-2cd2e0d2508c,contemporary r&b
893,e7daf41f-9a81-4e2c-84e9-2cd2e0d2508c,top 10
893,e7daf41f-9a81-4e2c-84e9-2cd2e0d2508c,trap rap
893,e7daf41f-9a81-4e2c-84e9-2cd2e0d2508c,top 10
893,e7daf41f-9a81-4e2c-84e9-2cd2e0d2508c,top 5
893,e7daf41f-9a81-4e2c-84e9-2cd2e0d2508c,pop
893,e7daf41f-9a81-4e2c-84e9-2cd2e0d2508c,pop
893,e7daf41f-9a81-4e2c-84e9-2cd2e0d2508c,rock
893,e7daf41f-9a81-4e2c-84e9-2cd2e0d2508c,pop rap
893,e7daf41f-9a81-4e2c-84e9-2cd2e0d2508c,trap
893,e7daf41f-9a81-4e2c-84e9-2cd2e0d2508c,gangsta rap
893,e7daf41f-9a81-4e2c-84e9-2cd2e0d2508c,2000s
893,e7daf41f-9a81-4e2c-84e9-2cd2e0d2508c,hip hop
893,e7daf41f-9a81-4e2c-84e9-2cd2e0d2508c,rap rock
893,e7daf41f-9a81-4e2c-84e9-2cd2e0d2508c,alternative r&b
893,e7daf41f-9a81-4e2c-84e9-2cd2e0d2508c,r&b
893,e7daf41f-9a81-4e2c-84e9-2cd2e0d2508c,pop rap
893,e7daf41f-9a81-4e2c-84e9-2cd2e0d2508c,top 5
893,e7daf41f-9a81-4e2c-84e9-2cd2e0d2508c,southern hip hop
894,e80e3dc1-56eb-4df6-813c-db3b4995f5e2,metalcore
894,e80e3dc1-56eb-4df6-813c-db3b4995f5e2,experimental rock
894,e80e3dc1-56eb-4df6-813c-db3b4995f5e2,progressive rock
894,e80e3dc1-56eb-4df6-813c-db3b4995f5e2,screamo
894,e80e3dc1-56eb-4df6-813c-db3b4995f5e2,emo
894,e80e3dc1-56eb-4df6-813c-db3b4995f5e2,math rock
894,e80e3dc1-56eb-4df6-813c-db3b4995f5e2,emocore
894,e80e3dc1-56eb-4df6-813c-db3b4995f5e2,swancore
894,e80e3dc1-56eb-4df6-813c-db3b4995f5e2,rock
894,e80e3dc1-56eb-4df6-813c-db3b4995f5e2,pop
894,e80e3dc1-56eb-4df6-813c-db3b4995f5e2,hardcore
894,e80e3dc1-56eb-4df6-813c-db3b4995f5e2,experimental
894,e80e3dc1-56eb-4df6-813c-db3b4995f5e2,alternative/indie rock
894,e80e3dc1-56eb-4df6-813c-db3b4995f5e2,post-hardcore
895,e81739ba-7306-45fc-9c9c-61e686c8c983,cloud rap
895,e81739ba-7306-45fc-9c9c-61e686c8c983,experimental hip hop
895,e81739ba-7306-45fc-9c9c-61e686c8c983,trap
895,e81739ba-7306-45fc-9c9c-61e686c8c983,hardcore hip hop
895,e81739ba-7306-45fc-9c9c-61e686c8c983,east coast hip hop
895,e81739ba-7306-45fc-9c9c-61e686c8c983,hip hop
895,e81739ba-7306-45fc-9c9c-61e686c8c983,pop rap
896,e89428ed-4422-4736-ba20-9142da057be3,alternative rock
896,e89428ed-4422-4736-ba20-9142da057be3,pop
896,e89428ed-4422-4736-ba20-9142da057be3,nu metal
896,e89428ed-4422-4736-ba20-9142da057be3,emo
896,e89428ed-4422-4736-ba20-9142da057be3,screamo
896,e89428ed-4422-4736-ba20-9142da057be3,psychedelic rock
896,e89428ed-4422-4736-ba20-9142da057be3,hard rock
896,e89428ed-4422-4736-ba20-9142da057be3,heavy metal
896,e89428ed-4422-4736-ba20-9142da057be3,alternative metal
896,e89428ed-4422-4736-ba20-9142da057be3,pop rock
896,e89428ed-4422-4736-ba20-9142da057be3,post-hardcore
896,e89428ed-4422-4736-ba20-9142da057be3,deathcore
896,e89428ed-4422-4736-ba20-9142da057be3,electronic rock
896,e89428ed-4422-4736-ba20-9142da057be3,house
896,e89428ed-4422-4736-ba20-9142da057be3,metalcore
896,e89428ed-4422-4736-ba20-9142da057be3,melodic metalcore
896,e89428ed-4422-4736-ba20-9142da057be3,alternative/indie rock
896,e89428ed-4422-4736-ba20-9142da057be3,electronic
896,e89428ed-4422-4736-ba20-9142da057be3,rock
896,e89428ed-4422-4736-ba20-9142da057be3,drum and bass
897,e8958b42-c68d-44b8-8e4b-95ab5a444056,rock
897,e8958b42-c68d-44b8-8e4b-95ab5a444056,post-hardcore
898,e8cd5032-45bd-4c10-b57f-b81e9ba59ba4,hip hop
898,e8cd5032-45bd-4c10-b57f-b81e9ba59ba4,millennial
898,e8cd5032-45bd-4c10-b57f-b81e9ba59ba4,pop rap
898,e8cd5032-45bd-4c10-b57f-b81e9ba59ba4,pescetarian
898,e8cd5032-45bd-4c10-b57f-b81e9ba59ba4,trap
898,e8cd5032-45bd-4c10-b57f-b81e9ba59ba4,2010s
898,e8cd5032-45bd-4c10-b57f-b81e9ba59ba4,proto-rage
898,e8cd5032-45bd-4c10-b57f-b81e9ba59ba4,rage
898,e8cd5032-45bd-4c10-b57f-b81e9ba59ba4,2020s
898,e8cd5032-45bd-4c10-b57f-b81e9ba59ba4,cloud rap
898,e8cd5032-45bd-4c10-b57f-b81e9ba59ba4,emo rap
898,e8cd5032-45bd-4c10-b57f-b81e9ba59ba4,east coast hip hop
899,e8f7d432-0c7e-4bed-8217-6574f5663812,
900,e991604b-73a8-4363-af24-6423a17c4911,
901,e9cb5d71-2532-4ab3-89e6-e1848a42f788,fusion
901,e9cb5d71-2532-4ab3-89e6-e1848a42f788,soul
901,e9cb5d71-2532-4ab3-89e6-e1848a42f788,dance
901,e9cb5d71-2532-4ab3-89e6-e1848a42f788,pop
901,e9cb5d71-2532-4ab3-89e6-e1848a42f788,rock
901,e9cb5d71-2532-4ab3-89e6-e1848a42f788,r&b
901,e9cb5d71-2532-4ab3-89e6-e1848a42f788,funk
902,eb2a2bde-c63d-4cee-8183-3e510002b461,hard rock
902,eb2a2bde-c63d-4cee-8183-3e510002b461,grunge
902,eb2a2bde-c63d-4cee-8183-3e510002b461,american
902,eb2a2bde-c63d-4cee-8183-3e510002b461,rock
902,eb2a2bde-c63d-4cee-8183-3e510002b461,alternative rock
902,eb2a2bde-c63d-4cee-8183-3e510002b461,post-grunge
903,eb6d86b0-c466-4d0e-8cde-2147c48aa1f5,trap
903,eb6d86b0-c466-4d0e-8cde-2147c48aa1f5,pop rap
903,eb6d86b0-c466-4d0e-8cde-2147c48aa1f5,southern hip hop
903,eb6d86b0-c466-4d0e-8cde-2147c48aa1f5,gangsta rap
903,eb6d86b0-c466-4d0e-8cde-2147c48aa1f5,mumble rap
903,eb6d86b0-c466-4d0e-8cde-2147c48aa1f5,trap
903,eb6d86b0-c466-4d0e-8cde-2147c48aa1f5,hip hop
904,eb903ff2-6b71-4e19-906d-8d05cf87de6a,neo-traditional country
904,eb903ff2-6b71-4e19-906d-8d05cf87de6a,honky tonk
904,eb903ff2-6b71-4e19-906d-8d05cf87de6a,neo-traditionalist country
904,eb903ff2-6b71-4e19-906d-8d05cf87de6a,country
904,eb903ff2-6b71-4e19-906d-8d05cf87de6a,2008 universal fire victim
904,eb903ff2-6b71-4e19-906d-8d05cf87de6a,texas country
905,ebaf2042-3a96-483f-9876-221f8ff512b8,pop rap
905,ebaf2042-3a96-483f-9876-221f8ff512b8,hip hop
905,ebaf2042-3a96-483f-9876-221f8ff512b8,trap
905,ebaf2042-3a96-483f-9876-221f8ff512b8,rap
905,ebaf2042-3a96-483f-9876-221f8ff512b8,r&b
905,ebaf2042-3a96-483f-9876-221f8ff512b8,modeschöpfer
905,ebaf2042-3a96-483f-9876-221f8ff512b8,businesspeople
905,ebaf2042-3a96-483f-9876-221f8ff512b8,musikproduzent
905,ebaf2042-3a96-483f-9876-221f8ff512b8,composers
905,ebaf2042-3a96-483f-9876-221f8ff512b8,singers
905,ebaf2042-3a96-483f-9876-221f8ff512b8,rap musicians
905,ebaf2042-3a96-483f-9876-221f8ff512b8,african american musicians
905,ebaf2042-3a96-483f-9876-221f8ff512b8,trap
905,ebaf2042-3a96-483f-9876-221f8ff512b8,hip hop
905,ebaf2042-3a96-483f-9876-221f8ff512b8,hardcore hip hop
905,ebaf2042-3a96-483f-9876-221f8ff512b8,pop
905,ebaf2042-3a96-483f-9876-221f8ff512b8,sound recording executives and producers
905,ebaf2042-3a96-483f-9876-221f8ff512b8,fashion designers
905,ebaf2042-3a96-483f-9876-221f8ff512b8,rapmusiker
905,ebaf2042-3a96-483f-9876-221f8ff512b8,singstimme
905,ebaf2042-3a96-483f-9876-221f8ff512b8,songwriter
905,ebaf2042-3a96-483f-9876-221f8ff512b8,grammy winner
905,ebaf2042-3a96-483f-9876-221f8ff512b8,chipmunk soul
905,ebaf2042-3a96-483f-9876-221f8ff512b8,boom bap
905,ebaf2042-3a96-483f-9876-221f8ff512b8,chipmunk soul
905,ebaf2042-3a96-483f-9876-221f8ff512b8,east coast hip hop
905,ebaf2042-3a96-483f-9876-221f8ff512b8,house
905,ebaf2042-3a96-483f-9876-221f8ff512b8,electropop
905,ebaf2042-3a96-483f-9876-221f8ff512b8,experimental hip hop
905,ebaf2042-3a96-483f-9876-221f8ff512b8,progressive rap
905,ebaf2042-3a96-483f-9876-221f8ff512b8,conscious hip hop
905,ebaf2042-3a96-483f-9876-221f8ff512b8,deep house
905,ebaf2042-3a96-483f-9876-221f8ff512b8,regisseur
905,ebaf2042-3a96-483f-9876-221f8ff512b8,pop
905,ebaf2042-3a96-483f-9876-221f8ff512b8,hip hop
905,ebaf2042-3a96-483f-9876-221f8ff512b8,producer
905,ebaf2042-3a96-483f-9876-221f8ff512b8,pop rap
905,ebaf2042-3a96-483f-9876-221f8ff512b8,gospel music
905,ebaf2042-3a96-483f-9876-221f8ff512b8,christian hip hop
905,ebaf2042-3a96-483f-9876-221f8ff512b8,contemporary rap
905,ebaf2042-3a96-483f-9876-221f8ff512b8,midwest rap
905,ebaf2042-3a96-483f-9876-221f8ff512b8,contemporary r&b
905,ebaf2042-3a96-483f-9876-221f8ff512b8,future bass
905,ebaf2042-3a96-483f-9876-221f8ff512b8,pop rap
905,ebaf2042-3a96-483f-9876-221f8ff512b8,southern hip hop
905,ebaf2042-3a96-483f-9876-221f8ff512b8,r&b
905,ebaf2042-3a96-483f-9876-221f8ff512b8,detroit hip hop
906,ec2c781d-4709-4852-a3f2-e78082154bac,
907,ec73b29b-d36a-4cdc-8e40-b087aaaa5b69,psychedelic rock
907,ec73b29b-d36a-4cdc-8e40-b087aaaa5b69,alternative/indie rock
907,ec73b29b-d36a-4cdc-8e40-b087aaaa5b69,melodic metalcore
907,ec73b29b-d36a-4cdc-8e40-b087aaaa5b69,electronic rock
907,ec73b29b-d36a-4cdc-8e40-b087aaaa5b69,deathcore
907,ec73b29b-d36a-4cdc-8e40-b087aaaa5b69,post-hardcore
907,ec73b29b-d36a-4cdc-8e40-b087aaaa5b69,pop rock
907,ec73b29b-d36a-4cdc-8e40-b087aaaa5b69,alternative metal
907,ec73b29b-d36a-4cdc-8e40-b087aaaa5b69,screamo
907,ec73b29b-d36a-4cdc-8e40-b087aaaa5b69,emo
907,ec73b29b-d36a-4cdc-8e40-b087aaaa5b69,nu metal
907,ec73b29b-d36a-4cdc-8e40-b087aaaa5b69,hard rock
907,ec73b29b-d36a-4cdc-8e40-b087aaaa5b69,metalcore
907,ec73b29b-d36a-4cdc-8e40-b087aaaa5b69,house
907,ec73b29b-d36a-4cdc-8e40-b087aaaa5b69,heavy metal
907,ec73b29b-d36a-4cdc-8e40-b087aaaa5b69,drum and bass
907,ec73b29b-d36a-4cdc-8e40-b087aaaa5b69,alternative rock
907,ec73b29b-d36a-4cdc-8e40-b087aaaa5b69,pop
907,ec73b29b-d36a-4cdc-8e40-b087aaaa5b69,electronic
907,ec73b29b-d36a-4cdc-8e40-b087aaaa5b69,rock
908,ecaaf9c2-d6ec-43d0-ae8e-30a87b46d4fd,metalcore
908,ecaaf9c2-d6ec-43d0-ae8e-30a87b46d4fd,post-hardcore
908,ecaaf9c2-d6ec-43d0-ae8e-30a87b46d4fd,alternative rock
909,ece0d46d-e6af-4d19-97cd-979f0f720eb9,experimental rock
909,ece0d46d-e6af-4d19-97cd-979f0f720eb9,swancore
909,ece0d46d-e6af-4d19-97cd-979f0f720eb9,progressive rock
909,ece0d46d-e6af-4d19-97cd-979f0f720eb9,screamo
909,ece0d46d-e6af-4d19-97cd-979f0f720eb9,emo
909,ece0d46d-e6af-4d19-97cd-979f0f720eb9,math rock
909,ece0d46d-e6af-4d19-97cd-979f0f720eb9,rock
909,ece0d46d-e6af-4d19-97cd-979f0f720eb9,metalcore
909,ece0d46d-e6af-4d19-97cd-979f0f720eb9,experimental
909,ece0d46d-e6af-4d19-97cd-979f0f720eb9,alternative/indie rock
909,ece0d46d-e6af-4d19-97cd-979f0f720eb9,emocore
909,ece0d46d-e6af-4d19-97cd-979f0f720eb9,hardcore
909,ece0d46d-e6af-4d19-97cd-979f0f720eb9,post-hardcore
909,ece0d46d-e6af-4d19-97cd-979f0f720eb9,pop
910,ed0d814a-634f-413e-a810-a79523850649,alternative r&b
910,ed0d814a-634f-413e-a810-a79523850649,top 5
910,ed0d814a-634f-413e-a810-a79523850649,southern hip hop
910,ed0d814a-634f-413e-a810-a79523850649,trap
910,ed0d814a-634f-413e-a810-a79523850649,hip-hop
910,ed0d814a-634f-413e-a810-a79523850649,trap rap
910,ed0d814a-634f-413e-a810-a79523850649,top 100
910,ed0d814a-634f-413e-a810-a79523850649,hardcore hip hop
910,ed0d814a-634f-413e-a810-a79523850649,pop
910,ed0d814a-634f-413e-a810-a79523850649,rap
910,ed0d814a-634f-413e-a810-a79523850649,pop rap
910,ed0d814a-634f-413e-a810-a79523850649,contemporary r&b
910,ed0d814a-634f-413e-a810-a79523850649,sxsw
910,ed0d814a-634f-413e-a810-a79523850649,hip hop
910,ed0d814a-634f-413e-a810-a79523850649,top 10
910,ed0d814a-634f-413e-a810-a79523850649,r&b
911,ed43ac8c-97b5-4d3e-b11c-14add923fb70,alternative rock
911,ed43ac8c-97b5-4d3e-b11c-14add923fb70,post-hardcore
911,ed43ac8c-97b5-4d3e-b11c-14add923fb70,metalcore
912,ed5be156-858a-4308-b7c5-2060580c964e,west coast hip hop
912,ed5be156-858a-4308-b7c5-2060580c964e,gangsta rap
912,ed5be156-858a-4308-b7c5-2060580c964e,hardcore hip hop
912,ed5be156-858a-4308-b7c5-2060580c964e,hip hop
912,ed5be156-858a-4308-b7c5-2060580c964e,trap
913,ed9c219a-bf96-4932-b335-f2d0503277c7,post-hardcore
913,ed9c219a-bf96-4932-b335-f2d0503277c7,metalcore
913,ed9c219a-bf96-4932-b335-f2d0503277c7,alternative rock
914,eda1193d-bc43-461d-a77e-1419732e8ffd,indie pop
914,eda1193d-bc43-461d-a77e-1419732e8ffd,alternative rock
914,eda1193d-bc43-461d-a77e-1419732e8ffd,tumblr
915,ee04a1cd-70da-4eb9-a1a2-b0bdde818df3,alternative
915,ee04a1cd-70da-4eb9-a1a2-b0bdde818df3,post-hardcore
915,ee04a1cd-70da-4eb9-a1a2-b0bdde818df3,pop punk
915,ee04a1cd-70da-4eb9-a1a2-b0bdde818df3,progressive rock
915,ee04a1cd-70da-4eb9-a1a2-b0bdde818df3,alternative/indie rock
915,ee04a1cd-70da-4eb9-a1a2-b0bdde818df3,experimental rock
915,ee04a1cd-70da-4eb9-a1a2-b0bdde818df3,screamo
915,ee04a1cd-70da-4eb9-a1a2-b0bdde818df3,emo
915,ee04a1cd-70da-4eb9-a1a2-b0bdde818df3,pop
915,ee04a1cd-70da-4eb9-a1a2-b0bdde818df3,hardcore punk
915,ee04a1cd-70da-4eb9-a1a2-b0bdde818df3,rock
915,ee04a1cd-70da-4eb9-a1a2-b0bdde818df3,pop screamo
915,ee04a1cd-70da-4eb9-a1a2-b0bdde818df3,easycore
915,ee04a1cd-70da-4eb9-a1a2-b0bdde818df3,melodic hardcore
915,ee04a1cd-70da-4eb9-a1a2-b0bdde818df3,alternative rock
915,ee04a1cd-70da-4eb9-a1a2-b0bdde818df3,pop rock
915,ee04a1cd-70da-4eb9-a1a2-b0bdde818df3,millennial
915,ee04a1cd-70da-4eb9-a1a2-b0bdde818df3,scene
916,ee1ab78f-dd35-4684-a67d-eb74f9d5e6ef,
917,ee458835-f356-4b20-b6ac-03bc2f7f3d9e,alternative r&b
917,ee458835-f356-4b20-b6ac-03bc2f7f3d9e,2010s
917,ee458835-f356-4b20-b6ac-03bc2f7f3d9e,2020s
917,ee458835-f356-4b20-b6ac-03bc2f7f3d9e,dance-pop
917,ee458835-f356-4b20-b6ac-03bc2f7f3d9e,r&b
917,ee458835-f356-4b20-b6ac-03bc2f7f3d9e,contemporary r&b
917,ee458835-f356-4b20-b6ac-03bc2f7f3d9e,hypnagogic pop
917,ee458835-f356-4b20-b6ac-03bc2f7f3d9e,synth-pop
917,ee458835-f356-4b20-b6ac-03bc2f7f3d9e,pop
918,ee75011b-48e8-40f2-b14c-b008cc4891dc,gangsta rap
918,ee75011b-48e8-40f2-b14c-b008cc4891dc,hip hop
918,ee75011b-48e8-40f2-b14c-b008cc4891dc,pop rap
918,ee75011b-48e8-40f2-b14c-b008cc4891dc,hardcore hip hop
918,ee75011b-48e8-40f2-b14c-b008cc4891dc,trap
918,ee75011b-48e8-40f2-b14c-b008cc4891dc,gangsta rap
918,ee75011b-48e8-40f2-b14c-b008cc4891dc,east coast hip hop
918,ee75011b-48e8-40f2-b14c-b008cc4891dc,luxury rap
918,ee75011b-48e8-40f2-b14c-b008cc4891dc,english
918,ee75011b-48e8-40f2-b14c-b008cc4891dc,rap
918,ee75011b-48e8-40f2-b14c-b008cc4891dc,trap rap
918,ee75011b-48e8-40f2-b14c-b008cc4891dc,southern hip hop
918,ee75011b-48e8-40f2-b14c-b008cc4891dc,hip hop
919,ee7a3631-2e34-4f45-9e1d-4c24e0dbccb8,alternative/indie rock
919,ee7a3631-2e34-4f45-9e1d-4c24e0dbccb8,experimental rock
919,ee7a3631-2e34-4f45-9e1d-4c24e0dbccb8,emocore
919,ee7a3631-2e34-4f45-9e1d-4c24e0dbccb8,emo
919,ee7a3631-2e34-4f45-9e1d-4c24e0dbccb8,progressive rock
919,ee7a3631-2e34-4f45-9e1d-4c24e0dbccb8,metalcore
919,ee7a3631-2e34-4f45-9e1d-4c24e0dbccb8,hardcore
919,ee7a3631-2e34-4f45-9e1d-4c24e0dbccb8,post-hardcore
919,ee7a3631-2e34-4f45-9e1d-4c24e0dbccb8,pop
919,ee7a3631-2e34-4f45-9e1d-4c24e0dbccb8,math rock
919,ee7a3631-2e34-4f45-9e1d-4c24e0dbccb8,rock
919,ee7a3631-2e34-4f45-9e1d-4c24e0dbccb8,swancore
919,ee7a3631-2e34-4f45-9e1d-4c24e0dbccb8,screamo
919,ee7a3631-2e34-4f45-9e1d-4c24e0dbccb8,experimental
920,eee5b5ec-99ed-42cf-bf20-d3f157f8c289,rap
920,eee5b5ec-99ed-42cf-bf20-d3f157f8c289,trap
920,eee5b5ec-99ed-42cf-bf20-d3f157f8c289,gangsta rap
920,eee5b5ec-99ed-42cf-bf20-d3f157f8c289,hardcore hip hop
920,eee5b5ec-99ed-42cf-bf20-d3f157f8c289,pop
920,eee5b5ec-99ed-42cf-bf20-d3f157f8c289,contemporary r&b
920,eee5b5ec-99ed-42cf-bf20-d3f157f8c289,r&b
920,eee5b5ec-99ed-42cf-bf20-d3f157f8c289,trap rap
920,eee5b5ec-99ed-42cf-bf20-d3f157f8c289,sxsw
920,eee5b5ec-99ed-42cf-bf20-d3f157f8c289,hip hop
920,eee5b5ec-99ed-42cf-bf20-d3f157f8c289,hip-hop
920,eee5b5ec-99ed-42cf-bf20-d3f157f8c289,east coast hip hop
920,eee5b5ec-99ed-42cf-bf20-d3f157f8c289,alternative r&b
920,eee5b5ec-99ed-42cf-bf20-d3f157f8c289,trap
920,eee5b5ec-99ed-42cf-bf20-d3f157f8c289,southern hip hop
920,eee5b5ec-99ed-42cf-bf20-d3f157f8c289,hip hop
920,eee5b5ec-99ed-42cf-bf20-d3f157f8c289,pop rap
920,eee5b5ec-99ed-42cf-bf20-d3f157f8c289,top 10
920,eee5b5ec-99ed-42cf-bf20-d3f157f8c289,top 100
920,eee5b5ec-99ed-42cf-bf20-d3f157f8c289,top 5
921,ef18db45-8efa-40df-8ebe-843cc4a5c9d1,indie pop
921,ef18db45-8efa-40df-8ebe-843cc4a5c9d1,bedroom pop
921,ef18db45-8efa-40df-8ebe-843cc4a5c9d1,bedroom pop
921,ef18db45-8efa-40df-8ebe-843cc4a5c9d1,queer
921,ef18db45-8efa-40df-8ebe-843cc4a5c9d1,alternative r&b
921,ef18db45-8efa-40df-8ebe-843cc4a5c9d1,r&b
921,ef18db45-8efa-40df-8ebe-843cc4a5c9d1,alternative pop
921,ef18db45-8efa-40df-8ebe-843cc4a5c9d1,soft rock
921,ef18db45-8efa-40df-8ebe-843cc4a5c9d1,alternative r&b
922,ef1ede91-0ac8-48f8-ab8b-811d53332190,metalcore
922,ef1ede91-0ac8-48f8-ab8b-811d53332190,alternative metal
922,ef1ede91-0ac8-48f8-ab8b-811d53332190,post-hardcore
922,ef1ede91-0ac8-48f8-ab8b-811d53332190,metal
922,ef1ede91-0ac8-48f8-ab8b-811d53332190,heavy metal
923,ef1fc61b-52b2-4aaa-9340-3ffaadc0d300,
924,ef397bc2-99f2-4a0e-a84a-d6717ac82350,gangsta rap
924,ef397bc2-99f2-4a0e-a84a-d6717ac82350,jazz
924,ef397bc2-99f2-4a0e-a84a-d6717ac82350,progressive rap
924,ef397bc2-99f2-4a0e-a84a-d6717ac82350,disco
924,ef397bc2-99f2-4a0e-a84a-d6717ac82350,dance
924,ef397bc2-99f2-4a0e-a84a-d6717ac82350,house
924,ef397bc2-99f2-4a0e-a84a-d6717ac82350,future bass
924,ef397bc2-99f2-4a0e-a84a-d6717ac82350,contemporary rap
924,ef397bc2-99f2-4a0e-a84a-d6717ac82350,conscious rapper
924,ef397bc2-99f2-4a0e-a84a-d6717ac82350,2010s
924,ef397bc2-99f2-4a0e-a84a-d6717ac82350,2020s
924,ef397bc2-99f2-4a0e-a84a-d6717ac82350,gangsta rap
924,ef397bc2-99f2-4a0e-a84a-d6717ac82350,alternative hip hop
924,ef397bc2-99f2-4a0e-a84a-d6717ac82350,jazz rap
924,ef397bc2-99f2-4a0e-a84a-d6717ac82350,conscious hip hop
924,ef397bc2-99f2-4a0e-a84a-d6717ac82350,hip hop
924,ef397bc2-99f2-4a0e-a84a-d6717ac82350,hardcore hip hop
924,ef397bc2-99f2-4a0e-a84a-d6717ac82350,west coast hip hop
924,ef397bc2-99f2-4a0e-a84a-d6717ac82350,rap
924,ef397bc2-99f2-4a0e-a84a-d6717ac82350,r&b
924,ef397bc2-99f2-4a0e-a84a-d6717ac82350,pop rap
924,ef397bc2-99f2-4a0e-a84a-d6717ac82350,trap
924,ef397bc2-99f2-4a0e-a84a-d6717ac82350,pop
924,ef397bc2-99f2-4a0e-a84a-d6717ac82350,hardcore hip hop
924,ef397bc2-99f2-4a0e-a84a-d6717ac82350,hip hop
924,ef397bc2-99f2-4a0e-a84a-d6717ac82350,trap
924,ef397bc2-99f2-4a0e-a84a-d6717ac82350,west coast hip hop
925,ef40ecd2-4105-4594-8f55-18f3bae25c76,rap
925,ef40ecd2-4105-4594-8f55-18f3bae25c76,hip hop
925,ef40ecd2-4105-4594-8f55-18f3bae25c76,trap
925,ef40ecd2-4105-4594-8f55-18f3bae25c76,hip hop
926,efff0d99-5b0b-455d-b528-9c2b26e762db,electronic
926,efff0d99-5b0b-455d-b528-9c2b26e762db,hard rock
926,efff0d99-5b0b-455d-b528-9c2b26e762db,metalcore
926,efff0d99-5b0b-455d-b528-9c2b26e762db,house
926,efff0d99-5b0b-455d-b528-9c2b26e762db,heavy metal
926,efff0d99-5b0b-455d-b528-9c2b26e762db,drum and bass
926,efff0d99-5b0b-455d-b528-9c2b26e762db,alternative rock
926,efff0d99-5b0b-455d-b528-9c2b26e762db,pop
926,efff0d99-5b0b-455d-b528-9c2b26e762db,rock
926,efff0d99-5b0b-455d-b528-9c2b26e762db,alternative/indie rock
926,efff0d99-5b0b-455d-b528-9c2b26e762db,melodic metalcore
926,efff0d99-5b0b-455d-b528-9c2b26e762db,electronic rock
926,efff0d99-5b0b-455d-b528-9c2b26e762db,deathcore
926,efff0d99-5b0b-455d-b528-9c2b26e762db,post-hardcore
926,efff0d99-5b0b-455d-b528-9c2b26e762db,pop rock
926,efff0d99-5b0b-455d-b528-9c2b26e762db,alternative metal
926,efff0d99-5b0b-455d-b528-9c2b26e762db,psychedelic rock
926,efff0d99-5b0b-455d-b528-9c2b26e762db,screamo
926,efff0d99-5b0b-455d-b528-9c2b26e762db,emo
926,efff0d99-5b0b-455d-b528-9c2b26e762db,nu metal
927,f021e389-2a8e-4e6c-88ba-cff841cf6d3b,pop
928,f0687195-f87b-4749-80ae-e68c98ad2848,outlaw country
928,f0687195-f87b-4749-80ae-e68c98ad2848,country rock
928,f0687195-f87b-4749-80ae-e68c98ad2848,country
929,f069fca4-97f8-4bb1-a627-8881a0bf5240,country
929,f069fca4-97f8-4bb1-a627-8881a0bf5240,2020s
929,f069fca4-97f8-4bb1-a627-8881a0bf5240,country
929,f069fca4-97f8-4bb1-a627-8881a0bf5240,hard rock
929,f069fca4-97f8-4bb1-a627-8881a0bf5240,country pop
929,f069fca4-97f8-4bb1-a627-8881a0bf5240,country pop
930,f078699c-9b68-4040-9ba4-b1e4f7d86598,psychedelic rock
930,f078699c-9b68-4040-9ba4-b1e4f7d86598,neo-disco
930,f078699c-9b68-4040-9ba4-b1e4f7d86598,left-field pop
930,f078699c-9b68-4040-9ba4-b1e4f7d86598,psychedellic rock
930,f078699c-9b68-4040-9ba4-b1e4f7d86598,alternative/indie rock
930,f078699c-9b68-4040-9ba4-b1e4f7d86598,neo-psychedelic
930,f078699c-9b68-4040-9ba4-b1e4f7d86598,dance music
930,f078699c-9b68-4040-9ba4-b1e4f7d86598,chill
930,f078699c-9b68-4040-9ba4-b1e4f7d86598,cover
930,f078699c-9b68-4040-9ba4-b1e4f7d86598,indietronica
930,f078699c-9b68-4040-9ba4-b1e4f7d86598,australia
930,f078699c-9b68-4040-9ba4-b1e4f7d86598,alternative dance
930,f078699c-9b68-4040-9ba4-b1e4f7d86598,dream pop
930,f078699c-9b68-4040-9ba4-b1e4f7d86598,neo-psychedelia
930,f078699c-9b68-4040-9ba4-b1e4f7d86598,rock
930,f078699c-9b68-4040-9ba4-b1e4f7d86598,pop
930,f078699c-9b68-4040-9ba4-b1e4f7d86598,alternative rock
930,f078699c-9b68-4040-9ba4-b1e4f7d86598,australian
930,f078699c-9b68-4040-9ba4-b1e4f7d86598,perth
930,f078699c-9b68-4040-9ba4-b1e4f7d86598,indie rock
930,f078699c-9b68-4040-9ba4-b1e4f7d86598,remix
930,f078699c-9b68-4040-9ba4-b1e4f7d86598,indie
930,f078699c-9b68-4040-9ba4-b1e4f7d86598,alternative
930,f078699c-9b68-4040-9ba4-b1e4f7d86598,space rock
930,f078699c-9b68-4040-9ba4-b1e4f7d86598,psychedelic pop
930,f078699c-9b68-4040-9ba4-b1e4f7d86598,leftfield
930,f078699c-9b68-4040-9ba4-b1e4f7d86598,psychedelic
930,f078699c-9b68-4040-9ba4-b1e4f7d86598,synth-pop
931,f08631f4-78c7-4fef-99e3-b915c6ecafa1,alternative rock
931,f08631f4-78c7-4fef-99e3-b915c6ecafa1,emo-pop
931,f08631f4-78c7-4fef-99e3-b915c6ecafa1,alternative/indie rock
931,f08631f4-78c7-4fef-99e3-b915c6ecafa1,electropop
931,f08631f4-78c7-4fef-99e3-b915c6ecafa1,pop
931,f08631f4-78c7-4fef-99e3-b915c6ecafa1,emo pop
931,f08631f4-78c7-4fef-99e3-b915c6ecafa1,alternative
931,f08631f4-78c7-4fef-99e3-b915c6ecafa1,emo
931,f08631f4-78c7-4fef-99e3-b915c6ecafa1,punk
931,f08631f4-78c7-4fef-99e3-b915c6ecafa1,indie rock
931,f08631f4-78c7-4fef-99e3-b915c6ecafa1,pop punk
931,f08631f4-78c7-4fef-99e3-b915c6ecafa1,pop rock
932,f0e35e73-739c-48da-a443-5acb060c0370,rock
932,f0e35e73-739c-48da-a443-5acb060c0370,hard rock
932,f0e35e73-739c-48da-a443-5acb060c0370,alternative rock
933,f110dbe1-6124-4b8b-b19e-159ab8194eef,hard rock
933,f110dbe1-6124-4b8b-b19e-159ab8194eef,nu metal
933,f110dbe1-6124-4b8b-b19e-159ab8194eef,rock
933,f110dbe1-6124-4b8b-b19e-159ab8194eef,alternative metal
934,f1ffbd05-d86b-402f-baf3-2e6bfb54f96c,alternative metal
934,f1ffbd05-d86b-402f-baf3-2e6bfb54f96c,art pop
934,f1ffbd05-d86b-402f-baf3-2e6bfb54f96c,djent
934,f1ffbd05-d86b-402f-baf3-2e6bfb54f96c,alternative r&b
934,f1ffbd05-d86b-402f-baf3-2e6bfb54f96c,progressive metal
934,f1ffbd05-d86b-402f-baf3-2e6bfb54f96c,progressive rock
934,f1ffbd05-d86b-402f-baf3-2e6bfb54f96c,alternative pop
935,f21f5e67-fa0d-4c97-993f-887135d0f589,pop screamo
935,f21f5e67-fa0d-4c97-993f-887135d0f589,millennial
935,f21f5e67-fa0d-4c97-993f-887135d0f589,progressive rock
935,f21f5e67-fa0d-4c97-993f-887135d0f589,alternative/indie rock
935,f21f5e67-fa0d-4c97-993f-887135d0f589,experimental rock
935,f21f5e67-fa0d-4c97-993f-887135d0f589,emo
935,f21f5e67-fa0d-4c97-993f-887135d0f589,scene
935,f21f5e67-fa0d-4c97-993f-887135d0f589,rock
935,f21f5e67-fa0d-4c97-993f-887135d0f589,pop rock
935,f21f5e67-fa0d-4c97-993f-887135d0f589,pop punk
935,f21f5e67-fa0d-4c97-993f-887135d0f589,post-hardcore
935,f21f5e67-fa0d-4c97-993f-887135d0f589,alternative
935,f21f5e67-fa0d-4c97-993f-887135d0f589,alternative rock
935,f21f5e67-fa0d-4c97-993f-887135d0f589,hardcore punk
935,f21f5e67-fa0d-4c97-993f-887135d0f589,pop
935,f21f5e67-fa0d-4c97-993f-887135d0f589,melodic hardcore
935,f21f5e67-fa0d-4c97-993f-887135d0f589,screamo
935,f21f5e67-fa0d-4c97-993f-887135d0f589,easycore
936,f229d485-b75a-4477-aac7-664e61082382,
937,f255643d-fde3-41a3-a004-5daaf58e27fa,post-hardcore
937,f255643d-fde3-41a3-a004-5daaf58e27fa,metal
937,f255643d-fde3-41a3-a004-5daaf58e27fa,post-metalcore
937,f255643d-fde3-41a3-a004-5daaf58e27fa,metalcore
938,f27b1185-5016-4951-8963-076379bef97c,trap
938,f27b1185-5016-4951-8963-076379bef97c,hip hop
938,f27b1185-5016-4951-8963-076379bef97c,country
938,f27b1185-5016-4951-8963-076379bef97c,pop rap
938,f27b1185-5016-4951-8963-076379bef97c,2020s
938,f27b1185-5016-4951-8963-076379bef97c,english
938,f27b1185-5016-4951-8963-076379bef97c,r&b
938,f27b1185-5016-4951-8963-076379bef97c,contemporary r&b
938,f27b1185-5016-4951-8963-076379bef97c,2010s
938,f27b1185-5016-4951-8963-076379bef97c,cloud rap
938,f27b1185-5016-4951-8963-076379bef97c,alternative r&b
939,f2aea3a7-07b5-4ebb-b035-a08d29d1542d,tumblr
939,f2aea3a7-07b5-4ebb-b035-a08d29d1542d,alternative rock
939,f2aea3a7-07b5-4ebb-b035-a08d29d1542d,indie pop
940,f2bd2dc5-46c5-49e8-a083-5f58f62606ae,post-hardcore
940,f2bd2dc5-46c5-49e8-a083-5f58f62606ae,rock
941,f2c013bb-1f24-4d8b-8f06-110af4bb0b27,contemporary r&b
941,f2c013bb-1f24-4d8b-8f06-110af4bb0b27,r&b
941,f2c013bb-1f24-4d8b-8f06-110af4bb0b27,dancehall
941,f2c013bb-1f24-4d8b-8f06-110af4bb0b27,hip hop
941,f2c013bb-1f24-4d8b-8f06-110af4bb0b27,alternative r&b
941,f2c013bb-1f24-4d8b-8f06-110af4bb0b27,alternative hip hop
941,f2c013bb-1f24-4d8b-8f06-110af4bb0b27,canadian hip hop
942,f2c1ef66-a862-4570-87c5-c9110beb51bb,trap
942,f2c1ef66-a862-4570-87c5-c9110beb51bb,southern hip hop
942,f2c1ef66-a862-4570-87c5-c9110beb51bb,experimental hip hop
942,f2c1ef66-a862-4570-87c5-c9110beb51bb,pop rap
942,f2c1ef66-a862-4570-87c5-c9110beb51bb,hip hop
942,f2c1ef66-a862-4570-87c5-c9110beb51bb,english
942,f2c1ef66-a862-4570-87c5-c9110beb51bb,rap
943,f2d5bc53-64d7-4776-b7c9-12e076e53fc6,pop rap
943,f2d5bc53-64d7-4776-b7c9-12e076e53fc6,pop
943,f2d5bc53-64d7-4776-b7c9-12e076e53fc6,trap
943,f2d5bc53-64d7-4776-b7c9-12e076e53fc6,hip hop
943,f2d5bc53-64d7-4776-b7c9-12e076e53fc6,conscious hip hop
943,f2d5bc53-64d7-4776-b7c9-12e076e53fc6,jazz rap
943,f2d5bc53-64d7-4776-b7c9-12e076e53fc6,alternative hip hop
943,f2d5bc53-64d7-4776-b7c9-12e076e53fc6,gangsta rap
943,f2d5bc53-64d7-4776-b7c9-12e076e53fc6,2020s
943,f2d5bc53-64d7-4776-b7c9-12e076e53fc6,2010s
943,f2d5bc53-64d7-4776-b7c9-12e076e53fc6,conscious rapper
943,f2d5bc53-64d7-4776-b7c9-12e076e53fc6,contemporary rap
943,f2d5bc53-64d7-4776-b7c9-12e076e53fc6,west coast hip hop
943,f2d5bc53-64d7-4776-b7c9-12e076e53fc6,future bass
943,f2d5bc53-64d7-4776-b7c9-12e076e53fc6,house
943,f2d5bc53-64d7-4776-b7c9-12e076e53fc6,dance
943,f2d5bc53-64d7-4776-b7c9-12e076e53fc6,disco
943,f2d5bc53-64d7-4776-b7c9-12e076e53fc6,progressive rap
943,f2d5bc53-64d7-4776-b7c9-12e076e53fc6,jazz
943,f2d5bc53-64d7-4776-b7c9-12e076e53fc6,hardcore hip hop
943,f2d5bc53-64d7-4776-b7c9-12e076e53fc6,english
943,f2d5bc53-64d7-4776-b7c9-12e076e53fc6,hip hop
943,f2d5bc53-64d7-4776-b7c9-12e076e53fc6,trap
943,f2d5bc53-64d7-4776-b7c9-12e076e53fc6,2020s
943,f2d5bc53-64d7-4776-b7c9-12e076e53fc6,rap
943,f2d5bc53-64d7-4776-b7c9-12e076e53fc6,r&b
943,f2d5bc53-64d7-4776-b7c9-12e076e53fc6,rap
944,f353928a-8651-4cd3-b1a1-0177b4d04000,rock
944,f353928a-8651-4cd3-b1a1-0177b4d04000,pop rock
944,f353928a-8651-4cd3-b1a1-0177b4d04000,screamo
944,f353928a-8651-4cd3-b1a1-0177b4d04000,alternative/indie rock
944,f353928a-8651-4cd3-b1a1-0177b4d04000,alternative rock
944,f353928a-8651-4cd3-b1a1-0177b4d04000,melodic hardcore
944,f353928a-8651-4cd3-b1a1-0177b4d04000,progressive rock
944,f353928a-8651-4cd3-b1a1-0177b4d04000,scene
944,f353928a-8651-4cd3-b1a1-0177b4d04000,pop punk
944,f353928a-8651-4cd3-b1a1-0177b4d04000,pop
944,f353928a-8651-4cd3-b1a1-0177b4d04000,hardcore punk
944,f353928a-8651-4cd3-b1a1-0177b4d04000,experimental rock
944,f353928a-8651-4cd3-b1a1-0177b4d04000,post-hardcore
944,f353928a-8651-4cd3-b1a1-0177b4d04000,millennial
944,f353928a-8651-4cd3-b1a1-0177b4d04000,easycore
944,f353928a-8651-4cd3-b1a1-0177b4d04000,emo
944,f353928a-8651-4cd3-b1a1-0177b4d04000,pop screamo
944,f353928a-8651-4cd3-b1a1-0177b4d04000,alternative
945,f3f44d7c-0a28-4fcd-9eb7-0837acdb702a,progressive rap
945,f3f44d7c-0a28-4fcd-9eb7-0837acdb702a,rap musicians
945,f3f44d7c-0a28-4fcd-9eb7-0837acdb702a,dance-pop
945,f3f44d7c-0a28-4fcd-9eb7-0837acdb702a,tropical house
945,f3f44d7c-0a28-4fcd-9eb7-0837acdb702a,pop
945,f3f44d7c-0a28-4fcd-9eb7-0837acdb702a,pop rap
945,f3f44d7c-0a28-4fcd-9eb7-0837acdb702a,r&b
945,f3f44d7c-0a28-4fcd-9eb7-0837acdb702a,contemporary country
945,f3f44d7c-0a28-4fcd-9eb7-0837acdb702a,reggaeton
945,f3f44d7c-0a28-4fcd-9eb7-0837acdb702a,southern hip hop
945,f3f44d7c-0a28-4fcd-9eb7-0837acdb702a,english
945,f3f44d7c-0a28-4fcd-9eb7-0837acdb702a,hip hop
945,f3f44d7c-0a28-4fcd-9eb7-0837acdb702a,trap
945,f3f44d7c-0a28-4fcd-9eb7-0837acdb702a,experimental hip hop
945,f3f44d7c-0a28-4fcd-9eb7-0837acdb702a,rap
945,f3f44d7c-0a28-4fcd-9eb7-0837acdb702a,southern hip hop
945,f3f44d7c-0a28-4fcd-9eb7-0837acdb702a,mumble rap
945,f3f44d7c-0a28-4fcd-9eb7-0837acdb702a,hip hop
945,f3f44d7c-0a28-4fcd-9eb7-0837acdb702a,teen pop
945,f3f44d7c-0a28-4fcd-9eb7-0837acdb702a,2010s
945,f3f44d7c-0a28-4fcd-9eb7-0837acdb702a,2020s
945,f3f44d7c-0a28-4fcd-9eb7-0837acdb702a,pop rap
945,f3f44d7c-0a28-4fcd-9eb7-0837acdb702a,rap
945,f3f44d7c-0a28-4fcd-9eb7-0837acdb702a,trap
946,f403f2f0-5744-4519-8237-8cf18eb0ec25,hip hop
946,f403f2f0-5744-4519-8237-8cf18eb0ec25,west coast hip hop
946,f403f2f0-5744-4519-8237-8cf18eb0ec25,trap
947,f43b69cc-4a8f-4798-b20a-6b1ef2230115,pop punk
947,f43b69cc-4a8f-4798-b20a-6b1ef2230115,pop rock
947,f43b69cc-4a8f-4798-b20a-6b1ef2230115,punk
948,f4d006a6-54b6-494a-93ec-bfdb52e5dc2b,sxsw
948,f4d006a6-54b6-494a-93ec-bfdb52e5dc2b,top 10
948,f4d006a6-54b6-494a-93ec-bfdb52e5dc2b,alternative r&b
948,f4d006a6-54b6-494a-93ec-bfdb52e5dc2b,rap
948,f4d006a6-54b6-494a-93ec-bfdb52e5dc2b,top 5
948,f4d006a6-54b6-494a-93ec-bfdb52e5dc2b,top 100
948,f4d006a6-54b6-494a-93ec-bfdb52e5dc2b,hip hop
948,f4d006a6-54b6-494a-93ec-bfdb52e5dc2b,trap
948,f4d006a6-54b6-494a-93ec-bfdb52e5dc2b,southern hip hop
948,f4d006a6-54b6-494a-93ec-bfdb52e5dc2b,hardcore hip hop
948,f4d006a6-54b6-494a-93ec-bfdb52e5dc2b,pop rap
948,f4d006a6-54b6-494a-93ec-bfdb52e5dc2b,contemporary r&b
948,f4d006a6-54b6-494a-93ec-bfdb52e5dc2b,r&b
948,f4d006a6-54b6-494a-93ec-bfdb52e5dc2b,hip-hop
948,f4d006a6-54b6-494a-93ec-bfdb52e5dc2b,pop
948,f4d006a6-54b6-494a-93ec-bfdb52e5dc2b,trap rap
949,f5214968-0cba-41ea-9a49-c303bdd80bdf,nu metal
950,f58928ac-63c8-436e-bd13-e884c76a0d85,contemporary r&b
950,f58928ac-63c8-436e-bd13-e884c76a0d85,2020s
950,f58928ac-63c8-436e-bd13-e884c76a0d85,alternative r&b
950,f58928ac-63c8-436e-bd13-e884c76a0d85,southern hip hop
950,f58928ac-63c8-436e-bd13-e884c76a0d85,rapper
950,f58928ac-63c8-436e-bd13-e884c76a0d85,trap
950,f58928ac-63c8-436e-bd13-e884c76a0d85,r&b
950,f58928ac-63c8-436e-bd13-e884c76a0d85,pop
950,f58928ac-63c8-436e-bd13-e884c76a0d85,singer-songwriter
950,f58928ac-63c8-436e-bd13-e884c76a0d85,neo soul
950,f58928ac-63c8-436e-bd13-e884c76a0d85,hip hop
951,f59bc7f4-bfd1-4b14-acb0-b8b6c58786c5,east coast hip hop
951,f59bc7f4-bfd1-4b14-acb0-b8b6c58786c5,cloud rap
951,f59bc7f4-bfd1-4b14-acb0-b8b6c58786c5,trap
951,f59bc7f4-bfd1-4b14-acb0-b8b6c58786c5,pop rap
951,f59bc7f4-bfd1-4b14-acb0-b8b6c58786c5,rage
951,f59bc7f4-bfd1-4b14-acb0-b8b6c58786c5,hip hop
951,f59bc7f4-bfd1-4b14-acb0-b8b6c58786c5,proto-rage
951,f59bc7f4-bfd1-4b14-acb0-b8b6c58786c5,millennial
951,f59bc7f4-bfd1-4b14-acb0-b8b6c58786c5,2010s
951,f59bc7f4-bfd1-4b14-acb0-b8b6c58786c5,pescetarian
951,f59bc7f4-bfd1-4b14-acb0-b8b6c58786c5,emo rap
951,f59bc7f4-bfd1-4b14-acb0-b8b6c58786c5,2020s
952,f5a072b0-ca15-4ffd-85aa-3a080c71c540,house
953,f5ebda46-381f-402e-9b64-980cd0b80b55,garage rock
953,f5ebda46-381f-402e-9b64-980cd0b80b55,blues rock
954,f5ec52d5-da18-40de-a23c-a5b4fc4cba85,metalcore
954,f5ec52d5-da18-40de-a23c-a5b4fc4cba85,post-hardcore
954,f5ec52d5-da18-40de-a23c-a5b4fc4cba85,electronic
954,f5ec52d5-da18-40de-a23c-a5b4fc4cba85,alternative rock
955,f62ae39d-b7fc-4b66-a2dd-0cac62f45d65,alternative/indie rock
955,f62ae39d-b7fc-4b66-a2dd-0cac62f45d65,pop rock
955,f62ae39d-b7fc-4b66-a2dd-0cac62f45d65,scene
955,f62ae39d-b7fc-4b66-a2dd-0cac62f45d65,post-hardcore
955,f62ae39d-b7fc-4b66-a2dd-0cac62f45d65,screamo
955,f62ae39d-b7fc-4b66-a2dd-0cac62f45d65,alternative rock
955,f62ae39d-b7fc-4b66-a2dd-0cac62f45d65,easycore
955,f62ae39d-b7fc-4b66-a2dd-0cac62f45d65,melodic hardcore
955,f62ae39d-b7fc-4b66-a2dd-0cac62f45d65,rock
955,f62ae39d-b7fc-4b66-a2dd-0cac62f45d65,pop punk
955,f62ae39d-b7fc-4b66-a2dd-0cac62f45d65,hardcore punk
955,f62ae39d-b7fc-4b66-a2dd-0cac62f45d65,emo
955,f62ae39d-b7fc-4b66-a2dd-0cac62f45d65,alternative
955,f62ae39d-b7fc-4b66-a2dd-0cac62f45d65,pop screamo
955,f62ae39d-b7fc-4b66-a2dd-0cac62f45d65,pop
955,f62ae39d-b7fc-4b66-a2dd-0cac62f45d65,millennial
955,f62ae39d-b7fc-4b66-a2dd-0cac62f45d65,experimental rock
955,f62ae39d-b7fc-4b66-a2dd-0cac62f45d65,progressive rock
956,f64e6dea-b276-4c2d-96e6-b56afc7eded7,trap
956,f64e6dea-b276-4c2d-96e6-b56afc7eded7,pop rap
956,f64e6dea-b276-4c2d-96e6-b56afc7eded7,east coast hip hop
956,f64e6dea-b276-4c2d-96e6-b56afc7eded7,hip hop
957,f65c2467-8d1d-4ff4-b609-030f5218f17e,
958,f6853a31-c3b7-4026-a590-002b9b067892,hip hop
958,f6853a31-c3b7-4026-a590-002b9b067892,leftfield
958,f6853a31-c3b7-4026-a590-002b9b067892,r&b
958,f6853a31-c3b7-4026-a590-002b9b067892,neo soul
958,f6853a31-c3b7-4026-a590-002b9b067892,alternative r&b
958,f6853a31-c3b7-4026-a590-002b9b067892,soul
959,f6b77070-c3ca-4c19-bea5-da4c46991816,post-hardcore
959,f6b77070-c3ca-4c19-bea5-da4c46991816,easycore
959,f6b77070-c3ca-4c19-bea5-da4c46991816,post-screamo
959,f6b77070-c3ca-4c19-bea5-da4c46991816,alternative rock
959,f6b77070-c3ca-4c19-bea5-da4c46991816,metalcore
959,f6b77070-c3ca-4c19-bea5-da4c46991816,alternative metal
960,f6e21ab2-b707-463d-bb3f-89f53e094851,indie
960,f6e21ab2-b707-463d-bb3f-89f53e094851,alternative
961,f729e559-7677-4ced-953f-ae707a1a2f49,post-hardcore
961,f729e559-7677-4ced-953f-ae707a1a2f49,metalcore
961,f729e559-7677-4ced-953f-ae707a1a2f49,electronic
961,f729e559-7677-4ced-953f-ae707a1a2f49,experimental
961,f729e559-7677-4ced-953f-ae707a1a2f49,nu metal
961,f729e559-7677-4ced-953f-ae707a1a2f49,electronicore
962,f733e175-8bd7-4a6b-90ac-060c591dd583,progressive rock
962,f733e175-8bd7-4a6b-90ac-060c591dd583,melodic hardcore
962,f733e175-8bd7-4a6b-90ac-060c591dd583,easycore
962,f733e175-8bd7-4a6b-90ac-060c591dd583,screamo
962,f733e175-8bd7-4a6b-90ac-060c591dd583,hardcore punk
962,f733e175-8bd7-4a6b-90ac-060c591dd583,experimental rock
962,f733e175-8bd7-4a6b-90ac-060c591dd583,alternative rock
962,f733e175-8bd7-4a6b-90ac-060c591dd583,millennial
962,f733e175-8bd7-4a6b-90ac-060c591dd583,alternative
962,f733e175-8bd7-4a6b-90ac-060c591dd583,alternative/indie rock
962,f733e175-8bd7-4a6b-90ac-060c591dd583,rock
962,f733e175-8bd7-4a6b-90ac-060c591dd583,pop rock
962,f733e175-8bd7-4a6b-90ac-060c591dd583,pop screamo
962,f733e175-8bd7-4a6b-90ac-060c591dd583,emo
962,f733e175-8bd7-4a6b-90ac-060c591dd583,post-hardcore
962,f733e175-8bd7-4a6b-90ac-060c591dd583,scene
962,f733e175-8bd7-4a6b-90ac-060c591dd583,pop
962,f733e175-8bd7-4a6b-90ac-060c591dd583,pop punk
963,f7376e10-07c1-49bc-8739-1faec43c43d3,rock
963,f7376e10-07c1-49bc-8739-1faec43c43d3,alternative/indie rock
963,f7376e10-07c1-49bc-8739-1faec43c43d3,modern rock
963,f7376e10-07c1-49bc-8739-1faec43c43d3,emo pop
963,f7376e10-07c1-49bc-8739-1faec43c43d3,emo-pop
963,f7376e10-07c1-49bc-8739-1faec43c43d3,pop punk
963,f7376e10-07c1-49bc-8739-1faec43c43d3,pop rock
963,f7376e10-07c1-49bc-8739-1faec43c43d3,alternative
963,f7376e10-07c1-49bc-8739-1faec43c43d3,emo
963,f7376e10-07c1-49bc-8739-1faec43c43d3,power pop
963,f7376e10-07c1-49bc-8739-1faec43c43d3,powerpop
963,f7376e10-07c1-49bc-8739-1faec43c43d3,punk
963,f7376e10-07c1-49bc-8739-1faec43c43d3,alternative rock
963,f7376e10-07c1-49bc-8739-1faec43c43d3,pop
963,f7376e10-07c1-49bc-8739-1faec43c43d3,neon pop
964,f784daf1-d8aa-441b-8bfd-d0903ac21069,pop rock
964,f784daf1-d8aa-441b-8bfd-d0903ac21069,alternative
964,f784daf1-d8aa-441b-8bfd-d0903ac21069,indie rock
964,f784daf1-d8aa-441b-8bfd-d0903ac21069,emo pop
964,f784daf1-d8aa-441b-8bfd-d0903ac21069,alternative rock
964,f784daf1-d8aa-441b-8bfd-d0903ac21069,emo
964,f784daf1-d8aa-441b-8bfd-d0903ac21069,electropop
964,f784daf1-d8aa-441b-8bfd-d0903ac21069,pop punk
964,f784daf1-d8aa-441b-8bfd-d0903ac21069,pop
964,f784daf1-d8aa-441b-8bfd-d0903ac21069,alternative/indie rock
964,f784daf1-d8aa-441b-8bfd-d0903ac21069,punk
964,f784daf1-d8aa-441b-8bfd-d0903ac21069,emo-pop
965,f7e37b4e-c882-4a4a-bc0a-adc809af5961,r&b
965,f7e37b4e-c882-4a4a-bc0a-adc809af5961,trap
965,f7e37b4e-c882-4a4a-bc0a-adc809af5961,r&b
965,f7e37b4e-c882-4a4a-bc0a-adc809af5961,detroit hip hop
965,f7e37b4e-c882-4a4a-bc0a-adc809af5961,pop rap
965,f7e37b4e-c882-4a4a-bc0a-adc809af5961,trap
965,f7e37b4e-c882-4a4a-bc0a-adc809af5961,soul
965,f7e37b4e-c882-4a4a-bc0a-adc809af5961,neo soul
965,f7e37b4e-c882-4a4a-bc0a-adc809af5961,contemporary r&b
965,f7e37b4e-c882-4a4a-bc0a-adc809af5961,hip hop
965,f7e37b4e-c882-4a4a-bc0a-adc809af5961,southern hip hop
965,f7e37b4e-c882-4a4a-bc0a-adc809af5961,rap
966,f83c3a41-d758-4c3f-9a84-09cf8edb4a21,trap
966,f83c3a41-d758-4c3f-9a84-09cf8edb4a21,alternative r&b
966,f83c3a41-d758-4c3f-9a84-09cf8edb4a21,southern hip-hop
966,f83c3a41-d758-4c3f-9a84-09cf8edb4a21,left-field rap
966,f83c3a41-d758-4c3f-9a84-09cf8edb4a21,southern rap
966,f83c3a41-d758-4c3f-9a84-09cf8edb4a21,alternative hip hop
966,f83c3a41-d758-4c3f-9a84-09cf8edb4a21,hip hop
966,f83c3a41-d758-4c3f-9a84-09cf8edb4a21,conscious hip hop
966,f83c3a41-d758-4c3f-9a84-09cf8edb4a21,contemporary r&b
966,f83c3a41-d758-4c3f-9a84-09cf8edb4a21,experimental hip hop
966,f83c3a41-d758-4c3f-9a84-09cf8edb4a21,hardcore hip hop
966,f83c3a41-d758-4c3f-9a84-09cf8edb4a21,pop rap
966,f83c3a41-d758-4c3f-9a84-09cf8edb4a21,future bass
966,f83c3a41-d758-4c3f-9a84-09cf8edb4a21,contemporary rap
966,f83c3a41-d758-4c3f-9a84-09cf8edb4a21,underground hip hop
966,f83c3a41-d758-4c3f-9a84-09cf8edb4a21,house
967,f864c9cb-178b-4ddf-b99e-29809b82e83a,rnb
967,f864c9cb-178b-4ddf-b99e-29809b82e83a,electronic
967,f864c9cb-178b-4ddf-b99e-29809b82e83a,american
967,f864c9cb-178b-4ddf-b99e-29809b82e83a,pop
967,f864c9cb-178b-4ddf-b99e-29809b82e83a,neo-soul
967,f864c9cb-178b-4ddf-b99e-29809b82e83a,hip hop soul
967,f864c9cb-178b-4ddf-b99e-29809b82e83a,neo soul
967,f864c9cb-178b-4ddf-b99e-29809b82e83a,soul
967,f864c9cb-178b-4ddf-b99e-29809b82e83a,alternative rnb
967,f864c9cb-178b-4ddf-b99e-29809b82e83a,female vocals
967,f864c9cb-178b-4ddf-b99e-29809b82e83a,r&b
967,f864c9cb-178b-4ddf-b99e-29809b82e83a,contemporary r&b
967,f864c9cb-178b-4ddf-b99e-29809b82e83a,alternative r&b
968,f8827ec4-3723-40fe-b790-ea67c8cbe42b,hip hop
968,f8827ec4-3723-40fe-b790-ea67c8cbe42b,pop rap
968,f8827ec4-3723-40fe-b790-ea67c8cbe42b,trap
969,f9a43bce-ce87-4432-a716-dd09cffec553,emo
969,f9a43bce-ce87-4432-a716-dd09cffec553,hard rock
969,f9a43bce-ce87-4432-a716-dd09cffec553,alternative rock
969,f9a43bce-ce87-4432-a716-dd09cffec553,rock
969,f9a43bce-ce87-4432-a716-dd09cffec553,post-hardcore
969,f9a43bce-ce87-4432-a716-dd09cffec553,melodic hardcore
970,f9de0896-5398-4aff-aedb-b771e50fab21,dreamcore
970,f9de0896-5398-4aff-aedb-b771e50fab21,alternative rock
970,f9de0896-5398-4aff-aedb-b771e50fab21,pop rock
971,fa08bc80-85f8-4562-8127-b8f77754c566,jazz rap
971,fa08bc80-85f8-4562-8127-b8f77754c566,conscious hip hop
971,fa08bc80-85f8-4562-8127-b8f77754c566,pop rap
971,fa08bc80-85f8-4562-8127-b8f77754c566,east coast hip hop
971,fa08bc80-85f8-4562-8127-b8f77754c566,boom bap
971,fa08bc80-85f8-4562-8127-b8f77754c566,hip hop
972,fa263813-9106-43f5-88d0-7c978705e758,post-hardcore
972,fa263813-9106-43f5-88d0-7c978705e758,metalcore
972,fa263813-9106-43f5-88d0-7c978705e758,metal
972,fa263813-9106-43f5-88d0-7c978705e758,post-metalcore
973,fa29ea7b-acff-45cf-9eb3-150faf802b15,
974,fa4c66f8-f7ae-46d5-aa9c-dd2fda27ed8b,nu metal
974,fa4c66f8-f7ae-46d5-aa9c-dd2fda27ed8b,hard rock
974,fa4c66f8-f7ae-46d5-aa9c-dd2fda27ed8b,rock
974,fa4c66f8-f7ae-46d5-aa9c-dd2fda27ed8b,alternative metal
975,fa5593e2-05b0-44ee-9253-8dc216db3465,hard rock
975,fa5593e2-05b0-44ee-9253-8dc216db3465,metalcore
976,fa88dfe8-301c-40f6-b195-8a1d7a8df07b,alternative metal
976,fa88dfe8-301c-40f6-b195-8a1d7a8df07b,shoegaze
976,fa88dfe8-301c-40f6-b195-8a1d7a8df07b,metal
976,fa88dfe8-301c-40f6-b195-8a1d7a8df07b,heavy metal
976,fa88dfe8-301c-40f6-b195-8a1d7a8df07b,alternative rock
976,fa88dfe8-301c-40f6-b195-8a1d7a8df07b,nu metal
977,fa903e6b-d783-4f7d-ba61-c4cdcc415700,progressive metal
977,fa903e6b-d783-4f7d-ba61-c4cdcc415700,alternative metal
977,fa903e6b-d783-4f7d-ba61-c4cdcc415700,djent
977,fa903e6b-d783-4f7d-ba61-c4cdcc415700,art pop
977,fa903e6b-d783-4f7d-ba61-c4cdcc415700,alternative pop
977,fa903e6b-d783-4f7d-ba61-c4cdcc415700,progressive rock
977,fa903e6b-d783-4f7d-ba61-c4cdcc415700,alternative r&b
978,fa99a2b9-0382-42f1-bfe9-197816e8895a,r&b
978,fa99a2b9-0382-42f1-bfe9-197816e8895a,contemporary r&b
978,fa99a2b9-0382-42f1-bfe9-197816e8895a,hip hop
978,fa99a2b9-0382-42f1-bfe9-197816e8895a,pop
978,fa99a2b9-0382-42f1-bfe9-197816e8895a,leftfield
978,fa99a2b9-0382-42f1-bfe9-197816e8895a,singer-songwriter
979,fab6d8b7-496f-46bd-9bce-4e876e9e5e0b,english
979,fab6d8b7-496f-46bd-9bce-4e876e9e5e0b,alternative r&b
979,fab6d8b7-496f-46bd-9bce-4e876e9e5e0b,cloud rap
979,fab6d8b7-496f-46bd-9bce-4e876e9e5e0b,trap
979,fab6d8b7-496f-46bd-9bce-4e876e9e5e0b,2010s
979,fab6d8b7-496f-46bd-9bce-4e876e9e5e0b,contemporary r&b
979,fab6d8b7-496f-46bd-9bce-4e876e9e5e0b,pop rap
979,fab6d8b7-496f-46bd-9bce-4e876e9e5e0b,country
979,fab6d8b7-496f-46bd-9bce-4e876e9e5e0b,r&b
979,fab6d8b7-496f-46bd-9bce-4e876e9e5e0b,hip hop
979,fab6d8b7-496f-46bd-9bce-4e876e9e5e0b,2020s
980,fb0e8f6a-d58e-4b22-b7fc-dd336e72f994,alternative rock
980,fb0e8f6a-d58e-4b22-b7fc-dd336e72f994,indie pop
980,fb0e8f6a-d58e-4b22-b7fc-dd336e72f994,tumblr
981,fbb2d6eb-0a8b-4822-8e86-c5ed40a03fc7,american
981,fbb2d6eb-0a8b-4822-8e86-c5ed40a03fc7,alternative rock
981,fbb2d6eb-0a8b-4822-8e86-c5ed40a03fc7,rock
981,fbb2d6eb-0a8b-4822-8e86-c5ed40a03fc7,post-grunge
981,fbb2d6eb-0a8b-4822-8e86-c5ed40a03fc7,grunge
981,fbb2d6eb-0a8b-4822-8e86-c5ed40a03fc7,hard rock
982,fbe565f5-7d1f-492f-9aa3-cb08c269710c,country pop
982,fbe565f5-7d1f-492f-9aa3-cb08c269710c,2020s
982,fbe565f5-7d1f-492f-9aa3-cb08c269710c,country
983,fc2af32d-52fa-4004-9345-c0bb7c811ee8,country folk
983,fc2af32d-52fa-4004-9345-c0bb7c811ee8,country
983,fc2af32d-52fa-4004-9345-c0bb7c811ee8,red dirt
983,fc2af32d-52fa-4004-9345-c0bb7c811ee8,americana
984,fc5a0af1-bc1f-4247-a166-824e77bc080b,contemporary r&b
984,fc5a0af1-bc1f-4247-a166-824e77bc080b,queer
984,fc5a0af1-bc1f-4247-a166-824e77bc080b,rnb
984,fc5a0af1-bc1f-4247-a166-824e77bc080b,alternative r&b
984,fc5a0af1-bc1f-4247-a166-824e77bc080b,r&b
984,fc5a0af1-bc1f-4247-a166-824e77bc080b,pop
985,fcd441c2-6f41-4557-a4a7-3d1da56dd4c5,heavy metal
985,fcd441c2-6f41-4557-a4a7-3d1da56dd4c5,alternative rock
985,fcd441c2-6f41-4557-a4a7-3d1da56dd4c5,nu metal
985,fcd441c2-6f41-4557-a4a7-3d1da56dd4c5,metal
985,fcd441c2-6f41-4557-a4a7-3d1da56dd4c5,alternative metal
985,fcd441c2-6f41-4557-a4a7-3d1da56dd4c5,shoegaze
986,fd0f1ec4-b075-4de4-8781-577eabcf9a2e,alternative r&b
986,fd0f1ec4-b075-4de4-8781-577eabcf9a2e,alternative pop
986,fd0f1ec4-b075-4de4-8781-577eabcf9a2e,djent
986,fd0f1ec4-b075-4de4-8781-577eabcf9a2e,progressive metal
986,fd0f1ec4-b075-4de4-8781-577eabcf9a2e,art pop
986,fd0f1ec4-b075-4de4-8781-577eabcf9a2e,progressive rock
986,fd0f1ec4-b075-4de4-8781-577eabcf9a2e,alternative metal
987,fd456dbf-ccdb-4021-8a66-576185273a2d,gothic rock
987,fd456dbf-ccdb-4021-8a66-576185273a2d,post-hardcore
987,fd456dbf-ccdb-4021-8a66-576185273a2d,emo
987,fd456dbf-ccdb-4021-8a66-576185273a2d,nu metal
987,fd456dbf-ccdb-4021-8a66-576185273a2d,rock
987,fd456dbf-ccdb-4021-8a66-576185273a2d,nu gaze
988,fd6e23bc-295b-40a8-a7a7-87876d10c6c5,scene
988,fd6e23bc-295b-40a8-a7a7-87876d10c6c5,melodic hardcore
988,fd6e23bc-295b-40a8-a7a7-87876d10c6c5,emo
988,fd6e23bc-295b-40a8-a7a7-87876d10c6c5,alternative
988,fd6e23bc-295b-40a8-a7a7-87876d10c6c5,experimental rock
988,fd6e23bc-295b-40a8-a7a7-87876d10c6c5,pop screamo
988,fd6e23bc-295b-40a8-a7a7-87876d10c6c5,screamo
988,fd6e23bc-295b-40a8-a7a7-87876d10c6c5,hardcore punk
988,fd6e23bc-295b-40a8-a7a7-87876d10c6c5,post-hardcore
988,fd6e23bc-295b-40a8-a7a7-87876d10c6c5,rock
988,fd6e23bc-295b-40a8-a7a7-87876d10c6c5,alternative rock
988,fd6e23bc-295b-40a8-a7a7-87876d10c6c5,alternative/indie rock
988,fd6e23bc-295b-40a8-a7a7-87876d10c6c5,millennial
988,fd6e23bc-295b-40a8-a7a7-87876d10c6c5,progressive rock
988,fd6e23bc-295b-40a8-a7a7-87876d10c6c5,easycore
988,fd6e23bc-295b-40a8-a7a7-87876d10c6c5,pop punk
988,fd6e23bc-295b-40a8-a7a7-87876d10c6c5,pop
988,fd6e23bc-295b-40a8-a7a7-87876d10c6c5,pop rock
989,fd90d4bc-bb2d-4aa3-9de9-de4e3313053a,alternative pop
989,fd90d4bc-bb2d-4aa3-9de9-de4e3313053a,alternative metal
989,fd90d4bc-bb2d-4aa3-9de9-de4e3313053a,alternative r&b
989,fd90d4bc-bb2d-4aa3-9de9-de4e3313053a,art pop
989,fd90d4bc-bb2d-4aa3-9de9-de4e3313053a,progressive rock
989,fd90d4bc-bb2d-4aa3-9de9-de4e3313053a,progressive metal
989,fd90d4bc-bb2d-4aa3-9de9-de4e3313053a,djent
990,fd948fd2-c9e8-435f-b2bc-9ed7c570fd55,alternative metal
990,fd948fd2-c9e8-435f-b2bc-9ed7c570fd55,hard rock
990,fd948fd2-c9e8-435f-b2bc-9ed7c570fd55,rock
990,fd948fd2-c9e8-435f-b2bc-9ed7c570fd55,nu metal
991,fdebc7bc-27df-4316-b944-f0187235c617,disco
991,fdebc7bc-27df-4316-b944-f0187235c617,future bass
991,fdebc7bc-27df-4316-b944-f0187235c617,pop
991,fdebc7bc-27df-4316-b944-f0187235c617,trap
991,fdebc7bc-27df-4316-b944-f0187235c617,pop rap
991,fdebc7bc-27df-4316-b944-f0187235c617,r&b
991,fdebc7bc-27df-4316-b944-f0187235c617,rap
991,fdebc7bc-27df-4316-b944-f0187235c617,west coast hip hop
991,fdebc7bc-27df-4316-b944-f0187235c617,hardcore hip hop
991,fdebc7bc-27df-4316-b944-f0187235c617,contemporary rap
991,fdebc7bc-27df-4316-b944-f0187235c617,conscious rapper
991,fdebc7bc-27df-4316-b944-f0187235c617,2010s
991,fdebc7bc-27df-4316-b944-f0187235c617,2020s
991,fdebc7bc-27df-4316-b944-f0187235c617,gangsta rap
991,fdebc7bc-27df-4316-b944-f0187235c617,hip hop
991,fdebc7bc-27df-4316-b944-f0187235c617,conscious hip hop
991,fdebc7bc-27df-4316-b944-f0187235c617,alternative hip hop
991,fdebc7bc-27df-4316-b944-f0187235c617,jazz rap
991,fdebc7bc-27df-4316-b944-f0187235c617,hip hop
991,fdebc7bc-27df-4316-b944-f0187235c617,rap
991,fdebc7bc-27df-4316-b944-f0187235c617,jazz
991,fdebc7bc-27df-4316-b944-f0187235c617,progressive rap
991,fdebc7bc-27df-4316-b944-f0187235c617,house
991,fdebc7bc-27df-4316-b944-f0187235c617,dance
992,fe64d64e-bf56-4084-8353-d32ce97f4f5e,tumblr
992,fe64d64e-bf56-4084-8353-d32ce97f4f5e,indie pop
992,fe64d64e-bf56-4084-8353-d32ce97f4f5e,alternative rock
993,fe8b367d-78ef-4ec3-9c9a-ff3435a65d5b,rnb
993,fe8b367d-78ef-4ec3-9c9a-ff3435a65d5b,r&b
993,fe8b367d-78ef-4ec3-9c9a-ff3435a65d5b,pop
993,fe8b367d-78ef-4ec3-9c9a-ff3435a65d5b,alternative r&b
993,fe8b367d-78ef-4ec3-9c9a-ff3435a65d5b,contemporary r&b
993,fe8b367d-78ef-4ec3-9c9a-ff3435a65d5b,queer
994,feb6af3d-23ab-42e3-964b-3b8939cae5f5,hip hop
994,feb6af3d-23ab-42e3-964b-3b8939cae5f5,gangsta rap
994,feb6af3d-23ab-42e3-964b-3b8939cae5f5,rap
994,feb6af3d-23ab-42e3-964b-3b8939cae5f5,hip hop
994,feb6af3d-23ab-42e3-964b-3b8939cae5f5,east coast hip hop
995,ff56c087-262f-4251-838c-41ee04d0f541,rock
995,ff56c087-262f-4251-838c-41ee04d0f541,post-hardcore
996,ff684fee-8875-459f-bdd4-bb61828c7dc8,2020s
996,ff684fee-8875-459f-bdd4-bb61828c7dc8,english
996,ff684fee-8875-459f-bdd4-bb61828c7dc8,pop rap
996,ff684fee-8875-459f-bdd4-bb61828c7dc8,gen z
996,ff684fee-8875-459f-bdd4-bb61828c7dc8,emo rap
996,ff684fee-8875-459f-bdd4-bb61828c7dc8,rap
996,ff684fee-8875-459f-bdd4-bb61828c7dc8,hip hop
997,ff87c013-ff1b-4fd0-94c5-adcaed9e60c0,alternative metal
997,ff87c013-ff1b-4fd0-94c5-adcaed9e60c0,metalcore
997,ff87c013-ff1b-4fd0-94c5-adcaed9e60c0,metal
997,ff87c013-ff1b-4fd0-94c5-adcaed9e60c0,heavy metal
997,ff87c013-ff1b-4fd0-94c5-adcaed9e60c0,post-hardcore
998,01fa230d-38c8-45f9-9cca-68afc41bdfcb,hard rock
998,01fa230d-38c8-45f9-9cca-68afc41bdfcb,alternative rock
999,028503bf-8ebc-4ffb-80f7-6ef8e92fa085,alternative pop
999,028503bf-8ebc-4ffb-80f7-6ef8e92fa085,alternative r&b
999,028503bf-8ebc-4ffb-80f7-6ef8e92fa085,alternative metal
999,028503bf-8ebc-4ffb-80f7-6ef8e92fa085,djent
999,028503bf-8ebc-4ffb-80f7-6ef8e92fa085,progressive rock
999,028503bf-8ebc-4ffb-80f7-6ef8e92fa085,progressive metal
999,028503bf-8ebc-4ffb-80f7-6ef8e92fa085,art pop
1000,02f7121f-0b5e-4920-bd2b-04065c0754dd,folk
1000,02f7121f-0b5e-4920-bd2b-04065c0754dd,pop
1000,02f7121f-0b5e-4920-bd2b-04065c0754dd,folk pop
1001,03dc4e02-e416-4611-8a2f-6c91b3d6c06c,folk pop
1001,03dc4e02-e416-4611-8a2f-6c91b3d6c06c,folk
1001,03dc4e02-e416-4611-8a2f-6c91b3d6c06c,pop
1002,0408c747-8682-4117-ab2b-5ecf011fed01,rock
1002,0408c747-8682-4117-ab2b-5ecf011fed01,hard rock
1002,0408c747-8682-4117-ab2b-5ecf011fed01,nu metal
1002,0408c747-8682-4117-ab2b-5ecf011fed01,alternative metal
1003,0435f55c-d17b-4619-a91b-1d43bad1834d,
1004,04453a82-55ad-4ed6-85f9-ca3d950a34a2,2010s
1004,04453a82-55ad-4ed6-85f9-ca3d950a34a2,2020s
1004,04453a82-55ad-4ed6-85f9-ca3d950a34a2,millennial
1004,04453a82-55ad-4ed6-85f9-ca3d950a34a2,hip hop
1004,04453a82-55ad-4ed6-85f9-ca3d950a34a2,cloud rap
1004,04453a82-55ad-4ed6-85f9-ca3d950a34a2,rage
1004,04453a82-55ad-4ed6-85f9-ca3d950a34a2,proto-rage
1004,04453a82-55ad-4ed6-85f9-ca3d950a34a2,emo rap
1004,04453a82-55ad-4ed6-85f9-ca3d950a34a2,trap
1004,04453a82-55ad-4ed6-85f9-ca3d950a34a2,alternative/indie rock
1004,04453a82-55ad-4ed6-85f9-ca3d950a34a2,melodic metalcore
1004,04453a82-55ad-4ed6-85f9-ca3d950a34a2,east coast hip hop
1004,04453a82-55ad-4ed6-85f9-ca3d950a34a2,electronic rock
1004,04453a82-55ad-4ed6-85f9-ca3d950a34a2,pop rap
1004,04453a82-55ad-4ed6-85f9-ca3d950a34a2,deathcore
1004,04453a82-55ad-4ed6-85f9-ca3d950a34a2,post-hardcore
1004,04453a82-55ad-4ed6-85f9-ca3d950a34a2,pop rock
1004,04453a82-55ad-4ed6-85f9-ca3d950a34a2,alternative metal
1004,04453a82-55ad-4ed6-85f9-ca3d950a34a2,psychedelic rock
1004,04453a82-55ad-4ed6-85f9-ca3d950a34a2,screamo
1004,04453a82-55ad-4ed6-85f9-ca3d950a34a2,emo
1004,04453a82-55ad-4ed6-85f9-ca3d950a34a2,nu metal
1004,04453a82-55ad-4ed6-85f9-ca3d950a34a2,hard rock
1004,04453a82-55ad-4ed6-85f9-ca3d950a34a2,metalcore
1004,04453a82-55ad-4ed6-85f9-ca3d950a34a2,house
1004,04453a82-55ad-4ed6-85f9-ca3d950a34a2,heavy metal
1004,04453a82-55ad-4ed6-85f9-ca3d950a34a2,drum and bass
1004,04453a82-55ad-4ed6-85f9-ca3d950a34a2,alternative rock
1004,04453a82-55ad-4ed6-85f9-ca3d950a34a2,pop
1004,04453a82-55ad-4ed6-85f9-ca3d950a34a2,electronic
1004,04453a82-55ad-4ed6-85f9-ca3d950a34a2,rock
1004,04453a82-55ad-4ed6-85f9-ca3d950a34a2,pescetarian
1005,04ab2b4d-fc26-46db-9cc6-644cce561b03,alternative metal
1005,04ab2b4d-fc26-46db-9cc6-644cce561b03,heavy metal
1005,04ab2b4d-fc26-46db-9cc6-644cce561b03,metal
1005,04ab2b4d-fc26-46db-9cc6-644cce561b03,post-hardcore
1005,04ab2b4d-fc26-46db-9cc6-644cce561b03,metalcore
1006,04cf326e-a847-4f72-8f26-c7b97c6e42d7,alternative metal
1006,04cf326e-a847-4f72-8f26-c7b97c6e42d7,electronic
1006,04cf326e-a847-4f72-8f26-c7b97c6e42d7,post-hardcore
1006,04cf326e-a847-4f72-8f26-c7b97c6e42d7,emocore
1006,04cf326e-a847-4f72-8f26-c7b97c6e42d7,melodic metalcore
1006,04cf326e-a847-4f72-8f26-c7b97c6e42d7,emo
1006,04cf326e-a847-4f72-8f26-c7b97c6e42d7,hard rock
1006,04cf326e-a847-4f72-8f26-c7b97c6e42d7,rock
1006,04cf326e-a847-4f72-8f26-c7b97c6e42d7,metal
1006,04cf326e-a847-4f72-8f26-c7b97c6e42d7,electronicore
1006,04cf326e-a847-4f72-8f26-c7b97c6e42d7,alternative rock
1006,04cf326e-a847-4f72-8f26-c7b97c6e42d7,metalcore
1006,04cf326e-a847-4f72-8f26-c7b97c6e42d7,electronic rock
1007,04e7a888-c18f-4ab3-9a62-a44f248b80c2,trap
1007,04e7a888-c18f-4ab3-9a62-a44f248b80c2,english
1007,04e7a888-c18f-4ab3-9a62-a44f248b80c2,hip hop
1007,04e7a888-c18f-4ab3-9a62-a44f248b80c2,southern hip hop
1007,04e7a888-c18f-4ab3-9a62-a44f248b80c2,2020s
1007,04e7a888-c18f-4ab3-9a62-a44f248b80c2,rap
1008,0547edb2-3eea-4b90-9b18-26dcfc101521,alternative
1008,0547edb2-3eea-4b90-9b18-26dcfc101521,female vocalists
1008,0547edb2-3eea-4b90-9b18-26dcfc101521,female fronted
1008,0547edb2-3eea-4b90-9b18-26dcfc101521,emo pop
1008,0547edb2-3eea-4b90-9b18-26dcfc101521,nuno
1008,0547edb2-3eea-4b90-9b18-26dcfc101521,pop punk
1008,0547edb2-3eea-4b90-9b18-26dcfc101521,emo-pop
1008,0547edb2-3eea-4b90-9b18-26dcfc101521,acoustic rock
1008,0547edb2-3eea-4b90-9b18-26dcfc101521,pop rock
1008,0547edb2-3eea-4b90-9b18-26dcfc101521,new wave
1008,0547edb2-3eea-4b90-9b18-26dcfc101521,power pop
1008,0547edb2-3eea-4b90-9b18-26dcfc101521,rock
1008,0547edb2-3eea-4b90-9b18-26dcfc101521,pop
1008,0547edb2-3eea-4b90-9b18-26dcfc101521,alternative rock
1008,0547edb2-3eea-4b90-9b18-26dcfc101521,emo
1009,05bff6a0-146d-4f8b-9c20-01f9badc48b7,west coast hip hop
1009,05bff6a0-146d-4f8b-9c20-01f9badc48b7,trap
1009,05bff6a0-146d-4f8b-9c20-01f9badc48b7,pop
1009,05bff6a0-146d-4f8b-9c20-01f9badc48b7,contemporary rap
1009,05bff6a0-146d-4f8b-9c20-01f9badc48b7,future bass
1009,05bff6a0-146d-4f8b-9c20-01f9badc48b7,house
1009,05bff6a0-146d-4f8b-9c20-01f9badc48b7,dance
1009,05bff6a0-146d-4f8b-9c20-01f9badc48b7,disco
1009,05bff6a0-146d-4f8b-9c20-01f9badc48b7,progressive rap
1009,05bff6a0-146d-4f8b-9c20-01f9badc48b7,jazz
1009,05bff6a0-146d-4f8b-9c20-01f9badc48b7,hip hop
1009,05bff6a0-146d-4f8b-9c20-01f9badc48b7,trap
1009,05bff6a0-146d-4f8b-9c20-01f9badc48b7,west coast hip hop
1009,05bff6a0-146d-4f8b-9c20-01f9badc48b7,conscious rapper
1009,05bff6a0-146d-4f8b-9c20-01f9badc48b7,rap
1009,05bff6a0-146d-4f8b-9c20-01f9badc48b7,conscious hip hop
1009,05bff6a0-146d-4f8b-9c20-01f9badc48b7,2020s
1009,05bff6a0-146d-4f8b-9c20-01f9badc48b7,2010s
1009,05bff6a0-146d-4f8b-9c20-01f9badc48b7,r&b
1009,05bff6a0-146d-4f8b-9c20-01f9badc48b7,pop rap
1009,05bff6a0-146d-4f8b-9c20-01f9badc48b7,jazz rap
1009,05bff6a0-146d-4f8b-9c20-01f9badc48b7,alternative hip hop
1009,05bff6a0-146d-4f8b-9c20-01f9badc48b7,hip hop
1009,05bff6a0-146d-4f8b-9c20-01f9badc48b7,hardcore hip hop
1009,05bff6a0-146d-4f8b-9c20-01f9badc48b7,gangsta rap
1010,06879155-b9ce-4777-bdc0-f83cd6162760,hypnagogic pop
1010,06879155-b9ce-4777-bdc0-f83cd6162760,synth-pop
1010,06879155-b9ce-4777-bdc0-f83cd6162760,2010s
1010,06879155-b9ce-4777-bdc0-f83cd6162760,pop
1010,06879155-b9ce-4777-bdc0-f83cd6162760,r&b
1010,06879155-b9ce-4777-bdc0-f83cd6162760,contemporary r&b
1010,06879155-b9ce-4777-bdc0-f83cd6162760,alternative r&b
1010,06879155-b9ce-4777-bdc0-f83cd6162760,dance-pop
1010,06879155-b9ce-4777-bdc0-f83cd6162760,2020s
1011,06e4802f-6f56-486b-a1c2-534ee9fe902f,rock
1011,06e4802f-6f56-486b-a1c2-534ee9fe902f,pop rock
1011,06e4802f-6f56-486b-a1c2-534ee9fe902f,alternative rock
1011,06e4802f-6f56-486b-a1c2-534ee9fe902f,indie rock
1012,078a1158-b49e-4280-802f-bcc0278d5abe,indie pop
1012,078a1158-b49e-4280-802f-bcc0278d5abe,alternative rock
1012,078a1158-b49e-4280-802f-bcc0278d5abe,tumblr
1013,08bea1b3-be03-432f-8e94-a6b4b137bfea,indie
1013,08bea1b3-be03-432f-8e94-a6b4b137bfea,psychedelic rock
1013,08bea1b3-be03-432f-8e94-a6b4b137bfea,trip-hop
1013,08bea1b3-be03-432f-8e94-a6b4b137bfea,indie pop
1013,08bea1b3-be03-432f-8e94-a6b4b137bfea,electronic
1013,08bea1b3-be03-432f-8e94-a6b4b137bfea,psychedelic pop
1013,08bea1b3-be03-432f-8e94-a6b4b137bfea,uk
1013,08bea1b3-be03-432f-8e94-a6b4b137bfea,indie rock
1013,08bea1b3-be03-432f-8e94-a6b4b137bfea,english
1013,08bea1b3-be03-432f-8e94-a6b4b137bfea,pop
1013,08bea1b3-be03-432f-8e94-a6b4b137bfea,indietronica
1014,09766ac5-16fc-40ee-a56a-079b37c28d38,nu metal
1014,09766ac5-16fc-40ee-a56a-079b37c28d38,hard rock
1014,09766ac5-16fc-40ee-a56a-079b37c28d38,heavy metal
1014,09766ac5-16fc-40ee-a56a-079b37c28d38,alternative metal
1014,09766ac5-16fc-40ee-a56a-079b37c28d38,metalcore
1014,09766ac5-16fc-40ee-a56a-079b37c28d38,pop rock
1014,09766ac5-16fc-40ee-a56a-079b37c28d38,alternative rock
1014,09766ac5-16fc-40ee-a56a-079b37c28d38,rap rock
1014,09766ac5-16fc-40ee-a56a-079b37c28d38,metal
1014,09766ac5-16fc-40ee-a56a-079b37c28d38,hardcore
1014,09766ac5-16fc-40ee-a56a-079b37c28d38,post-hardcore
1015,09f90074-62d9-4ba1-a076-be48a0fbd11a,post-hardcore
1015,09f90074-62d9-4ba1-a076-be48a0fbd11a,pop
1015,09f90074-62d9-4ba1-a076-be48a0fbd11a,alternative rock
1015,09f90074-62d9-4ba1-a076-be48a0fbd11a,pop rock
1015,09f90074-62d9-4ba1-a076-be48a0fbd11a,synthpop
1015,09f90074-62d9-4ba1-a076-be48a0fbd11a,electronic rock
1016,0a0a2c40-3119-425b-91fd-02f1aca41049,emo pop
1016,0a0a2c40-3119-425b-91fd-02f1aca41049,alternative rock
1016,0a0a2c40-3119-425b-91fd-02f1aca41049,acoustic
1016,0a0a2c40-3119-425b-91fd-02f1aca41049,metalcore
1016,0a0a2c40-3119-425b-91fd-02f1aca41049,post-hardcore
1016,0a0a2c40-3119-425b-91fd-02f1aca41049,pop punk
1016,0a0a2c40-3119-425b-91fd-02f1aca41049,pop screamo
1017,0b3ce31b-9793-4150-bcea-850ee6c4b7fe,alternative rock
1017,0b3ce31b-9793-4150-bcea-850ee6c4b7fe,post-hardcore
1017,0b3ce31b-9793-4150-bcea-850ee6c4b7fe,emo pop
1017,0b3ce31b-9793-4150-bcea-850ee6c4b7fe,pop screamo
1017,0b3ce31b-9793-4150-bcea-850ee6c4b7fe,pop punk
1017,0b3ce31b-9793-4150-bcea-850ee6c4b7fe,acoustic
1017,0b3ce31b-9793-4150-bcea-850ee6c4b7fe,metalcore
1018,0b85e588-b374-4e04-b440-cace0cd14080,
1019,0c215bdc-65b7-417a-9cfa-d6a5933341bc,southern rock
1019,0c215bdc-65b7-417a-9cfa-d6a5933341bc,post-hardcore
1019,0c215bdc-65b7-417a-9cfa-d6a5933341bc,metalcore
1019,0c215bdc-65b7-417a-9cfa-d6a5933341bc,southern metal
1020,0c6e88d4-39a7-49f7-985e-2f5f55c335cc,alternative hardcore
1020,0c6e88d4-39a7-49f7-985e-2f5f55c335cc,electronicore
1021,0cdf875a-d474-4b47-89c2-f486c1eb1ffd,alternative rock
1021,0cdf875a-d474-4b47-89c2-f486c1eb1ffd,post-screamo
1021,0cdf875a-d474-4b47-89c2-f486c1eb1ffd,easycore
1021,0cdf875a-d474-4b47-89c2-f486c1eb1ffd,metalcore
1021,0cdf875a-d474-4b47-89c2-f486c1eb1ffd,alternative metal
1021,0cdf875a-d474-4b47-89c2-f486c1eb1ffd,post-hardcore
1022,0dbac732-ac59-4483-a044-bdf6475237ec,tumblr
1022,0dbac732-ac59-4483-a044-bdf6475237ec,alternative rock
1022,0dbac732-ac59-4483-a044-bdf6475237ec,indie pop
1023,0e8bf4fc-3a19-46ff-8023-7010c5125ef2,electropop
1023,0e8bf4fc-3a19-46ff-8023-7010c5125ef2,group turned solo project
1023,0e8bf4fc-3a19-46ff-8023-7010c5125ef2,emo pop
1023,0e8bf4fc-3a19-46ff-8023-7010c5125ef2,baroque pop
1023,0e8bf4fc-3a19-46ff-8023-7010c5125ef2,emo
1023,0e8bf4fc-3a19-46ff-8023-7010c5125ef2,alternative rock
1023,0e8bf4fc-3a19-46ff-8023-7010c5125ef2,power pop
1023,0e8bf4fc-3a19-46ff-8023-7010c5125ef2,chamber pop
1023,0e8bf4fc-3a19-46ff-8023-7010c5125ef2,pop rock
1023,0e8bf4fc-3a19-46ff-8023-7010c5125ef2,pop punk
1023,0e8bf4fc-3a19-46ff-8023-7010c5125ef2,rock
1024,0ee11164-dd40-4d62-b44e-f8966232629c,hip hop
1024,0ee11164-dd40-4d62-b44e-f8966232629c,rap
1025,0efceaa2-9a79-41ac-b29b-462bb189a255,gangsta rap
1025,0efceaa2-9a79-41ac-b29b-462bb189a255,west coast hip hop
1025,0efceaa2-9a79-41ac-b29b-462bb189a255,tumblr
1025,0efceaa2-9a79-41ac-b29b-462bb189a255,hip hop
1025,0efceaa2-9a79-41ac-b29b-462bb189a255,alternative rock
1025,0efceaa2-9a79-41ac-b29b-462bb189a255,best rapper
1025,0efceaa2-9a79-41ac-b29b-462bb189a255,top 5
1025,0efceaa2-9a79-41ac-b29b-462bb189a255,rapper
1025,0efceaa2-9a79-41ac-b29b-462bb189a255,hustle
1025,0efceaa2-9a79-41ac-b29b-462bb189a255,indie pop
1025,0efceaa2-9a79-41ac-b29b-462bb189a255,independent artist
1025,0efceaa2-9a79-41ac-b29b-462bb189a255,death by murder
1025,0efceaa2-9a79-41ac-b29b-462bb189a255,top 10
1025,0efceaa2-9a79-41ac-b29b-462bb189a255,top 100
1025,0efceaa2-9a79-41ac-b29b-462bb189a255,god
1025,0efceaa2-9a79-41ac-b29b-462bb189a255,rap
1025,0efceaa2-9a79-41ac-b29b-462bb189a255,nipsey hussle
1026,0f4512a8-c856-4022-bb81-2c219ba572e0,
1027,0f534924-a5a8-496b-ab9a-e9261d114581,life
1027,0f534924-a5a8-496b-ab9a-e9261d114581,pop rap
1027,0f534924-a5a8-496b-ab9a-e9261d114581,canadian
1027,0f534924-a5a8-496b-ab9a-e9261d114581,jutes
1027,0f534924-a5a8-496b-ab9a-e9261d114581,rap
1027,0f534924-a5a8-496b-ab9a-e9261d114581,chode
1027,0f534924-a5a8-496b-ab9a-e9261d114581,hip hop
1028,104ae795-a8eb-437b-a474-10403b09aa9a,deathcore
1028,104ae795-a8eb-437b-a474-10403b09aa9a,alternative rock
1028,104ae795-a8eb-437b-a474-10403b09aa9a,rock
1028,104ae795-a8eb-437b-a474-10403b09aa9a,2020s
1028,104ae795-a8eb-437b-a474-10403b09aa9a,gen z
1028,104ae795-a8eb-437b-a474-10403b09aa9a,indie rock
1028,104ae795-a8eb-437b-a474-10403b09aa9a,rap rock
1028,104ae795-a8eb-437b-a474-10403b09aa9a,pop rock
1029,106533ae-cbcb-4e36-b652-11b2caa7bd9b,
1030,106ced3b-8782-4bed-9f5a-06deb9ad9163,trap
1030,106ced3b-8782-4bed-9f5a-06deb9ad9163,gangsta rap
1030,106ced3b-8782-4bed-9f5a-06deb9ad9163,pop rap
1030,106ced3b-8782-4bed-9f5a-06deb9ad9163,hip hop
1030,106ced3b-8782-4bed-9f5a-06deb9ad9163,southern hip hop
1030,106ced3b-8782-4bed-9f5a-06deb9ad9163,mumble rap
1031,11206f14-56ed-4f1d-8176-b1155935dc49,post-hardcore
1031,11206f14-56ed-4f1d-8176-b1155935dc49,metalcore
1031,11206f14-56ed-4f1d-8176-b1155935dc49,southern rock
1031,11206f14-56ed-4f1d-8176-b1155935dc49,southern metal
1032,11a217c7-4fd5-43d7-89fb-ef4f416e101a,southern hip hop
1032,11a217c7-4fd5-43d7-89fb-ef4f416e101a,hip-hop
1032,11a217c7-4fd5-43d7-89fb-ef4f416e101a,hardcore hip hop
1032,11a217c7-4fd5-43d7-89fb-ef4f416e101a,boom bap
1032,11a217c7-4fd5-43d7-89fb-ef4f416e101a,detroit
1032,11a217c7-4fd5-43d7-89fb-ef4f416e101a,midwest hip hop
1032,11a217c7-4fd5-43d7-89fb-ef4f416e101a,trap
1032,11a217c7-4fd5-43d7-89fb-ef4f416e101a,actor
1032,11a217c7-4fd5-43d7-89fb-ef4f416e101a,singer
1032,11a217c7-4fd5-43d7-89fb-ef4f416e101a,record producer
1032,11a217c7-4fd5-43d7-89fb-ef4f416e101a,music trade
1032,11a217c7-4fd5-43d7-89fb-ef4f416e101a,rap
1032,11a217c7-4fd5-43d7-89fb-ef4f416e101a,conscious hip hop
1032,11a217c7-4fd5-43d7-89fb-ef4f416e101a,pop rap
1032,11a217c7-4fd5-43d7-89fb-ef4f416e101a,midwestern hip-hop
1032,11a217c7-4fd5-43d7-89fb-ef4f416e101a,songwriter
1032,11a217c7-4fd5-43d7-89fb-ef4f416e101a,2008 universal fire victim
1032,11a217c7-4fd5-43d7-89fb-ef4f416e101a,hip hop
1032,11a217c7-4fd5-43d7-89fb-ef4f416e101a,detroit hip hop
1032,11a217c7-4fd5-43d7-89fb-ef4f416e101a,hip hop
1032,11a217c7-4fd5-43d7-89fb-ef4f416e101a,trap
1032,11a217c7-4fd5-43d7-89fb-ef4f416e101a,rapper
1032,11a217c7-4fd5-43d7-89fb-ef4f416e101a,horrorcore
1033,11c785f7-9f48-4ce1-9ddd-2235bceddf30,contemporary rap
1033,11c785f7-9f48-4ce1-9ddd-2235bceddf30,pop rap
1033,11c785f7-9f48-4ce1-9ddd-2235bceddf30,r&b
1033,11c785f7-9f48-4ce1-9ddd-2235bceddf30,hardcore hip hop
1033,11c785f7-9f48-4ce1-9ddd-2235bceddf30,contemporary r&b
1033,11c785f7-9f48-4ce1-9ddd-2235bceddf30,hip hop
1033,11c785f7-9f48-4ce1-9ddd-2235bceddf30,pop soul
1033,11c785f7-9f48-4ce1-9ddd-2235bceddf30,producer tag - pharrell
1033,11c785f7-9f48-4ce1-9ddd-2235bceddf30,soul
1033,11c785f7-9f48-4ce1-9ddd-2235bceddf30,pop
1033,11c785f7-9f48-4ce1-9ddd-2235bceddf30,trap
1033,11c785f7-9f48-4ce1-9ddd-2235bceddf30,hip hop
1033,11c785f7-9f48-4ce1-9ddd-2235bceddf30,hip hop
1033,11c785f7-9f48-4ce1-9ddd-2235bceddf30,pop rap
1033,11c785f7-9f48-4ce1-9ddd-2235bceddf30,southern hip hop
1033,11c785f7-9f48-4ce1-9ddd-2235bceddf30,mumble rap
1033,11c785f7-9f48-4ce1-9ddd-2235bceddf30,gangsta rap
1033,11c785f7-9f48-4ce1-9ddd-2235bceddf30,horrorcore
1033,11c785f7-9f48-4ce1-9ddd-2235bceddf30,west coast hip hop
1033,11c785f7-9f48-4ce1-9ddd-2235bceddf30,pop rap
1034,11db20e4-a946-4d64-bf43-2d7039eeaa16,pop
1034,11db20e4-a946-4d64-bf43-2d7039eeaa16,alternative rock
1034,11db20e4-a946-4d64-bf43-2d7039eeaa16,drum and bass
1034,11db20e4-a946-4d64-bf43-2d7039eeaa16,melodic metalcore
1034,11db20e4-a946-4d64-bf43-2d7039eeaa16,electronic
1034,11db20e4-a946-4d64-bf43-2d7039eeaa16,rock
1034,11db20e4-a946-4d64-bf43-2d7039eeaa16,electronic rock
1034,11db20e4-a946-4d64-bf43-2d7039eeaa16,deathcore
1034,11db20e4-a946-4d64-bf43-2d7039eeaa16,east coast hip hop
1034,11db20e4-a946-4d64-bf43-2d7039eeaa16,heavy metal
1034,11db20e4-a946-4d64-bf43-2d7039eeaa16,post-hardcore
1034,11db20e4-a946-4d64-bf43-2d7039eeaa16,screamo
1034,11db20e4-a946-4d64-bf43-2d7039eeaa16,pop rock
1034,11db20e4-a946-4d64-bf43-2d7039eeaa16,house
1034,11db20e4-a946-4d64-bf43-2d7039eeaa16,metalcore
1034,11db20e4-a946-4d64-bf43-2d7039eeaa16,hard rock
1034,11db20e4-a946-4d64-bf43-2d7039eeaa16,alternative metal
1034,11db20e4-a946-4d64-bf43-2d7039eeaa16,nu metal
1034,11db20e4-a946-4d64-bf43-2d7039eeaa16,emo
1034,11db20e4-a946-4d64-bf43-2d7039eeaa16,psychedelic rock
1034,11db20e4-a946-4d64-bf43-2d7039eeaa16,alternative/indie rock
1034,11db20e4-a946-4d64-bf43-2d7039eeaa16,hip hop
1034,11db20e4-a946-4d64-bf43-2d7039eeaa16,underground hip hop
1035,123a26b4-f63c-40e2-ac3d-01270cee8e20,hip hop
1035,123a26b4-f63c-40e2-ac3d-01270cee8e20,rap
1035,123a26b4-f63c-40e2-ac3d-01270cee8e20,2020s
1035,123a26b4-f63c-40e2-ac3d-01270cee8e20,2010s
1035,123a26b4-f63c-40e2-ac3d-01270cee8e20,southern hip hop
1035,123a26b4-f63c-40e2-ac3d-01270cee8e20,trap rap
1035,123a26b4-f63c-40e2-ac3d-01270cee8e20,hip hop
1035,123a26b4-f63c-40e2-ac3d-01270cee8e20,english
1035,123a26b4-f63c-40e2-ac3d-01270cee8e20,trap
1036,13696a67-7e52-41c7-9f60-13c1370c8eed,rock
1036,13696a67-7e52-41c7-9f60-13c1370c8eed,screamo
1036,13696a67-7e52-41c7-9f60-13c1370c8eed,post-hardcore
1036,13696a67-7e52-41c7-9f60-13c1370c8eed,hardcore punk
1036,13696a67-7e52-41c7-9f60-13c1370c8eed,emo
1036,13696a67-7e52-41c7-9f60-13c1370c8eed,easycore
1036,13696a67-7e52-41c7-9f60-13c1370c8eed,experimental rock
1036,13696a67-7e52-41c7-9f60-13c1370c8eed,scene
1036,13696a67-7e52-41c7-9f60-13c1370c8eed,pop
1036,13696a67-7e52-41c7-9f60-13c1370c8eed,melodic hardcore
1036,13696a67-7e52-41c7-9f60-13c1370c8eed,alternative/indie rock
1036,13696a67-7e52-41c7-9f60-13c1370c8eed,pop punk
1036,13696a67-7e52-41c7-9f60-13c1370c8eed,millennial
1036,13696a67-7e52-41c7-9f60-13c1370c8eed,alternative rock
1036,13696a67-7e52-41c7-9f60-13c1370c8eed,progressive rock
1036,13696a67-7e52-41c7-9f60-13c1370c8eed,alternative
1036,13696a67-7e52-41c7-9f60-13c1370c8eed,pop rock
1036,13696a67-7e52-41c7-9f60-13c1370c8eed,pop screamo
1037,137ac06a-d5dc-410c-8f14-4bdd656e200f,rap
1037,137ac06a-d5dc-410c-8f14-4bdd656e200f,southern hip hop
1037,137ac06a-d5dc-410c-8f14-4bdd656e200f,hip hop
1037,137ac06a-d5dc-410c-8f14-4bdd656e200f,trap
1037,137ac06a-d5dc-410c-8f14-4bdd656e200f,hip hop
1037,137ac06a-d5dc-410c-8f14-4bdd656e200f,trap
1037,137ac06a-d5dc-410c-8f14-4bdd656e200f,trap
1037,137ac06a-d5dc-410c-8f14-4bdd656e200f,rapper
1037,137ac06a-d5dc-410c-8f14-4bdd656e200f,hip hop
1037,137ac06a-d5dc-410c-8f14-4bdd656e200f,alternative hip hop
1038,13f7de2d-c8d4-4d2d-a061-421b5c126c44,
1039,13fa02fe-a982-405d-8b65-4a09ac92de9f,indie pop
1039,13fa02fe-a982-405d-8b65-4a09ac92de9f,tumblr
1039,13fa02fe-a982-405d-8b65-4a09ac92de9f,alternative rock
1040,1405fcb1-05c5-4f6f-874f-bb7eb51bbcba,rapper
1040,1405fcb1-05c5-4f6f-874f-bb7eb51bbcba,trap
1040,1405fcb1-05c5-4f6f-874f-bb7eb51bbcba,southern hip hop
1040,1405fcb1-05c5-4f6f-874f-bb7eb51bbcba,hip hop
1041,14cdcc57-68bf-466b-8ec9-57ef097c79bb,
1042,14d0cbff-9061-4066-8732-550ffe14a396,
1043,14e9b000-b3d8-453f-abb9-26fbdecf3dbc,american
1043,14e9b000-b3d8-453f-abb9-26fbdecf3dbc,grunge
1043,14e9b000-b3d8-453f-abb9-26fbdecf3dbc,hard rock
1043,14e9b000-b3d8-453f-abb9-26fbdecf3dbc,alternative rock
1043,14e9b000-b3d8-453f-abb9-26fbdecf3dbc,psychedelic rock
1043,14e9b000-b3d8-453f-abb9-26fbdecf3dbc,alternative metal
1043,14e9b000-b3d8-453f-abb9-26fbdecf3dbc,sludge metal
1044,15d9b9d9-9824-4909-a6e4-c5977af8daed,post-hardcore
1044,15d9b9d9-9824-4909-a6e4-c5977af8daed,experimental rock
1045,15e4c6f8-ce8e-4f62-8288-449a1adf3962,heavy metal
1045,15e4c6f8-ce8e-4f62-8288-449a1adf3962,alternative metal
1045,15e4c6f8-ce8e-4f62-8288-449a1adf3962,groove metal
1046,1611a3ab-70b5-4e23-b643-d32be03e95df,
1047,1617f8aa-768f-48a5-aee2-2c04bc0c8ae6,heavy metal
1047,1617f8aa-768f-48a5-aee2-2c04bc0c8ae6,rock
1047,1617f8aa-768f-48a5-aee2-2c04bc0c8ae6,hard rock
1047,1617f8aa-768f-48a5-aee2-2c04bc0c8ae6,alternative metal
1047,1617f8aa-768f-48a5-aee2-2c04bc0c8ae6,alternative rock
1047,1617f8aa-768f-48a5-aee2-2c04bc0c8ae6,progressive rock
1047,1617f8aa-768f-48a5-aee2-2c04bc0c8ae6,progressive metal
1048,16500487-5090-4d90-810c-7f828ddf1f07,post-hardcore
1048,16500487-5090-4d90-810c-7f828ddf1f07,metalcore
1048,16500487-5090-4d90-810c-7f828ddf1f07,southern rock
1048,16500487-5090-4d90-810c-7f828ddf1f07,southern metal
1049,16b56d2b-75d7-467a-b03b-aeeabf752a92,progressive rock
1049,16b56d2b-75d7-467a-b03b-aeeabf752a92,alternative pop
1049,16b56d2b-75d7-467a-b03b-aeeabf752a92,progressive metal
1049,16b56d2b-75d7-467a-b03b-aeeabf752a92,art pop
1049,16b56d2b-75d7-467a-b03b-aeeabf752a92,alternative r&b
1049,16b56d2b-75d7-467a-b03b-aeeabf752a92,djent
1049,16b56d2b-75d7-467a-b03b-aeeabf752a92,alternative metal
1050,16c65ba3-9dcb-4b01-8d26-a2e27c7f2298,metal
1050,16c65ba3-9dcb-4b01-8d26-a2e27c7f2298,post-grunge
1050,16c65ba3-9dcb-4b01-8d26-a2e27c7f2298,pop rock
1050,16c65ba3-9dcb-4b01-8d26-a2e27c7f2298,hard rock
1050,16c65ba3-9dcb-4b01-8d26-a2e27c7f2298,rock
1050,16c65ba3-9dcb-4b01-8d26-a2e27c7f2298,alternative metal
1051,1769a92c-6e11-48cf-a44f-ab925f0b5a72,hip hop
1051,1769a92c-6e11-48cf-a44f-ab925f0b5a72,reggaeton
1051,1769a92c-6e11-48cf-a44f-ab925f0b5a72,latin
1051,1769a92c-6e11-48cf-a44f-ab925f0b5a72,latin trap
1051,1769a92c-6e11-48cf-a44f-ab925f0b5a72,trap latino
1052,176b75cb-b7cb-4d93-aaa5-a1fb242bc69b,hard rock
1052,176b75cb-b7cb-4d93-aaa5-a1fb242bc69b,alternative metal
1052,176b75cb-b7cb-4d93-aaa5-a1fb242bc69b,rock
1052,176b75cb-b7cb-4d93-aaa5-a1fb242bc69b,pop rock
1052,176b75cb-b7cb-4d93-aaa5-a1fb242bc69b,metal
1052,176b75cb-b7cb-4d93-aaa5-a1fb242bc69b,post-grunge
1053,17cb09f6-ca54-457d-852b-b8fcf4966b2d,post-hardcore
1053,17cb09f6-ca54-457d-852b-b8fcf4966b2d,experimental rock
1054,18096680-abfb-4428-a914-7bc82ee61c6d,hip hop
1055,186f953f-3940-46ca-adf3-f70a80e658de,metalcore
1056,1878d513-3436-4495-a88d-08225ce9bd06,jazz
1056,1878d513-3436-4495-a88d-08225ce9bd06,disco
1056,1878d513-3436-4495-a88d-08225ce9bd06,dance
1056,1878d513-3436-4495-a88d-08225ce9bd06,house
1056,1878d513-3436-4495-a88d-08225ce9bd06,rap
1056,1878d513-3436-4495-a88d-08225ce9bd06,trap
1056,1878d513-3436-4495-a88d-08225ce9bd06,contemporary rap
1056,1878d513-3436-4495-a88d-08225ce9bd06,progressive rap
1056,1878d513-3436-4495-a88d-08225ce9bd06,pop
1056,1878d513-3436-4495-a88d-08225ce9bd06,west coast hip hop
1056,1878d513-3436-4495-a88d-08225ce9bd06,hardcore hip hop
1056,1878d513-3436-4495-a88d-08225ce9bd06,r&b
1056,1878d513-3436-4495-a88d-08225ce9bd06,hip hop
1056,1878d513-3436-4495-a88d-08225ce9bd06,pop rap
1056,1878d513-3436-4495-a88d-08225ce9bd06,future bass
1056,1878d513-3436-4495-a88d-08225ce9bd06,conscious hip hop
1056,1878d513-3436-4495-a88d-08225ce9bd06,jazz rap
1056,1878d513-3436-4495-a88d-08225ce9bd06,alternative hip hop
1056,1878d513-3436-4495-a88d-08225ce9bd06,gangsta rap
1056,1878d513-3436-4495-a88d-08225ce9bd06,2020s
1056,1878d513-3436-4495-a88d-08225ce9bd06,2010s
1056,1878d513-3436-4495-a88d-08225ce9bd06,conscious rapper
1057,18c2388f-1bc9-404a-bf2f-2c3c844c1d6e,tumblr
1057,18c2388f-1bc9-404a-bf2f-2c3c844c1d6e,alternative rock
1057,18c2388f-1bc9-404a-bf2f-2c3c844c1d6e,indie pop
1058,18e2cf75-1514-4d22-81bb-05c168f36de7,tumblr
1058,18e2cf75-1514-4d22-81bb-05c168f36de7,trap
1058,18e2cf75-1514-4d22-81bb-05c168f36de7,indie pop
1058,18e2cf75-1514-4d22-81bb-05c168f36de7,alternative rock
1058,18e2cf75-1514-4d22-81bb-05c168f36de7,hip hop
1059,194b7699-71d0-4064-9ac7-bff3735a4b03,progressive rap
1059,194b7699-71d0-4064-9ac7-bff3735a4b03,dance
1059,194b7699-71d0-4064-9ac7-bff3735a4b03,disco
1059,194b7699-71d0-4064-9ac7-bff3735a4b03,jazz
1059,194b7699-71d0-4064-9ac7-bff3735a4b03,hip hop
1059,194b7699-71d0-4064-9ac7-bff3735a4b03,hardcore hip hop
1059,194b7699-71d0-4064-9ac7-bff3735a4b03,west coast hip hop
1059,194b7699-71d0-4064-9ac7-bff3735a4b03,rap
1059,194b7699-71d0-4064-9ac7-bff3735a4b03,r&b
1059,194b7699-71d0-4064-9ac7-bff3735a4b03,pop rap
1059,194b7699-71d0-4064-9ac7-bff3735a4b03,trap
1059,194b7699-71d0-4064-9ac7-bff3735a4b03,jazz rap
1059,194b7699-71d0-4064-9ac7-bff3735a4b03,alternative hip hop
1059,194b7699-71d0-4064-9ac7-bff3735a4b03,gangsta rap
1059,194b7699-71d0-4064-9ac7-bff3735a4b03,2020s
1059,194b7699-71d0-4064-9ac7-bff3735a4b03,pop
1059,194b7699-71d0-4064-9ac7-bff3735a4b03,2010s
1059,194b7699-71d0-4064-9ac7-bff3735a4b03,conscious rapper
1059,194b7699-71d0-4064-9ac7-bff3735a4b03,contemporary rap
1059,194b7699-71d0-4064-9ac7-bff3735a4b03,future bass
1059,194b7699-71d0-4064-9ac7-bff3735a4b03,house
1059,194b7699-71d0-4064-9ac7-bff3735a4b03,conscious hip hop
1060,195bde02-02b1-44c6-81cc-3a15d7552e73,
1061,1994aa01-8923-4e7d-bf37-81e9a4cf2396,post-hardcore
1061,1994aa01-8923-4e7d-bf37-81e9a4cf2396,rock
1061,1994aa01-8923-4e7d-bf37-81e9a4cf2396,scene
1061,1994aa01-8923-4e7d-bf37-81e9a4cf2396,pop screamo
1062,1a37d78c-7003-4bb0-8ac4-d4fd40d5704b,alternative rock
1062,1a37d78c-7003-4bb0-8ac4-d4fd40d5704b,indie pop
1062,1a37d78c-7003-4bb0-8ac4-d4fd40d5704b,tumblr
1063,1a8a35b4-7aaf-4fda-874e-14091399a514,electronicore
1063,1a8a35b4-7aaf-4fda-874e-14091399a514,electronic rock
1063,1a8a35b4-7aaf-4fda-874e-14091399a514,hard rock
1063,1a8a35b4-7aaf-4fda-874e-14091399a514,metalcore
1063,1a8a35b4-7aaf-4fda-874e-14091399a514,post-hardcore
1063,1a8a35b4-7aaf-4fda-874e-14091399a514,emo
1063,1a8a35b4-7aaf-4fda-874e-14091399a514,emocore
1063,1a8a35b4-7aaf-4fda-874e-14091399a514,metal
1063,1a8a35b4-7aaf-4fda-874e-14091399a514,alternative rock
1063,1a8a35b4-7aaf-4fda-874e-14091399a514,electronic
1063,1a8a35b4-7aaf-4fda-874e-14091399a514,alternative metal
1063,1a8a35b4-7aaf-4fda-874e-14091399a514,rock
1063,1a8a35b4-7aaf-4fda-874e-14091399a514,melodic metalcore
1064,1ae6828a-9cda-4dd9-839c-a24cb90c3f74,millennial
1064,1ae6828a-9cda-4dd9-839c-a24cb90c3f74,pop punk
1064,1ae6828a-9cda-4dd9-839c-a24cb90c3f74,melodic hardcore
1064,1ae6828a-9cda-4dd9-839c-a24cb90c3f74,alternative/indie rock
1064,1ae6828a-9cda-4dd9-839c-a24cb90c3f74,screamo
1064,1ae6828a-9cda-4dd9-839c-a24cb90c3f74,alternative rock
1064,1ae6828a-9cda-4dd9-839c-a24cb90c3f74,scene
1064,1ae6828a-9cda-4dd9-839c-a24cb90c3f74,experimental rock
1064,1ae6828a-9cda-4dd9-839c-a24cb90c3f74,post-hardcore
1064,1ae6828a-9cda-4dd9-839c-a24cb90c3f74,progressive rock
1064,1ae6828a-9cda-4dd9-839c-a24cb90c3f74,pop screamo
1064,1ae6828a-9cda-4dd9-839c-a24cb90c3f74,alternative
1064,1ae6828a-9cda-4dd9-839c-a24cb90c3f74,emo
1064,1ae6828a-9cda-4dd9-839c-a24cb90c3f74,easycore
1064,1ae6828a-9cda-4dd9-839c-a24cb90c3f74,hardcore punk
1064,1ae6828a-9cda-4dd9-839c-a24cb90c3f74,pop
1064,1ae6828a-9cda-4dd9-839c-a24cb90c3f74,rock
1064,1ae6828a-9cda-4dd9-839c-a24cb90c3f74,pop rock
1065,1b402e45-817e-421c-b09b-56dee8e544c7,tumblr
1065,1b402e45-817e-421c-b09b-56dee8e544c7,alternative rock
1065,1b402e45-817e-421c-b09b-56dee8e544c7,indie pop
1066,1b81d4d9-12f1-4143-a71a-2cd629fbf0a0,indie pop
1066,1b81d4d9-12f1-4143-a71a-2cd629fbf0a0,pop rock
1067,1c3d176c-70d0-4908-ba78-2240012299c1,
1068,1d176b6e-242a-48ec-a9e3-5ae3e0e816dd,power pop
1068,1d176b6e-242a-48ec-a9e3-5ae3e0e816dd,emo
1068,1d176b6e-242a-48ec-a9e3-5ae3e0e816dd,alternative rock
1068,1d176b6e-242a-48ec-a9e3-5ae3e0e816dd,alternative
1068,1d176b6e-242a-48ec-a9e3-5ae3e0e816dd,rock
1068,1d176b6e-242a-48ec-a9e3-5ae3e0e816dd,pop punk
1068,1d176b6e-242a-48ec-a9e3-5ae3e0e816dd,pop rock
1069,1d4b7c3b-a8fc-44fa-9e90-8768ec4197dd,alternative metal
1069,1d4b7c3b-a8fc-44fa-9e90-8768ec4197dd,alternative rock
1069,1d4b7c3b-a8fc-44fa-9e90-8768ec4197dd,hard rock
1069,1d4b7c3b-a8fc-44fa-9e90-8768ec4197dd,heavy metal
1069,1d4b7c3b-a8fc-44fa-9e90-8768ec4197dd,progressive rock
1069,1d4b7c3b-a8fc-44fa-9e90-8768ec4197dd,progressive metal
1069,1d4b7c3b-a8fc-44fa-9e90-8768ec4197dd,rock
1070,1ea52e18-5045-4a8c-a16f-ae8a7043c0ef,alternative r&b
1070,1ea52e18-5045-4a8c-a16f-ae8a7043c0ef,alternative hip hop
1070,1ea52e18-5045-4a8c-a16f-ae8a7043c0ef,canadian hip hop
1070,1ea52e18-5045-4a8c-a16f-ae8a7043c0ef,dancehall
1070,1ea52e18-5045-4a8c-a16f-ae8a7043c0ef,contemporary r&b
1070,1ea52e18-5045-4a8c-a16f-ae8a7043c0ef,r&b
1070,1ea52e18-5045-4a8c-a16f-ae8a7043c0ef,hip hop
1071,1f1f1d47-4ec1-4ce5-a681-6ca08d11c079,contemporary country
1071,1f1f1d47-4ec1-4ce5-a681-6ca08d11c079,country
1071,1f1f1d47-4ec1-4ce5-a681-6ca08d11c079,country pop
1071,1f1f1d47-4ec1-4ce5-a681-6ca08d11c079,country rock
1071,1f1f1d47-4ec1-4ce5-a681-6ca08d11c079,bro-country
1072,205cafcf-0d9c-4430-82ed-d560b4e28521,metalcore
1073,2062905e-91cf-479d-b0f6-8227d436012b,swing
1073,2062905e-91cf-479d-b0f6-8227d436012b,contemporary r&b
1073,2062905e-91cf-479d-b0f6-8227d436012b,r&b
1073,2062905e-91cf-479d-b0f6-8227d436012b,hip hop
1073,2062905e-91cf-479d-b0f6-8227d436012b,contemporary r&b
1073,2062905e-91cf-479d-b0f6-8227d436012b,alternative r&b
1073,2062905e-91cf-479d-b0f6-8227d436012b,trap soul
1073,2062905e-91cf-479d-b0f6-8227d436012b,2010s
1073,2062905e-91cf-479d-b0f6-8227d436012b,pop soul
1073,2062905e-91cf-479d-b0f6-8227d436012b,hip hop soul
1074,2091a216-5ac9-46d1-9ec7-fcff989d67e9,rap
1074,2091a216-5ac9-46d1-9ec7-fcff989d67e9,hip hop
1075,209571c1-0df7-4358-8059-43fbec04f7ec,country
1075,209571c1-0df7-4358-8059-43fbec04f7ec,alternative country
1075,209571c1-0df7-4358-8059-43fbec04f7ec,americana
1075,209571c1-0df7-4358-8059-43fbec04f7ec,red dirt
1076,20df9bc6-0929-4b41-8a86-1697bb67dacb,
1077,20e59bfe-4197-4f8c-aacf-a0bdeaaa927e,metalcore
1078,2105a802-a404-4b5e-9491-c2ca39d60b31,alternative rock
1078,2105a802-a404-4b5e-9491-c2ca39d60b31,indie pop
1078,2105a802-a404-4b5e-9491-c2ca39d60b31,tumblr
1079,21ccb41e-276b-4d2d-8d9a-f4adca68b10b,country folk
1079,21ccb41e-276b-4d2d-8d9a-f4adca68b10b,country
1079,21ccb41e-276b-4d2d-8d9a-f4adca68b10b,indie folk
1079,21ccb41e-276b-4d2d-8d9a-f4adca68b10b,contemporary country
1080,2308a8b0-67e4-4dbd-b9b5-1cd3cce0c52e,
1081,2310544e-003a-4d85-aa96-634a55023954,hip hop
1081,2310544e-003a-4d85-aa96-634a55023954,trap
1081,2310544e-003a-4d85-aa96-634a55023954,hardcore hip hop
1081,2310544e-003a-4d85-aa96-634a55023954,experimental hip hop
1081,2310544e-003a-4d85-aa96-634a55023954,cloud rap
1081,2310544e-003a-4d85-aa96-634a55023954,east coast hip hop
1081,2310544e-003a-4d85-aa96-634a55023954,pop rap
1082,23701b63-1bab-4716-8838-f277617ccac4,tumblr
1082,23701b63-1bab-4716-8838-f277617ccac4,indie pop
1082,23701b63-1bab-4716-8838-f277617ccac4,alternative rock
1083,237b6930-395a-42b8-a042-e65c1afddbe6,pop punk
1083,237b6930-395a-42b8-a042-e65c1afddbe6,emo
1083,237b6930-395a-42b8-a042-e65c1afddbe6,pop
1083,237b6930-395a-42b8-a042-e65c1afddbe6,pop rock
1083,237b6930-395a-42b8-a042-e65c1afddbe6,alternative
1083,237b6930-395a-42b8-a042-e65c1afddbe6,emo-pop
1083,237b6930-395a-42b8-a042-e65c1afddbe6,alternative rock
1083,237b6930-395a-42b8-a042-e65c1afddbe6,rock
1083,237b6930-395a-42b8-a042-e65c1afddbe6,punk
1083,237b6930-395a-42b8-a042-e65c1afddbe6,neon pop
1083,237b6930-395a-42b8-a042-e65c1afddbe6,emo pop
1083,237b6930-395a-42b8-a042-e65c1afddbe6,powerpop
1083,237b6930-395a-42b8-a042-e65c1afddbe6,modern rock
1083,237b6930-395a-42b8-a042-e65c1afddbe6,alternative/indie rock
1083,237b6930-395a-42b8-a042-e65c1afddbe6,power pop
1084,240ce563-437b-41aa-901e-3067735c770c,hard rock
1084,240ce563-437b-41aa-901e-3067735c770c,post-grunge
1084,240ce563-437b-41aa-901e-3067735c770c,nu metal
1084,240ce563-437b-41aa-901e-3067735c770c,alternative rock
1084,240ce563-437b-41aa-901e-3067735c770c,alternative metal
1085,244d8a42-f670-416d-9e2b-dc9cb58ccf2a,
1086,24b11ad9-df6e-42d0-a008-e41c539822de,djent
1086,24b11ad9-df6e-42d0-a008-e41c539822de,progressive rock
1086,24b11ad9-df6e-42d0-a008-e41c539822de,progressive metal
1086,24b11ad9-df6e-42d0-a008-e41c539822de,art pop
1086,24b11ad9-df6e-42d0-a008-e41c539822de,alternative metal
1086,24b11ad9-df6e-42d0-a008-e41c539822de,alternative r&b
1086,24b11ad9-df6e-42d0-a008-e41c539822de,alternative pop
1087,25ef6e47-9972-45e0-ac45-1dd17df3cbb1,hip hop
1087,25ef6e47-9972-45e0-ac45-1dd17df3cbb1,english
1087,25ef6e47-9972-45e0-ac45-1dd17df3cbb1,pop rap
1087,25ef6e47-9972-45e0-ac45-1dd17df3cbb1,r&b
1087,25ef6e47-9972-45e0-ac45-1dd17df3cbb1,contemporary r&b
1087,25ef6e47-9972-45e0-ac45-1dd17df3cbb1,austin city limits
1087,25ef6e47-9972-45e0-ac45-1dd17df3cbb1,top 100
1087,25ef6e47-9972-45e0-ac45-1dd17df3cbb1,sxsw
1087,25ef6e47-9972-45e0-ac45-1dd17df3cbb1,top 100
1087,25ef6e47-9972-45e0-ac45-1dd17df3cbb1,drill
1087,25ef6e47-9972-45e0-ac45-1dd17df3cbb1,lecrae
1087,25ef6e47-9972-45e0-ac45-1dd17df3cbb1,pop rap
1087,25ef6e47-9972-45e0-ac45-1dd17df3cbb1,blessings
1087,25ef6e47-9972-45e0-ac45-1dd17df3cbb1,r&b
1087,25ef6e47-9972-45e0-ac45-1dd17df3cbb1,trap
1087,25ef6e47-9972-45e0-ac45-1dd17df3cbb1,rap
1087,25ef6e47-9972-45e0-ac45-1dd17df3cbb1,j. cole
1088,2654cbca-02c2-4899-9cbd-7fa0cef358ac,alternative metal
1088,2654cbca-02c2-4899-9cbd-7fa0cef358ac,art pop
1088,2654cbca-02c2-4899-9cbd-7fa0cef358ac,alternative pop
1088,2654cbca-02c2-4899-9cbd-7fa0cef358ac,progressive rock
1088,2654cbca-02c2-4899-9cbd-7fa0cef358ac,progressive metal
1088,2654cbca-02c2-4899-9cbd-7fa0cef358ac,alternative r&b
1088,2654cbca-02c2-4899-9cbd-7fa0cef358ac,djent
1089,26c9636e-bfbc-4382-8f84-365682c0e63e,alternative metal
1089,26c9636e-bfbc-4382-8f84-365682c0e63e,progressive metal
1089,26c9636e-bfbc-4382-8f84-365682c0e63e,art pop
1089,26c9636e-bfbc-4382-8f84-365682c0e63e,progressive rock
1089,26c9636e-bfbc-4382-8f84-365682c0e63e,alternative pop
1089,26c9636e-bfbc-4382-8f84-365682c0e63e,alternative r&b
1089,26c9636e-bfbc-4382-8f84-365682c0e63e,djent
1090,271ba79a-2bce-4f19-b8ee-2fd577f75485,
1091,272be1e2-9599-4b8d-b872-5e879881d103,blues
1091,272be1e2-9599-4b8d-b872-5e879881d103,adult alternative pop/rock
1091,272be1e2-9599-4b8d-b872-5e879881d103,soul
1091,272be1e2-9599-4b8d-b872-5e879881d103,contemporary singer/songwriter
1091,272be1e2-9599-4b8d-b872-5e879881d103,folk rock
1091,272be1e2-9599-4b8d-b872-5e879881d103,chamber pop
1091,272be1e2-9599-4b8d-b872-5e879881d103,rock
1091,272be1e2-9599-4b8d-b872-5e879881d103,r&b
1091,272be1e2-9599-4b8d-b872-5e879881d103,pop soul
1091,272be1e2-9599-4b8d-b872-5e879881d103,pop
1091,272be1e2-9599-4b8d-b872-5e879881d103,pop rock
1091,272be1e2-9599-4b8d-b872-5e879881d103,alternative
1091,272be1e2-9599-4b8d-b872-5e879881d103,indie rock
1091,272be1e2-9599-4b8d-b872-5e879881d103,alternative/indie rock
1091,272be1e2-9599-4b8d-b872-5e879881d103,blues rock
1091,272be1e2-9599-4b8d-b872-5e879881d103,singer-songwriter
1092,27788bfb-e5fa-44e4-9074-0e82994b7974,heavy metal
1092,27788bfb-e5fa-44e4-9074-0e82994b7974,alternative rock
1092,27788bfb-e5fa-44e4-9074-0e82994b7974,hard rock
1092,27788bfb-e5fa-44e4-9074-0e82994b7974,alternative metal
1092,27788bfb-e5fa-44e4-9074-0e82994b7974,progressive rock
1092,27788bfb-e5fa-44e4-9074-0e82994b7974,progressive metal
1092,27788bfb-e5fa-44e4-9074-0e82994b7974,rock
1093,279d22ff-84ab-4b0c-9b76-481e6cbee47c,hip hop
1093,279d22ff-84ab-4b0c-9b76-481e6cbee47c,trap
1093,279d22ff-84ab-4b0c-9b76-481e6cbee47c,2010s
1093,279d22ff-84ab-4b0c-9b76-481e6cbee47c,hip hop
1093,279d22ff-84ab-4b0c-9b76-481e6cbee47c,west coast hip hop
1093,279d22ff-84ab-4b0c-9b76-481e6cbee47c,pop rap
1093,279d22ff-84ab-4b0c-9b76-481e6cbee47c,east coast hip hop
1094,27f0a0c1-cafa-47e4-be2f-a8c19dfab2df,metalcore
1095,2869546f-190b-4ffa-bdd3-cfb83c0269ae,yg
1095,2869546f-190b-4ffa-bdd3-cfb83c0269ae,indie pop
1095,2869546f-190b-4ffa-bdd3-cfb83c0269ae,alternative rock
1095,2869546f-190b-4ffa-bdd3-cfb83c0269ae,ratchet music
1095,2869546f-190b-4ffa-bdd3-cfb83c0269ae,drake
1095,2869546f-190b-4ffa-bdd3-cfb83c0269ae,west coast hip hop
1095,2869546f-190b-4ffa-bdd3-cfb83c0269ae,tumblr
1095,2869546f-190b-4ffa-bdd3-cfb83c0269ae,hip hop
1096,28dc2225-5bbf-42d7-94ea-25b9bf672c01,post-hardcore
1096,28dc2225-5bbf-42d7-94ea-25b9bf672c01,pop punk
1096,28dc2225-5bbf-42d7-94ea-25b9bf672c01,pop screamo
1096,28dc2225-5bbf-42d7-94ea-25b9bf672c01,emo pop
1096,28dc2225-5bbf-42d7-94ea-25b9bf672c01,alternative rock
1096,28dc2225-5bbf-42d7-94ea-25b9bf672c01,acoustic
1096,28dc2225-5bbf-42d7-94ea-25b9bf672c01,metalcore
1097,292effe0-7b50-4eee-bb16-cf470b2a503d,pop
1097,292effe0-7b50-4eee-bb16-cf470b2a503d,pop rock
1097,292effe0-7b50-4eee-bb16-cf470b2a503d,gen z
1097,292effe0-7b50-4eee-bb16-cf470b2a503d,contemporary pop/rock
1097,292effe0-7b50-4eee-bb16-cf470b2a503d,contemporary singer/songwriter
1097,292effe0-7b50-4eee-bb16-cf470b2a503d,2020s
1098,2956ceea-13e8-4bec-a741-028894408f3a,new wave
1098,2956ceea-13e8-4bec-a741-028894408f3a,indie
1098,2956ceea-13e8-4bec-a741-028894408f3a,alternative
1099,2959edfa-f15f-4b90-a8ad-937505206d0c,post-hardcore
1099,2959edfa-f15f-4b90-a8ad-937505206d0c,pop screamo
1099,2959edfa-f15f-4b90-a8ad-937505206d0c,easycore
1099,2959edfa-f15f-4b90-a8ad-937505206d0c,screamo
1099,2959edfa-f15f-4b90-a8ad-937505206d0c,alternative rock
1099,2959edfa-f15f-4b90-a8ad-937505206d0c,pop rock
1099,2959edfa-f15f-4b90-a8ad-937505206d0c,millennial
1099,2959edfa-f15f-4b90-a8ad-937505206d0c,pop punk
1099,2959edfa-f15f-4b90-a8ad-937505206d0c,rock
1099,2959edfa-f15f-4b90-a8ad-937505206d0c,emo
1099,2959edfa-f15f-4b90-a8ad-937505206d0c,hardcore punk
1099,2959edfa-f15f-4b90-a8ad-937505206d0c,pop
1099,2959edfa-f15f-4b90-a8ad-937505206d0c,melodic hardcore
1099,2959edfa-f15f-4b90-a8ad-937505206d0c,scene
1099,2959edfa-f15f-4b90-a8ad-937505206d0c,progressive rock
1099,2959edfa-f15f-4b90-a8ad-937505206d0c,alternative/indie rock
1099,2959edfa-f15f-4b90-a8ad-937505206d0c,alternative
1099,2959edfa-f15f-4b90-a8ad-937505206d0c,experimental rock
1100,2a3ec3db-5305-461d-b075-ebff14cc3687,indie rock
1100,2a3ec3db-5305-461d-b075-ebff14cc3687,blues rock
1100,2a3ec3db-5305-461d-b075-ebff14cc3687,blue-eyed soul
1100,2a3ec3db-5305-461d-b075-ebff14cc3687,rock
1101,2ae7fb78-843a-4f54-87b6-86ce7f156212,dreamcore
1101,2ae7fb78-843a-4f54-87b6-86ce7f156212,hard rock
1101,2ae7fb78-843a-4f54-87b6-86ce7f156212,alternative rock
1101,2ae7fb78-843a-4f54-87b6-86ce7f156212,metalcore
1101,2ae7fb78-843a-4f54-87b6-86ce7f156212,pop rock
1102,2af1ce06-cc63-4e75-b5fa-71f7970f842f,
1103,2b2b877d-e03a-4975-93fc-dab6839b0e5f,
1104,2b41baad-54e6-4b3b-aea8-30ac837590ab,rock
1104,2b41baad-54e6-4b3b-aea8-30ac837590ab,electronic rock
1104,2b41baad-54e6-4b3b-aea8-30ac837590ab,alternative rock
1105,2b57cf52-a8b9-4890-874f-b84fda86e746,trap
1105,2b57cf52-a8b9-4890-874f-b84fda86e746,rapper
1105,2b57cf52-a8b9-4890-874f-b84fda86e746,j. cole
1105,2b57cf52-a8b9-4890-874f-b84fda86e746,pop rap
1105,2b57cf52-a8b9-4890-874f-b84fda86e746,hip hop
1105,2b57cf52-a8b9-4890-874f-b84fda86e746,southern hip hop
1105,2b57cf52-a8b9-4890-874f-b84fda86e746,top 100
1105,2b57cf52-a8b9-4890-874f-b84fda86e746,rap
1105,2b57cf52-a8b9-4890-874f-b84fda86e746,west coast hip hop
1105,2b57cf52-a8b9-4890-874f-b84fda86e746,trap
1105,2b57cf52-a8b9-4890-874f-b84fda86e746,southern hip hop
1105,2b57cf52-a8b9-4890-874f-b84fda86e746,hip hop
1105,2b57cf52-a8b9-4890-874f-b84fda86e746,trap
1105,2b57cf52-a8b9-4890-874f-b84fda86e746,trap
1105,2b57cf52-a8b9-4890-874f-b84fda86e746,hip hop
1105,2b57cf52-a8b9-4890-874f-b84fda86e746,pop rap
1105,2b57cf52-a8b9-4890-874f-b84fda86e746,scam rap
1105,2b57cf52-a8b9-4890-874f-b84fda86e746,hip hop
1105,2b57cf52-a8b9-4890-874f-b84fda86e746,hip hop
1105,2b57cf52-a8b9-4890-874f-b84fda86e746,west coast hip hop
1105,2b57cf52-a8b9-4890-874f-b84fda86e746,hip hop
1106,2b610050-12ca-4fc3-aa55-09c06db7bd53,hip hop
1106,2b610050-12ca-4fc3-aa55-09c06db7bd53,rap
1107,2ca99b4f-6144-4397-95e3-ecc3543d7af6,alternative
1107,2ca99b4f-6144-4397-95e3-ecc3543d7af6,pop screamo
1107,2ca99b4f-6144-4397-95e3-ecc3543d7af6,screamo
1107,2ca99b4f-6144-4397-95e3-ecc3543d7af6,melodic hardcore
1107,2ca99b4f-6144-4397-95e3-ecc3543d7af6,millennial
1107,2ca99b4f-6144-4397-95e3-ecc3543d7af6,scene
1107,2ca99b4f-6144-4397-95e3-ecc3543d7af6,emo
1107,2ca99b4f-6144-4397-95e3-ecc3543d7af6,pop punk
1107,2ca99b4f-6144-4397-95e3-ecc3543d7af6,pop rock
1107,2ca99b4f-6144-4397-95e3-ecc3543d7af6,pop
1107,2ca99b4f-6144-4397-95e3-ecc3543d7af6,hardcore punk
1107,2ca99b4f-6144-4397-95e3-ecc3543d7af6,progressive rock
1107,2ca99b4f-6144-4397-95e3-ecc3543d7af6,experimental rock
1107,2ca99b4f-6144-4397-95e3-ecc3543d7af6,alternative/indie rock
1107,2ca99b4f-6144-4397-95e3-ecc3543d7af6,rock
1107,2ca99b4f-6144-4397-95e3-ecc3543d7af6,post-hardcore
1107,2ca99b4f-6144-4397-95e3-ecc3543d7af6,alternative rock
1107,2ca99b4f-6144-4397-95e3-ecc3543d7af6,easycore
1108,2cdbc52e-e8f9-4dca-a1fd-e92cf0e97e07,east coast hip hop
1108,2cdbc52e-e8f9-4dca-a1fd-e92cf0e97e07,hip hop
1108,2cdbc52e-e8f9-4dca-a1fd-e92cf0e97e07,pop rap
1108,2cdbc52e-e8f9-4dca-a1fd-e92cf0e97e07,conscious hip hop
1108,2cdbc52e-e8f9-4dca-a1fd-e92cf0e97e07,boom bap
1108,2cdbc52e-e8f9-4dca-a1fd-e92cf0e97e07,jazz rap
1109,2cfbcc98-22d0-462d-ad57-06045ead88ed,pop punk
1109,2cfbcc98-22d0-462d-ad57-06045ead88ed,alternative rock
1110,2f258170-a763-4e80-a02c-7162adf60cd5,female singers
1110,2f258170-a763-4e80-a02c-7162adf60cd5,hard rock
1110,2f258170-a763-4e80-a02c-7162adf60cd5,hard rock
1110,2f258170-a763-4e80-a02c-7162adf60cd5,alternative rock
1111,2fd59961-1971-4f64-84ee-bad865a7ade1,rock
1111,2fd59961-1971-4f64-84ee-bad865a7ade1,alternative rock
1111,2fd59961-1971-4f64-84ee-bad865a7ade1,hard rock
1112,2fd5e581-49cb-4cc1-a38f-0dc77ebaceef,
1113,2fda5a53-e685-473f-b990-07f63ba9de7d,hip-hop
1113,2fda5a53-e685-473f-b990-07f63ba9de7d,top 5
1113,2fda5a53-e685-473f-b990-07f63ba9de7d,top 10
1113,2fda5a53-e685-473f-b990-07f63ba9de7d,hardcore hip hop
1113,2fda5a53-e685-473f-b990-07f63ba9de7d,trap rap
1113,2fda5a53-e685-473f-b990-07f63ba9de7d,pop
1113,2fda5a53-e685-473f-b990-07f63ba9de7d,rap
1113,2fda5a53-e685-473f-b990-07f63ba9de7d,trap
1113,2fda5a53-e685-473f-b990-07f63ba9de7d,alternative r&b
1113,2fda5a53-e685-473f-b990-07f63ba9de7d,pop rap
1113,2fda5a53-e685-473f-b990-07f63ba9de7d,top 100
1113,2fda5a53-e685-473f-b990-07f63ba9de7d,contemporary r&b
1113,2fda5a53-e685-473f-b990-07f63ba9de7d,southern hip hop
1113,2fda5a53-e685-473f-b990-07f63ba9de7d,sxsw
1113,2fda5a53-e685-473f-b990-07f63ba9de7d,r&b
1113,2fda5a53-e685-473f-b990-07f63ba9de7d,hip hop
1114,30a6feb0-e400-44a6-894d-02eb22d7a45a,hard rock
1114,30a6feb0-e400-44a6-894d-02eb22d7a45a,post-grunge
1114,30a6feb0-e400-44a6-894d-02eb22d7a45a,metal
1114,30a6feb0-e400-44a6-894d-02eb22d7a45a,alternative rock
1114,30a6feb0-e400-44a6-894d-02eb22d7a45a,alternative metal
1115,30be0f82-1a89-4fc4-be4e-f771787a2064,post-hardcore
1115,30be0f82-1a89-4fc4-be4e-f771787a2064,electronic
1115,30be0f82-1a89-4fc4-be4e-f771787a2064,alternative rock
1115,30be0f82-1a89-4fc4-be4e-f771787a2064,metalcore
1116,30e8eaff-c859-4f0a-bb05-6745a55bff0f,hip hop
1116,30e8eaff-c859-4f0a-bb05-6745a55bff0f,rap
1116,30e8eaff-c859-4f0a-bb05-6745a55bff0f,trap
1117,316d0c36-8246-43e7-b36f-a4c1a15fc1a1,alternative metal
1117,316d0c36-8246-43e7-b36f-a4c1a15fc1a1,alternative rock
1118,31baba72-2c99-4998-88dc-36251ae87d1c,metalcore
1118,31baba72-2c99-4998-88dc-36251ae87d1c,hard rock
1119,31f919e9-acbf-42ec-bf3e-d4a78b29a205,indie rock
1119,31f919e9-acbf-42ec-bf3e-d4a78b29a205,soul
1119,31f919e9-acbf-42ec-bf3e-d4a78b29a205,blues rock
1119,31f919e9-acbf-42ec-bf3e-d4a78b29a205,rock
1119,31f919e9-acbf-42ec-bf3e-d4a78b29a205,alternative
1119,31f919e9-acbf-42ec-bf3e-d4a78b29a205,pop soul
1119,31f919e9-acbf-42ec-bf3e-d4a78b29a205,pop
1119,31f919e9-acbf-42ec-bf3e-d4a78b29a205,blues
1119,31f919e9-acbf-42ec-bf3e-d4a78b29a205,pop rock
1119,31f919e9-acbf-42ec-bf3e-d4a78b29a205,folk rock
1119,31f919e9-acbf-42ec-bf3e-d4a78b29a205,singer-songwriter
1119,31f919e9-acbf-42ec-bf3e-d4a78b29a205,contemporary singer/songwriter
1119,31f919e9-acbf-42ec-bf3e-d4a78b29a205,alternative/indie rock
1119,31f919e9-acbf-42ec-bf3e-d4a78b29a205,chamber pop
1119,31f919e9-acbf-42ec-bf3e-d4a78b29a205,r&b
1119,31f919e9-acbf-42ec-bf3e-d4a78b29a205,adult alternative pop/rock
1120,321e1cee-e9db-4f7b-a423-c84ed6ecead1,pop rock
1120,321e1cee-e9db-4f7b-a423-c84ed6ecead1,electronic rock
1120,321e1cee-e9db-4f7b-a423-c84ed6ecead1,alternative rock
1120,321e1cee-e9db-4f7b-a423-c84ed6ecead1,melodic metalcore
1120,321e1cee-e9db-4f7b-a423-c84ed6ecead1,emo
1120,321e1cee-e9db-4f7b-a423-c84ed6ecead1,psychedelic rock
1120,321e1cee-e9db-4f7b-a423-c84ed6ecead1,nu metal
1120,321e1cee-e9db-4f7b-a423-c84ed6ecead1,heavy metal
1120,321e1cee-e9db-4f7b-a423-c84ed6ecead1,pop
1120,321e1cee-e9db-4f7b-a423-c84ed6ecead1,alternative/indie rock
1120,321e1cee-e9db-4f7b-a423-c84ed6ecead1,hard rock
1120,321e1cee-e9db-4f7b-a423-c84ed6ecead1,rock
1120,321e1cee-e9db-4f7b-a423-c84ed6ecead1,house
1120,321e1cee-e9db-4f7b-a423-c84ed6ecead1,drum and bass
1120,321e1cee-e9db-4f7b-a423-c84ed6ecead1,screamo
1120,321e1cee-e9db-4f7b-a423-c84ed6ecead1,electronic
1120,321e1cee-e9db-4f7b-a423-c84ed6ecead1,post-hardcore
1120,321e1cee-e9db-4f7b-a423-c84ed6ecead1,metalcore
1120,321e1cee-e9db-4f7b-a423-c84ed6ecead1,deathcore
1120,321e1cee-e9db-4f7b-a423-c84ed6ecead1,alternative metal
1121,332c290d-ae89-406d-a1c8-af0246a5e738,2010s
1121,332c290d-ae89-406d-a1c8-af0246a5e738,rap
1121,332c290d-ae89-406d-a1c8-af0246a5e738,emo rap
1121,332c290d-ae89-406d-a1c8-af0246a5e738,trap
1121,332c290d-ae89-406d-a1c8-af0246a5e738,death by murder
1121,332c290d-ae89-406d-a1c8-af0246a5e738,hip hop
1121,332c290d-ae89-406d-a1c8-af0246a5e738,trap metal
1121,332c290d-ae89-406d-a1c8-af0246a5e738,gen z
1122,336a7ab5-422f-4c05-90f5-f09931daaafd,gangsta rap
1122,336a7ab5-422f-4c05-90f5-f09931daaafd,pop
1122,336a7ab5-422f-4c05-90f5-f09931daaafd,alternative rnb
1122,336a7ab5-422f-4c05-90f5-f09931daaafd,female vocals
1122,336a7ab5-422f-4c05-90f5-f09931daaafd,hip hop soul
1122,336a7ab5-422f-4c05-90f5-f09931daaafd,trap
1122,336a7ab5-422f-4c05-90f5-f09931daaafd,pop rap
1122,336a7ab5-422f-4c05-90f5-f09931daaafd,neo soul
1122,336a7ab5-422f-4c05-90f5-f09931daaafd,r&b
1122,336a7ab5-422f-4c05-90f5-f09931daaafd,r&b
1122,336a7ab5-422f-4c05-90f5-f09931daaafd,alternative r&b
1122,336a7ab5-422f-4c05-90f5-f09931daaafd,contemporary r&b
1122,336a7ab5-422f-4c05-90f5-f09931daaafd,2020s
1122,336a7ab5-422f-4c05-90f5-f09931daaafd,alternative hip hop
1122,336a7ab5-422f-4c05-90f5-f09931daaafd,west coast hip hop
1122,336a7ab5-422f-4c05-90f5-f09931daaafd,rap
1122,336a7ab5-422f-4c05-90f5-f09931daaafd,jazz rap
1122,336a7ab5-422f-4c05-90f5-f09931daaafd,hardcore hip hop
1122,336a7ab5-422f-4c05-90f5-f09931daaafd,hip hop
1122,336a7ab5-422f-4c05-90f5-f09931daaafd,conscious hip hop
1122,336a7ab5-422f-4c05-90f5-f09931daaafd,conscious rapper
1122,336a7ab5-422f-4c05-90f5-f09931daaafd,contemporary rap
1122,336a7ab5-422f-4c05-90f5-f09931daaafd,future bass
1122,336a7ab5-422f-4c05-90f5-f09931daaafd,house
1122,336a7ab5-422f-4c05-90f5-f09931daaafd,electronic
1122,336a7ab5-422f-4c05-90f5-f09931daaafd,dance
1122,336a7ab5-422f-4c05-90f5-f09931daaafd,disco
1122,336a7ab5-422f-4c05-90f5-f09931daaafd,progressive rap
1122,336a7ab5-422f-4c05-90f5-f09931daaafd,jazz
1122,336a7ab5-422f-4c05-90f5-f09931daaafd,american
1122,336a7ab5-422f-4c05-90f5-f09931daaafd,neo-soul
1122,336a7ab5-422f-4c05-90f5-f09931daaafd,soul
1122,336a7ab5-422f-4c05-90f5-f09931daaafd,pop
1122,336a7ab5-422f-4c05-90f5-f09931daaafd,rnb
1122,336a7ab5-422f-4c05-90f5-f09931daaafd,2010s
1123,338ad413-df43-461d-97e7-8c0a1b01c9b6,metalcore
1124,346255f7-d0c5-48ce-9b69-2e654f60c168,powerpop
1124,346255f7-d0c5-48ce-9b69-2e654f60c168,pop
1124,346255f7-d0c5-48ce-9b69-2e654f60c168,alternative rock
1124,346255f7-d0c5-48ce-9b69-2e654f60c168,punk
1124,346255f7-d0c5-48ce-9b69-2e654f60c168,rock
1124,346255f7-d0c5-48ce-9b69-2e654f60c168,power pop
1124,346255f7-d0c5-48ce-9b69-2e654f60c168,emo
1124,346255f7-d0c5-48ce-9b69-2e654f60c168,alternative
1124,346255f7-d0c5-48ce-9b69-2e654f60c168,pop rock
1124,346255f7-d0c5-48ce-9b69-2e654f60c168,pop punk
1124,346255f7-d0c5-48ce-9b69-2e654f60c168,emo-pop
1124,346255f7-d0c5-48ce-9b69-2e654f60c168,emo pop
1124,346255f7-d0c5-48ce-9b69-2e654f60c168,modern rock
1124,346255f7-d0c5-48ce-9b69-2e654f60c168,alternative/indie rock
1124,346255f7-d0c5-48ce-9b69-2e654f60c168,neon pop
1125,3521d61f-3d9d-4b8b-a93f-89ade71fb161,yg
1125,3521d61f-3d9d-4b8b-a93f-89ade71fb161,west coast hip hop
1125,3521d61f-3d9d-4b8b-a93f-89ade71fb161,hip hop
1125,3521d61f-3d9d-4b8b-a93f-89ade71fb161,ratchet music
1125,3521d61f-3d9d-4b8b-a93f-89ade71fb161,drake
1126,352fa6c0-4f94-41fa-a0d2-462513b31bb9,hard rock
1126,352fa6c0-4f94-41fa-a0d2-462513b31bb9,metalcore
1127,35606333-58c7-49a9-849e-67ddeb30190a,rock
1127,35606333-58c7-49a9-849e-67ddeb30190a,alternative metal
1127,35606333-58c7-49a9-849e-67ddeb30190a,hard rock
1127,35606333-58c7-49a9-849e-67ddeb30190a,nu metal
1128,366ad4c5-1e4c-4680-8302-c3600071fa5c,hip hop
1128,366ad4c5-1e4c-4680-8302-c3600071fa5c,southern hip hop
1128,366ad4c5-1e4c-4680-8302-c3600071fa5c,rap
1129,36ac8cf7-8859-434b-976c-13f11c23ee6d,heavy metal
1129,36ac8cf7-8859-434b-976c-13f11c23ee6d,progressive metal
1129,36ac8cf7-8859-434b-976c-13f11c23ee6d,rock
1129,36ac8cf7-8859-434b-976c-13f11c23ee6d,alternative rock
1129,36ac8cf7-8859-434b-976c-13f11c23ee6d,progressive rock
1129,36ac8cf7-8859-434b-976c-13f11c23ee6d,alternative metal
1129,36ac8cf7-8859-434b-976c-13f11c23ee6d,hard rock
1130,372c1d5d-0a0f-44c9-a072-38733e85e32e,pop punk
1130,372c1d5d-0a0f-44c9-a072-38733e85e32e,emo pop
1130,372c1d5d-0a0f-44c9-a072-38733e85e32e,alternative rock
1130,372c1d5d-0a0f-44c9-a072-38733e85e32e,post-hardcore
1130,372c1d5d-0a0f-44c9-a072-38733e85e32e,acoustic
1130,372c1d5d-0a0f-44c9-a072-38733e85e32e,pop screamo
1130,372c1d5d-0a0f-44c9-a072-38733e85e32e,metalcore
1131,37908989-e8dc-49f9-a0e5-389fb8218229,psychedelic rock
1131,37908989-e8dc-49f9-a0e5-389fb8218229,metalcore
1131,37908989-e8dc-49f9-a0e5-389fb8218229,screamo
1131,37908989-e8dc-49f9-a0e5-389fb8218229,nu metal
1131,37908989-e8dc-49f9-a0e5-389fb8218229,alternative/indie rock
1131,37908989-e8dc-49f9-a0e5-389fb8218229,alternative metal
1131,37908989-e8dc-49f9-a0e5-389fb8218229,electronic
1131,37908989-e8dc-49f9-a0e5-389fb8218229,heavy metal
1131,37908989-e8dc-49f9-a0e5-389fb8218229,deathcore
1131,37908989-e8dc-49f9-a0e5-389fb8218229,rock
1131,37908989-e8dc-49f9-a0e5-389fb8218229,hard rock
1131,37908989-e8dc-49f9-a0e5-389fb8218229,melodic metalcore
1131,37908989-e8dc-49f9-a0e5-389fb8218229,drum and bass
1131,37908989-e8dc-49f9-a0e5-389fb8218229,post-hardcore
1131,37908989-e8dc-49f9-a0e5-389fb8218229,electronic rock
1131,37908989-e8dc-49f9-a0e5-389fb8218229,emo
1131,37908989-e8dc-49f9-a0e5-389fb8218229,pop rock
1131,37908989-e8dc-49f9-a0e5-389fb8218229,alternative rock
1131,37908989-e8dc-49f9-a0e5-389fb8218229,pop
1131,37908989-e8dc-49f9-a0e5-389fb8218229,house
1132,37966d79-8273-467b-b565-9e72980e787e,nu metal
1132,37966d79-8273-467b-b565-9e72980e787e,alternative rock
1132,37966d79-8273-467b-b565-9e72980e787e,alternative metal
1133,37b04338-bc18-41b7-9eb9-636213f81095,trap
1133,37b04338-bc18-41b7-9eb9-636213f81095,pop rap
1133,37b04338-bc18-41b7-9eb9-636213f81095,r&b
1133,37b04338-bc18-41b7-9eb9-636213f81095,hip hop
1133,37b04338-bc18-41b7-9eb9-636213f81095,contemporary rap
1133,37b04338-bc18-41b7-9eb9-636213f81095,house
1133,37b04338-bc18-41b7-9eb9-636213f81095,gangsta rap
1133,37b04338-bc18-41b7-9eb9-636213f81095,future bass
1133,37b04338-bc18-41b7-9eb9-636213f81095,pop
1133,37b04338-bc18-41b7-9eb9-636213f81095,jazz
1133,37b04338-bc18-41b7-9eb9-636213f81095,rap
1133,37b04338-bc18-41b7-9eb9-636213f81095,west coast hip hop
1133,37b04338-bc18-41b7-9eb9-636213f81095,conscious rapper
1133,37b04338-bc18-41b7-9eb9-636213f81095,2010s
1133,37b04338-bc18-41b7-9eb9-636213f81095,hardcore hip hop
1133,37b04338-bc18-41b7-9eb9-636213f81095,2020s
1133,37b04338-bc18-41b7-9eb9-636213f81095,conscious hip hop
1133,37b04338-bc18-41b7-9eb9-636213f81095,progressive rap
1133,37b04338-bc18-41b7-9eb9-636213f81095,jazz rap
1133,37b04338-bc18-41b7-9eb9-636213f81095,alternative hip hop
1133,37b04338-bc18-41b7-9eb9-636213f81095,disco
1133,37b04338-bc18-41b7-9eb9-636213f81095,dance
1134,398dcffc-8740-4b8b-8453-846fbf8c5de2,folk rock
1134,398dcffc-8740-4b8b-8453-846fbf8c5de2,stomp and holler
1134,398dcffc-8740-4b8b-8453-846fbf8c5de2,folk pop
1134,398dcffc-8740-4b8b-8453-846fbf8c5de2,pop rock
1134,398dcffc-8740-4b8b-8453-846fbf8c5de2,indie folk
1134,398dcffc-8740-4b8b-8453-846fbf8c5de2,rock
1134,398dcffc-8740-4b8b-8453-846fbf8c5de2,alternative rock
1134,398dcffc-8740-4b8b-8453-846fbf8c5de2,alt-country
1134,398dcffc-8740-4b8b-8453-846fbf8c5de2,americana
1135,39a0f855-9ace-4d54-8415-e43c31f92482,alternative rock
1135,39a0f855-9ace-4d54-8415-e43c31f92482,post-grunge
1135,39a0f855-9ace-4d54-8415-e43c31f92482,alternative metal
1135,39a0f855-9ace-4d54-8415-e43c31f92482,rock
1135,39a0f855-9ace-4d54-8415-e43c31f92482,hard rock
1136,3a211eda-83e0-4bca-9eb3-12dd968a8e33,alternative pop
1136,3a211eda-83e0-4bca-9eb3-12dd968a8e33,djent
1136,3a211eda-83e0-4bca-9eb3-12dd968a8e33,alternative metal
1136,3a211eda-83e0-4bca-9eb3-12dd968a8e33,progressive rock
1136,3a211eda-83e0-4bca-9eb3-12dd968a8e33,art pop
1136,3a211eda-83e0-4bca-9eb3-12dd968a8e33,progressive metal
1136,3a211eda-83e0-4bca-9eb3-12dd968a8e33,alternative r&b
1137,3b7d9b0b-8828-4bbd-a193-e2c176aa4266,rap
1137,3b7d9b0b-8828-4bbd-a193-e2c176aa4266,hip hop
1138,3b979ae0-6e00-4078-aa1d-a1924703ad86,
1139,3bb9e2b4-6618-4d6f-af39-ead88bae34e9,hip hop
1139,3bb9e2b4-6618-4d6f-af39-ead88bae34e9,rap
1140,3c7c65b5-e137-406c-a454-5dc140ace1cc,hip hop
1140,3c7c65b5-e137-406c-a454-5dc140ace1cc,rap
1141,3dd048e0-cd25-474c-b8dc-e99f131f128b,millennial
1141,3dd048e0-cd25-474c-b8dc-e99f131f128b,alternative/indie rock
1141,3dd048e0-cd25-474c-b8dc-e99f131f128b,emo
1141,3dd048e0-cd25-474c-b8dc-e99f131f128b,pop rock
1141,3dd048e0-cd25-474c-b8dc-e99f131f128b,progressive rock
1141,3dd048e0-cd25-474c-b8dc-e99f131f128b,hardcore punk
1141,3dd048e0-cd25-474c-b8dc-e99f131f128b,alternative rock
1141,3dd048e0-cd25-474c-b8dc-e99f131f128b,pop punk
1141,3dd048e0-cd25-474c-b8dc-e99f131f128b,rock
1141,3dd048e0-cd25-474c-b8dc-e99f131f128b,pop
1141,3dd048e0-cd25-474c-b8dc-e99f131f128b,easycore
1141,3dd048e0-cd25-474c-b8dc-e99f131f128b,scene
1141,3dd048e0-cd25-474c-b8dc-e99f131f128b,melodic hardcore
1141,3dd048e0-cd25-474c-b8dc-e99f131f128b,experimental rock
1141,3dd048e0-cd25-474c-b8dc-e99f131f128b,post-hardcore
1141,3dd048e0-cd25-474c-b8dc-e99f131f128b,screamo
1141,3dd048e0-cd25-474c-b8dc-e99f131f128b,pop screamo
1141,3dd048e0-cd25-474c-b8dc-e99f131f128b,alternative
1142,3ea520d6-e3a6-478b-a184-8121ded06f16,neo-soul
1142,3ea520d6-e3a6-478b-a184-8121ded06f16,electronic
1142,3ea520d6-e3a6-478b-a184-8121ded06f16,pop rap
1142,3ea520d6-e3a6-478b-a184-8121ded06f16,hip hop
1142,3ea520d6-e3a6-478b-a184-8121ded06f16,2020s
1142,3ea520d6-e3a6-478b-a184-8121ded06f16,gen z
1142,3ea520d6-e3a6-478b-a184-8121ded06f16,rnb
1142,3ea520d6-e3a6-478b-a184-8121ded06f16,hip-hop
1142,3ea520d6-e3a6-478b-a184-8121ded06f16,rap
1142,3ea520d6-e3a6-478b-a184-8121ded06f16,soul
1142,3ea520d6-e3a6-478b-a184-8121ded06f16,american
1142,3ea520d6-e3a6-478b-a184-8121ded06f16,pop
1142,3ea520d6-e3a6-478b-a184-8121ded06f16,hip hop soul
1142,3ea520d6-e3a6-478b-a184-8121ded06f16,neo soul
1142,3ea520d6-e3a6-478b-a184-8121ded06f16,r&b
1142,3ea520d6-e3a6-478b-a184-8121ded06f16,contemporary r&b
1142,3ea520d6-e3a6-478b-a184-8121ded06f16,alternative r&b
1142,3ea520d6-e3a6-478b-a184-8121ded06f16,female vocals
1142,3ea520d6-e3a6-478b-a184-8121ded06f16,alternative rnb
1142,3ea520d6-e3a6-478b-a184-8121ded06f16,rnb
1143,3ed88f5e-9803-41fe-997d-273cd0d46f4c,post-hardcore
1143,3ed88f5e-9803-41fe-997d-273cd0d46f4c,acoustic
1143,3ed88f5e-9803-41fe-997d-273cd0d46f4c,alternative rock
1143,3ed88f5e-9803-41fe-997d-273cd0d46f4c,pop screamo
1143,3ed88f5e-9803-41fe-997d-273cd0d46f4c,emo pop
1143,3ed88f5e-9803-41fe-997d-273cd0d46f4c,metalcore
1143,3ed88f5e-9803-41fe-997d-273cd0d46f4c,pop punk
1144,3edd30b1-7823-4dec-a251-a151498bd992,
1145,3efaab32-5731-4d5e-bd64-a5aa887035a2,hip hop
1145,3efaab32-5731-4d5e-bd64-a5aa887035a2,trap rap
1145,3efaab32-5731-4d5e-bd64-a5aa887035a2,english
1145,3efaab32-5731-4d5e-bd64-a5aa887035a2,southern hip hop
1145,3efaab32-5731-4d5e-bd64-a5aa887035a2,alté
1145,3efaab32-5731-4d5e-bd64-a5aa887035a2,neo soul
1145,3efaab32-5731-4d5e-bd64-a5aa887035a2,alternative r&b
1145,3efaab32-5731-4d5e-bd64-a5aa887035a2,2020s
1145,3efaab32-5731-4d5e-bd64-a5aa887035a2,rap
1145,3efaab32-5731-4d5e-bd64-a5aa887035a2,afrobeats
1145,3efaab32-5731-4d5e-bd64-a5aa887035a2,trap
1145,3efaab32-5731-4d5e-bd64-a5aa887035a2,hip hop
1145,3efaab32-5731-4d5e-bd64-a5aa887035a2,2010s
1146,3f3341ea-2219-4954-974d-c7717ce48af7,southern hip hop
1146,3f3341ea-2219-4954-974d-c7717ce48af7,hip hop
1146,3f3341ea-2219-4954-974d-c7717ce48af7,alternative rock
1146,3f3341ea-2219-4954-974d-c7717ce48af7,tumblr
1146,3f3341ea-2219-4954-974d-c7717ce48af7,indie pop
1147,3f53f66e-d16c-4b09-a0ad-023e6ad0b0cf,southern rock
1147,3f53f66e-d16c-4b09-a0ad-023e6ad0b0cf,southern metal
1147,3f53f66e-d16c-4b09-a0ad-023e6ad0b0cf,metalcore
1147,3f53f66e-d16c-4b09-a0ad-023e6ad0b0cf,post-hardcore
1148,4045786e-0933-425e-a3b7-8615282fb0e4,post-grunge
1148,4045786e-0933-425e-a3b7-8615282fb0e4,alternative rock
1148,4045786e-0933-425e-a3b7-8615282fb0e4,pop punk
1148,4045786e-0933-425e-a3b7-8615282fb0e4,uk
1148,4045786e-0933-425e-a3b7-8615282fb0e4,hardcore
1148,4045786e-0933-425e-a3b7-8615282fb0e4,ipswich
1148,4045786e-0933-425e-a3b7-8615282fb0e4,emo
1148,4045786e-0933-425e-a3b7-8615282fb0e4,melodic hardcore
1149,4119d13d-eb49-4322-bf20-ac5f94562a2f,
1150,41c65ec0-010f-4fa7-bb78-9ca827d3550d,post-grunge
1150,41c65ec0-010f-4fa7-bb78-9ca827d3550d,american
1150,41c65ec0-010f-4fa7-bb78-9ca827d3550d,grunge
1150,41c65ec0-010f-4fa7-bb78-9ca827d3550d,alternative rock
1150,41c65ec0-010f-4fa7-bb78-9ca827d3550d,rock
1150,41c65ec0-010f-4fa7-bb78-9ca827d3550d,hard rock
1151,4343b43c-94a4-4ab3-81bf-a334186be7d8,tumblr
1151,4343b43c-94a4-4ab3-81bf-a334186be7d8,alternative rock
1151,4343b43c-94a4-4ab3-81bf-a334186be7d8,indie pop
1152,43e2a217-bb38-40a9-88f7-ad9dfb2f91b6,electropop
1152,43e2a217-bb38-40a9-88f7-ad9dfb2f91b6,pop
1152,43e2a217-bb38-40a9-88f7-ad9dfb2f91b6,r&b
1152,43e2a217-bb38-40a9-88f7-ad9dfb2f91b6,trap rap
1152,43e2a217-bb38-40a9-88f7-ad9dfb2f91b6,contemporary r&b
1152,43e2a217-bb38-40a9-88f7-ad9dfb2f91b6,electro house
1152,43e2a217-bb38-40a9-88f7-ad9dfb2f91b6,2000s
1152,43e2a217-bb38-40a9-88f7-ad9dfb2f91b6,2010s
1152,43e2a217-bb38-40a9-88f7-ad9dfb2f91b6,trap
1152,43e2a217-bb38-40a9-88f7-ad9dfb2f91b6,dance
1152,43e2a217-bb38-40a9-88f7-ad9dfb2f91b6,hip hop
1152,43e2a217-bb38-40a9-88f7-ad9dfb2f91b6,2020s
1152,43e2a217-bb38-40a9-88f7-ad9dfb2f91b6,2010s
1152,43e2a217-bb38-40a9-88f7-ad9dfb2f91b6,english
1152,43e2a217-bb38-40a9-88f7-ad9dfb2f91b6,hip hop
1152,43e2a217-bb38-40a9-88f7-ad9dfb2f91b6,hip hop
1152,43e2a217-bb38-40a9-88f7-ad9dfb2f91b6,trap
1152,43e2a217-bb38-40a9-88f7-ad9dfb2f91b6,trap
1152,43e2a217-bb38-40a9-88f7-ad9dfb2f91b6,southern hip hop
1153,44658e73-cf08-4e6c-a850-a62a92ab409b,hard rock
1153,44658e73-cf08-4e6c-a850-a62a92ab409b,alternative rock
1153,44658e73-cf08-4e6c-a850-a62a92ab409b,rock
1154,448d9627-e47d-4da1-b8ab-2015100dbf95,indie pop
1154,448d9627-e47d-4da1-b8ab-2015100dbf95,alternative rock
1154,448d9627-e47d-4da1-b8ab-2015100dbf95,tumblr
1155,45547ebd-c8b6-4010-9b70-3b8cbd612042,tumblr
1155,45547ebd-c8b6-4010-9b70-3b8cbd612042,indie pop
1155,45547ebd-c8b6-4010-9b70-3b8cbd612042,alternative rock
1156,45a9d11b-a600-4f43-83d1-136483b855a7,americana
1156,45a9d11b-a600-4f43-83d1-136483b855a7,country
1156,45a9d11b-a600-4f43-83d1-136483b855a7,red dirt
1156,45a9d11b-a600-4f43-83d1-136483b855a7,alternative country
1157,45c0dbda-0abd-4d60-b62b-3aa1277226ff,left-field rap
1157,45c0dbda-0abd-4d60-b62b-3aa1277226ff,southern rap
1157,45c0dbda-0abd-4d60-b62b-3aa1277226ff,contemporary rap
1157,45c0dbda-0abd-4d60-b62b-3aa1277226ff,underground hip hop
1157,45c0dbda-0abd-4d60-b62b-3aa1277226ff,southern hip-hop
1157,45c0dbda-0abd-4d60-b62b-3aa1277226ff,alternative r&b
1157,45c0dbda-0abd-4d60-b62b-3aa1277226ff,hardcore hip hop
1157,45c0dbda-0abd-4d60-b62b-3aa1277226ff,future bass
1157,45c0dbda-0abd-4d60-b62b-3aa1277226ff,pop rap
1157,45c0dbda-0abd-4d60-b62b-3aa1277226ff,house
1157,45c0dbda-0abd-4d60-b62b-3aa1277226ff,trap
1157,45c0dbda-0abd-4d60-b62b-3aa1277226ff,experimental hip hop
1157,45c0dbda-0abd-4d60-b62b-3aa1277226ff,contemporary r&b
1157,45c0dbda-0abd-4d60-b62b-3aa1277226ff,conscious hip hop
1157,45c0dbda-0abd-4d60-b62b-3aa1277226ff,hip hop
1157,45c0dbda-0abd-4d60-b62b-3aa1277226ff,alternative hip hop
1158,46ee3e26-85d4-49e4-bc65-45a2544904cc,dancehall
1158,46ee3e26-85d4-49e4-bc65-45a2544904cc,contemporary r&b
1158,46ee3e26-85d4-49e4-bc65-45a2544904cc,trap
1158,46ee3e26-85d4-49e4-bc65-45a2544904cc,east coast hip hop
1158,46ee3e26-85d4-49e4-bc65-45a2544904cc,hip hop
1158,46ee3e26-85d4-49e4-bc65-45a2544904cc,hip hop
1158,46ee3e26-85d4-49e4-bc65-45a2544904cc,alternative hip hop
1158,46ee3e26-85d4-49e4-bc65-45a2544904cc,canadian hip hop
1158,46ee3e26-85d4-49e4-bc65-45a2544904cc,gangsta rap
1158,46ee3e26-85d4-49e4-bc65-45a2544904cc,alternative r&b
1158,46ee3e26-85d4-49e4-bc65-45a2544904cc,r&b
1159,4705bb31-56c4-4959-96da-c49ebb5eca4c,indie folk
1159,4705bb31-56c4-4959-96da-c49ebb5eca4c,indie rock
1159,4705bb31-56c4-4959-96da-c49ebb5eca4c,americana
1159,4705bb31-56c4-4959-96da-c49ebb5eca4c,blues rock
1159,4705bb31-56c4-4959-96da-c49ebb5eca4c,alternative rock
1159,4705bb31-56c4-4959-96da-c49ebb5eca4c,folk rock
1160,475f25f1-89bb-4f65-a4e2-f91ea238c00e,scene
1160,475f25f1-89bb-4f65-a4e2-f91ea238c00e,pop screamo
1160,475f25f1-89bb-4f65-a4e2-f91ea238c00e,post-hardcore
1160,475f25f1-89bb-4f65-a4e2-f91ea238c00e,rock
1161,47dc5865-f940-489d-a8b8-9a9e92295d1f,hip hop
1161,47dc5865-f940-489d-a8b8-9a9e92295d1f,trap
1161,47dc5865-f940-489d-a8b8-9a9e92295d1f,trap
1161,47dc5865-f940-489d-a8b8-9a9e92295d1f,hip hop
1161,47dc5865-f940-489d-a8b8-9a9e92295d1f,southern hip hop
1161,47dc5865-f940-489d-a8b8-9a9e92295d1f,detroit trap
1162,482aa5d4-2c12-44ac-ad69-249448d651d1,metalcore
1162,482aa5d4-2c12-44ac-ad69-249448d651d1,southern rock
1162,482aa5d4-2c12-44ac-ad69-249448d651d1,southern metal
1162,482aa5d4-2c12-44ac-ad69-249448d651d1,post-hardcore
1163,4ab25397-1c84-4660-b800-a4817fd5737a,hip hop
1164,4c163285-b9eb-408f-8a28-b771b9489479,finnish
1164,4c163285-b9eb-408f-8a28-b771b9489479,cello
1164,4c163285-b9eb-408f-8a28-b771b9489479,symphonic metal
1164,4c163285-b9eb-408f-8a28-b771b9489479,alternative metal
1164,4c163285-b9eb-408f-8a28-b771b9489479,neoclassical metal
1164,4c163285-b9eb-408f-8a28-b771b9489479,hard rock
1164,4c163285-b9eb-408f-8a28-b771b9489479,female singers
1164,4c163285-b9eb-408f-8a28-b771b9489479,heavy metal
1164,4c163285-b9eb-408f-8a28-b771b9489479,instrumental
1164,4c163285-b9eb-408f-8a28-b771b9489479,metal
1164,4c163285-b9eb-408f-8a28-b771b9489479,instrumental rock
1165,4c986184-424a-44bb-ad23-b6261f3d044f,psychedelic rock
1165,4c986184-424a-44bb-ad23-b6261f3d044f,garage rock
1165,4c986184-424a-44bb-ad23-b6261f3d044f,rock
1165,4c986184-424a-44bb-ad23-b6261f3d044f,psychedelic pop
1165,4c986184-424a-44bb-ad23-b6261f3d044f,garage rock revival
1165,4c986184-424a-44bb-ad23-b6261f3d044f,art rock
1165,4c986184-424a-44bb-ad23-b6261f3d044f,dance
1165,4c986184-424a-44bb-ad23-b6261f3d044f,indie rock
1165,4c986184-424a-44bb-ad23-b6261f3d044f,neo-psychedelia
1165,4c986184-424a-44bb-ad23-b6261f3d044f,uk
1165,4c986184-424a-44bb-ad23-b6261f3d044f,post-punk revival
1165,4c986184-424a-44bb-ad23-b6261f3d044f,baroque pop
1165,4c986184-424a-44bb-ad23-b6261f3d044f,electronica
1165,4c986184-424a-44bb-ad23-b6261f3d044f,alternative rock
1165,4c986184-424a-44bb-ad23-b6261f3d044f,house
1165,4c986184-424a-44bb-ad23-b6261f3d044f,pop
1165,4c986184-424a-44bb-ad23-b6261f3d044f,alternative
1165,4c986184-424a-44bb-ad23-b6261f3d044f,sheffield
1165,4c986184-424a-44bb-ad23-b6261f3d044f,british
1165,4c986184-424a-44bb-ad23-b6261f3d044f,alternative/indie rock
1166,4d603b04-cf23-4493-885a-d135c8215616,rap
1166,4d603b04-cf23-4493-885a-d135c8215616,hip hop
1167,4d68ed0b-d6d3-44a2-bd42-f65efa0011f3,rap
1167,4d68ed0b-d6d3-44a2-bd42-f65efa0011f3,hip hop
1168,4f063ddc-bfb1-4209-a5c9-8fe7244a2730,screamo
1168,4f063ddc-bfb1-4209-a5c9-8fe7244a2730,pop punk
1168,4f063ddc-bfb1-4209-a5c9-8fe7244a2730,melodic hardcore
1168,4f063ddc-bfb1-4209-a5c9-8fe7244a2730,experimental rock
1168,4f063ddc-bfb1-4209-a5c9-8fe7244a2730,rock
1168,4f063ddc-bfb1-4209-a5c9-8fe7244a2730,post-hardcore
1168,4f063ddc-bfb1-4209-a5c9-8fe7244a2730,emo
1168,4f063ddc-bfb1-4209-a5c9-8fe7244a2730,millennial
1168,4f063ddc-bfb1-4209-a5c9-8fe7244a2730,easycore
1168,4f063ddc-bfb1-4209-a5c9-8fe7244a2730,scene
1168,4f063ddc-bfb1-4209-a5c9-8fe7244a2730,alternative rock
1168,4f063ddc-bfb1-4209-a5c9-8fe7244a2730,alternative/indie rock
1168,4f063ddc-bfb1-4209-a5c9-8fe7244a2730,pop screamo
1168,4f063ddc-bfb1-4209-a5c9-8fe7244a2730,progressive rock
1168,4f063ddc-bfb1-4209-a5c9-8fe7244a2730,pop rock
1168,4f063ddc-bfb1-4209-a5c9-8fe7244a2730,alternative
1168,4f063ddc-bfb1-4209-a5c9-8fe7244a2730,hardcore punk
1168,4f063ddc-bfb1-4209-a5c9-8fe7244a2730,pop
1169,505ae984-deac-4c1c-a398-6ab4a0c48d21,alternative/indie rock
1169,505ae984-deac-4c1c-a398-6ab4a0c48d21,pop
1169,505ae984-deac-4c1c-a398-6ab4a0c48d21,alternative rock
1169,505ae984-deac-4c1c-a398-6ab4a0c48d21,pop punk
1169,505ae984-deac-4c1c-a398-6ab4a0c48d21,emo
1169,505ae984-deac-4c1c-a398-6ab4a0c48d21,neon pop
1169,505ae984-deac-4c1c-a398-6ab4a0c48d21,powerpop
1169,505ae984-deac-4c1c-a398-6ab4a0c48d21,modern rock
1169,505ae984-deac-4c1c-a398-6ab4a0c48d21,emo-pop
1169,505ae984-deac-4c1c-a398-6ab4a0c48d21,rock
1169,505ae984-deac-4c1c-a398-6ab4a0c48d21,alternative
1169,505ae984-deac-4c1c-a398-6ab4a0c48d21,power pop
1169,505ae984-deac-4c1c-a398-6ab4a0c48d21,emo pop
1169,505ae984-deac-4c1c-a398-6ab4a0c48d21,pop rock
1169,505ae984-deac-4c1c-a398-6ab4a0c48d21,punk
1170,50e03ee5-b9ca-4319-8b59-2c924cfc723f,easycore
1170,50e03ee5-b9ca-4319-8b59-2c924cfc723f,alternative rock
1170,50e03ee5-b9ca-4319-8b59-2c924cfc723f,alternative metal
1170,50e03ee5-b9ca-4319-8b59-2c924cfc723f,metalcore
1170,50e03ee5-b9ca-4319-8b59-2c924cfc723f,post-hardcore
1170,50e03ee5-b9ca-4319-8b59-2c924cfc723f,post-screamo
1171,51f80f16-e7af-43b3-a301-d8f94fcc6b98,dance
1171,51f80f16-e7af-43b3-a301-d8f94fcc6b98,alternative r&b
1171,51f80f16-e7af-43b3-a301-d8f94fcc6b98,female vocals
1171,51f80f16-e7af-43b3-a301-d8f94fcc6b98,alternative rnb
1171,51f80f16-e7af-43b3-a301-d8f94fcc6b98,rnb
1171,51f80f16-e7af-43b3-a301-d8f94fcc6b98,soul
1171,51f80f16-e7af-43b3-a301-d8f94fcc6b98,neo-soul
1171,51f80f16-e7af-43b3-a301-d8f94fcc6b98,american
1171,51f80f16-e7af-43b3-a301-d8f94fcc6b98,electronic
1171,51f80f16-e7af-43b3-a301-d8f94fcc6b98,pop
1171,51f80f16-e7af-43b3-a301-d8f94fcc6b98,trap
1171,51f80f16-e7af-43b3-a301-d8f94fcc6b98,pop rap
1171,51f80f16-e7af-43b3-a301-d8f94fcc6b98,r&b
1171,51f80f16-e7af-43b3-a301-d8f94fcc6b98,rap
1171,51f80f16-e7af-43b3-a301-d8f94fcc6b98,west coast hip hop
1171,51f80f16-e7af-43b3-a301-d8f94fcc6b98,hardcore hip hop
1171,51f80f16-e7af-43b3-a301-d8f94fcc6b98,hip hop
1171,51f80f16-e7af-43b3-a301-d8f94fcc6b98,conscious hip hop
1171,51f80f16-e7af-43b3-a301-d8f94fcc6b98,jazz rap
1171,51f80f16-e7af-43b3-a301-d8f94fcc6b98,alternative hip hop
1171,51f80f16-e7af-43b3-a301-d8f94fcc6b98,gangsta rap
1171,51f80f16-e7af-43b3-a301-d8f94fcc6b98,2020s
1171,51f80f16-e7af-43b3-a301-d8f94fcc6b98,2010s
1171,51f80f16-e7af-43b3-a301-d8f94fcc6b98,conscious rapper
1171,51f80f16-e7af-43b3-a301-d8f94fcc6b98,contemporary rap
1171,51f80f16-e7af-43b3-a301-d8f94fcc6b98,future bass
1171,51f80f16-e7af-43b3-a301-d8f94fcc6b98,house
1171,51f80f16-e7af-43b3-a301-d8f94fcc6b98,contemporary r&b
1171,51f80f16-e7af-43b3-a301-d8f94fcc6b98,disco
1171,51f80f16-e7af-43b3-a301-d8f94fcc6b98,progressive rap
1171,51f80f16-e7af-43b3-a301-d8f94fcc6b98,jazz
1171,51f80f16-e7af-43b3-a301-d8f94fcc6b98,pop
1171,51f80f16-e7af-43b3-a301-d8f94fcc6b98,hip hop soul
1171,51f80f16-e7af-43b3-a301-d8f94fcc6b98,neo soul
1171,51f80f16-e7af-43b3-a301-d8f94fcc6b98,r&b
1172,5204cd7a-f226-48a3-abd8-94de1fd6228d,hip hop
1172,5204cd7a-f226-48a3-abd8-94de1fd6228d,pop soul
1172,5204cd7a-f226-48a3-abd8-94de1fd6228d,trap soul
1172,5204cd7a-f226-48a3-abd8-94de1fd6228d,2010s
1172,5204cd7a-f226-48a3-abd8-94de1fd6228d,alternative r&b
1172,5204cd7a-f226-48a3-abd8-94de1fd6228d,hip hop soul
1172,5204cd7a-f226-48a3-abd8-94de1fd6228d,contemporary r&b
1173,52b58f33-eba3-4634-b621-321f0273b1fc,pop rock
1173,52b58f33-eba3-4634-b621-321f0273b1fc,pop screamo
1173,52b58f33-eba3-4634-b621-321f0273b1fc,rock
1173,52b58f33-eba3-4634-b621-321f0273b1fc,alternative
1173,52b58f33-eba3-4634-b621-321f0273b1fc,pop punk
1173,52b58f33-eba3-4634-b621-321f0273b1fc,melodic hardcore
1173,52b58f33-eba3-4634-b621-321f0273b1fc,scene
1173,52b58f33-eba3-4634-b621-321f0273b1fc,alternative/indie rock
1173,52b58f33-eba3-4634-b621-321f0273b1fc,experimental rock
1173,52b58f33-eba3-4634-b621-321f0273b1fc,alternative rock
1173,52b58f33-eba3-4634-b621-321f0273b1fc,hardcore punk
1173,52b58f33-eba3-4634-b621-321f0273b1fc,pop
1173,52b58f33-eba3-4634-b621-321f0273b1fc,screamo
1173,52b58f33-eba3-4634-b621-321f0273b1fc,millennial
1173,52b58f33-eba3-4634-b621-321f0273b1fc,progressive rock
1173,52b58f33-eba3-4634-b621-321f0273b1fc,post-hardcore
1173,52b58f33-eba3-4634-b621-321f0273b1fc,easycore
1173,52b58f33-eba3-4634-b621-321f0273b1fc,emo
1174,52dc5433-ce6f-4946-8b71-333e66bd37b8,electronic
1174,52dc5433-ce6f-4946-8b71-333e66bd37b8,pop
1174,52dc5433-ce6f-4946-8b71-333e66bd37b8,hip hop soul
1174,52dc5433-ce6f-4946-8b71-333e66bd37b8,neo-soul
1174,52dc5433-ce6f-4946-8b71-333e66bd37b8,american
1174,52dc5433-ce6f-4946-8b71-333e66bd37b8,neo soul
1174,52dc5433-ce6f-4946-8b71-333e66bd37b8,alternative rnb
1174,52dc5433-ce6f-4946-8b71-333e66bd37b8,female vocals
1174,52dc5433-ce6f-4946-8b71-333e66bd37b8,rnb
1174,52dc5433-ce6f-4946-8b71-333e66bd37b8,soul
1174,52dc5433-ce6f-4946-8b71-333e66bd37b8,alternative r&b
1174,52dc5433-ce6f-4946-8b71-333e66bd37b8,contemporary r&b
1174,52dc5433-ce6f-4946-8b71-333e66bd37b8,r&b
1175,52edb59a-0ae6-4678-b43b-160b4dbfb56d,trap
1175,52edb59a-0ae6-4678-b43b-160b4dbfb56d,gangsta rap
1175,52edb59a-0ae6-4678-b43b-160b4dbfb56d,east coast hip hop
1175,52edb59a-0ae6-4678-b43b-160b4dbfb56d,hip hop
1175,52edb59a-0ae6-4678-b43b-160b4dbfb56d,trap
1175,52edb59a-0ae6-4678-b43b-160b4dbfb56d,hip hop
1175,52edb59a-0ae6-4678-b43b-160b4dbfb56d,mumble rap
1175,52edb59a-0ae6-4678-b43b-160b4dbfb56d,southern hip hop
1175,52edb59a-0ae6-4678-b43b-160b4dbfb56d,rap
1175,52edb59a-0ae6-4678-b43b-160b4dbfb56d,rap musicians
1175,52edb59a-0ae6-4678-b43b-160b4dbfb56d,progressive rap
1176,5339459c-d3b2-44c8-bf30-11feb9d2db87,pop rap
1176,5339459c-d3b2-44c8-bf30-11feb9d2db87,trap
1176,5339459c-d3b2-44c8-bf30-11feb9d2db87,pop
1176,5339459c-d3b2-44c8-bf30-11feb9d2db87,r&b
1176,5339459c-d3b2-44c8-bf30-11feb9d2db87,rap
1176,5339459c-d3b2-44c8-bf30-11feb9d2db87,west coast hip hop
1176,5339459c-d3b2-44c8-bf30-11feb9d2db87,hardcore hip hop
1176,5339459c-d3b2-44c8-bf30-11feb9d2db87,hip hop
1176,5339459c-d3b2-44c8-bf30-11feb9d2db87,jazz rap
1176,5339459c-d3b2-44c8-bf30-11feb9d2db87,alternative hip hop
1176,5339459c-d3b2-44c8-bf30-11feb9d2db87,gangsta rap
1176,5339459c-d3b2-44c8-bf30-11feb9d2db87,conscious hip hop
1176,5339459c-d3b2-44c8-bf30-11feb9d2db87,2020s
1176,5339459c-d3b2-44c8-bf30-11feb9d2db87,2010s
1176,5339459c-d3b2-44c8-bf30-11feb9d2db87,conscious rapper
1176,5339459c-d3b2-44c8-bf30-11feb9d2db87,contemporary rap
1176,5339459c-d3b2-44c8-bf30-11feb9d2db87,future bass
1176,5339459c-d3b2-44c8-bf30-11feb9d2db87,house
1176,5339459c-d3b2-44c8-bf30-11feb9d2db87,dance
1176,5339459c-d3b2-44c8-bf30-11feb9d2db87,disco
1176,5339459c-d3b2-44c8-bf30-11feb9d2db87,progressive rap
1176,5339459c-d3b2-44c8-bf30-11feb9d2db87,jazz
1177,538661e2-f9bd-4354-84d5-abefc21d9ec5,trap soul
1177,538661e2-f9bd-4354-84d5-abefc21d9ec5,alternative r&b
1177,538661e2-f9bd-4354-84d5-abefc21d9ec5,trap
1177,538661e2-f9bd-4354-84d5-abefc21d9ec5,contemporary r&b
1178,53c45d5f-c284-4a1c-8f94-8a04099bbb28,alternative rnb
1178,53c45d5f-c284-4a1c-8f94-8a04099bbb28,trap pop
1178,53c45d5f-c284-4a1c-8f94-8a04099bbb28,electropop
1178,53c45d5f-c284-4a1c-8f94-8a04099bbb28,alternative pop
1178,53c45d5f-c284-4a1c-8f94-8a04099bbb28,2020s
1178,53c45d5f-c284-4a1c-8f94-8a04099bbb28,2010s
1178,53c45d5f-c284-4a1c-8f94-8a04099bbb28,pop rap
1179,540d5d28-1c1a-4158-9eaf-bc2c298f5d69,hip hop soul
1179,540d5d28-1c1a-4158-9eaf-bc2c298f5d69,2010s
1179,540d5d28-1c1a-4158-9eaf-bc2c298f5d69,trap soul
1179,540d5d28-1c1a-4158-9eaf-bc2c298f5d69,contemporary r&b
1179,540d5d28-1c1a-4158-9eaf-bc2c298f5d69,pop soul
1179,540d5d28-1c1a-4158-9eaf-bc2c298f5d69,hip hop
1179,540d5d28-1c1a-4158-9eaf-bc2c298f5d69,alternative r&b
1180,544469e1-40b4-462a-af1e-02f12335ecba,punk
1180,544469e1-40b4-462a-af1e-02f12335ecba,rock
1180,544469e1-40b4-462a-af1e-02f12335ecba,pop rock
1180,544469e1-40b4-462a-af1e-02f12335ecba,pop punk
1181,55b22152-81ef-4b9d-9830-b3538ba07d80,contemporary rap
1181,55b22152-81ef-4b9d-9830-b3538ba07d80,underground hip hop
1181,55b22152-81ef-4b9d-9830-b3538ba07d80,alternative r&b
1181,55b22152-81ef-4b9d-9830-b3538ba07d80,southern hip-hop
1181,55b22152-81ef-4b9d-9830-b3538ba07d80,southern rap
1181,55b22152-81ef-4b9d-9830-b3538ba07d80,left-field rap
1181,55b22152-81ef-4b9d-9830-b3538ba07d80,future bass
1181,55b22152-81ef-4b9d-9830-b3538ba07d80,pop rap
1181,55b22152-81ef-4b9d-9830-b3538ba07d80,house
1181,55b22152-81ef-4b9d-9830-b3538ba07d80,trap
1181,55b22152-81ef-4b9d-9830-b3538ba07d80,contemporary r&b
1181,55b22152-81ef-4b9d-9830-b3538ba07d80,experimental hip hop
1181,55b22152-81ef-4b9d-9830-b3538ba07d80,hardcore hip hop
1181,55b22152-81ef-4b9d-9830-b3538ba07d80,conscious hip hop
1181,55b22152-81ef-4b9d-9830-b3538ba07d80,hip hop
1181,55b22152-81ef-4b9d-9830-b3538ba07d80,alternative hip hop
1182,55d93c8d-d5a5-4504-91a1-5a63f994b9f6,electronic rock
1182,55d93c8d-d5a5-4504-91a1-5a63f994b9f6,deathcore
1182,55d93c8d-d5a5-4504-91a1-5a63f994b9f6,post-hardcore
1182,55d93c8d-d5a5-4504-91a1-5a63f994b9f6,pop rock
1182,55d93c8d-d5a5-4504-91a1-5a63f994b9f6,rock
1182,55d93c8d-d5a5-4504-91a1-5a63f994b9f6,electronic
1182,55d93c8d-d5a5-4504-91a1-5a63f994b9f6,pop
1182,55d93c8d-d5a5-4504-91a1-5a63f994b9f6,alternative rock
1182,55d93c8d-d5a5-4504-91a1-5a63f994b9f6,drum and bass
1182,55d93c8d-d5a5-4504-91a1-5a63f994b9f6,heavy metal
1182,55d93c8d-d5a5-4504-91a1-5a63f994b9f6,alternative/indie rock
1182,55d93c8d-d5a5-4504-91a1-5a63f994b9f6,house
1182,55d93c8d-d5a5-4504-91a1-5a63f994b9f6,metalcore
1182,55d93c8d-d5a5-4504-91a1-5a63f994b9f6,hard rock
1182,55d93c8d-d5a5-4504-91a1-5a63f994b9f6,nu metal
1182,55d93c8d-d5a5-4504-91a1-5a63f994b9f6,emo
1182,55d93c8d-d5a5-4504-91a1-5a63f994b9f6,screamo
1182,55d93c8d-d5a5-4504-91a1-5a63f994b9f6,psychedelic rock
1182,55d93c8d-d5a5-4504-91a1-5a63f994b9f6,alternative metal
1182,55d93c8d-d5a5-4504-91a1-5a63f994b9f6,melodic metalcore
1183,57014b95-d661-4a89-bf6c-cc707e45dff4,alternative metal
1183,57014b95-d661-4a89-bf6c-cc707e45dff4,hard rock
1183,57014b95-d661-4a89-bf6c-cc707e45dff4,nu metal
1183,57014b95-d661-4a89-bf6c-cc707e45dff4,rock
1184,57cbe61a-9871-4425-b523-0ab5e7b1a1b4,metalcore
1184,57cbe61a-9871-4425-b523-0ab5e7b1a1b4,alternative metal
1184,57cbe61a-9871-4425-b523-0ab5e7b1a1b4,post-screamo
1184,57cbe61a-9871-4425-b523-0ab5e7b1a1b4,post-hardcore
1184,57cbe61a-9871-4425-b523-0ab5e7b1a1b4,easycore
1184,57cbe61a-9871-4425-b523-0ab5e7b1a1b4,alternative rock
1185,57ddb1c0-6e7a-49cd-9e92-059286f1c9be,post-grunge
1185,57ddb1c0-6e7a-49cd-9e92-059286f1c9be,rock
1185,57ddb1c0-6e7a-49cd-9e92-059286f1c9be,canadian
1185,57ddb1c0-6e7a-49cd-9e92-059286f1c9be,metal
1185,57ddb1c0-6e7a-49cd-9e92-059286f1c9be,alternative metal
1185,57ddb1c0-6e7a-49cd-9e92-059286f1c9be,hard rock
1185,57ddb1c0-6e7a-49cd-9e92-059286f1c9be,nu metal
1185,57ddb1c0-6e7a-49cd-9e92-059286f1c9be,alternative rock
1186,5835528c-58e6-4436-b959-6c070eb6251b,nu metal
1186,5835528c-58e6-4436-b959-6c070eb6251b,electronic
1186,5835528c-58e6-4436-b959-6c070eb6251b,rock
1186,5835528c-58e6-4436-b959-6c070eb6251b,metal
1186,5835528c-58e6-4436-b959-6c070eb6251b,metalcore
1186,5835528c-58e6-4436-b959-6c070eb6251b,post-hardcore
1186,5835528c-58e6-4436-b959-6c070eb6251b,deathcore
1186,5835528c-58e6-4436-b959-6c070eb6251b,rap rock
1187,597e3a74-c4f7-4721-a398-4539198e91db,hip hop
1187,597e3a74-c4f7-4721-a398-4539198e91db,boom bap
1187,597e3a74-c4f7-4721-a398-4539198e91db,east coast hip hop
1187,597e3a74-c4f7-4721-a398-4539198e91db,conscious hip hop
1187,597e3a74-c4f7-4721-a398-4539198e91db,pop rap
1187,597e3a74-c4f7-4721-a398-4539198e91db,jazz rap
1188,5980ab43-fd3d-49e2-8b97-8749cd062b6b,
1189,59854fe3-6478-4788-b0b7-5c2ce3e90eea,vyrzukhisuc-artiest
1189,59854fe3-6478-4788-b0b7-5c2ce3e90eea,rock
1189,59854fe3-6478-4788-b0b7-5c2ce3e90eea,metal
1189,59854fe3-6478-4788-b0b7-5c2ce3e90eea,heavy metal
1189,59854fe3-6478-4788-b0b7-5c2ce3e90eea,hard rock
1190,59fc9002-6d9f-4931-99f7-5c3d2c1011e5,tumblr
1190,59fc9002-6d9f-4931-99f7-5c3d2c1011e5,indie pop
1190,59fc9002-6d9f-4931-99f7-5c3d2c1011e5,alternative rock
1191,5a97b963-3f1a-4da0-8b08-add3cb57fdca,alternative rock
1191,5a97b963-3f1a-4da0-8b08-add3cb57fdca,metal
1191,5a97b963-3f1a-4da0-8b08-add3cb57fdca,heavy metal
1191,5a97b963-3f1a-4da0-8b08-add3cb57fdca,nu metal
1191,5a97b963-3f1a-4da0-8b08-add3cb57fdca,shoegaze
1191,5a97b963-3f1a-4da0-8b08-add3cb57fdca,alternative metal
1192,5af76198-4435-4145-90b7-ef8b6bdaa8d3,post-hardcore
1192,5af76198-4435-4145-90b7-ef8b6bdaa8d3,melodic metalcore
1192,5af76198-4435-4145-90b7-ef8b6bdaa8d3,hardcore
1192,5af76198-4435-4145-90b7-ef8b6bdaa8d3,metalcore
1192,5af76198-4435-4145-90b7-ef8b6bdaa8d3,pop punk
1193,5afefe13-a09e-4228-943b-96256078c230,alternative rock
1193,5afefe13-a09e-4228-943b-96256078c230,indie pop
1193,5afefe13-a09e-4228-943b-96256078c230,tumblr
1194,5b002c53-6269-47b2-b7ee-207b8df4a3ba,post-hardcore
1194,5b002c53-6269-47b2-b7ee-207b8df4a3ba,metalcore
1194,5b002c53-6269-47b2-b7ee-207b8df4a3ba,melodic hardcore
1194,5b002c53-6269-47b2-b7ee-207b8df4a3ba,melodic metalcore
1194,5b002c53-6269-47b2-b7ee-207b8df4a3ba,hardcore
1195,5b1657a5-2e0c-4249-9488-655c7cd969a2,hip hop
1195,5b1657a5-2e0c-4249-9488-655c7cd969a2,underground
1195,5b1657a5-2e0c-4249-9488-655c7cd969a2,trap metal
1195,5b1657a5-2e0c-4249-9488-655c7cd969a2,southern hip hop
1195,5b1657a5-2e0c-4249-9488-655c7cd969a2,trap
1195,5b1657a5-2e0c-4249-9488-655c7cd969a2,hardcore hip hop
1195,5b1657a5-2e0c-4249-9488-655c7cd969a2,conscious hip hop
1195,5b1657a5-2e0c-4249-9488-655c7cd969a2,rap
1196,5ba1fcd3-71b5-4df0-82c8-12d6c1a3b8eb,
1197,5baf3fd9-65d0-4dbd-b2c0-c9cad27b9307,j. cole
1197,5baf3fd9-65d0-4dbd-b2c0-c9cad27b9307,rap
1197,5baf3fd9-65d0-4dbd-b2c0-c9cad27b9307,top 100
1197,5baf3fd9-65d0-4dbd-b2c0-c9cad27b9307,hip hop
1198,5cdf9191-dd9a-4bc5-a5e2-875378c54ce0,
1199,5ce32c3d-d73c-4d96-a805-bb3ee9a29ed1,alternative rock
1199,5ce32c3d-d73c-4d96-a805-bb3ee9a29ed1,tumblr
1199,5ce32c3d-d73c-4d96-a805-bb3ee9a29ed1,indie pop
1200,5d8cd06d-916a-4aad-966b-9dba216861ab,rock
1200,5d8cd06d-916a-4aad-966b-9dba216861ab,alternative metal
1200,5d8cd06d-916a-4aad-966b-9dba216861ab,nu metal
1200,5d8cd06d-916a-4aad-966b-9dba216861ab,hard rock
1201,5d9665dd-f26a-41bd-a490-8d5b230a4e16,folk pop
1201,5d9665dd-f26a-41bd-a490-8d5b230a4e16,folk
1201,5d9665dd-f26a-41bd-a490-8d5b230a4e16,pop
1202,5e0e80b9-ecd4-4bd7-9290-62ad89816c4a,pop
1202,5e0e80b9-ecd4-4bd7-9290-62ad89816c4a,english
1202,5e0e80b9-ecd4-4bd7-9290-62ad89816c4a,electronic
1202,5e0e80b9-ecd4-4bd7-9290-62ad89816c4a,dubstep
1202,5e0e80b9-ecd4-4bd7-9290-62ad89816c4a,pop rock
1202,5e0e80b9-ecd4-4bd7-9290-62ad89816c4a,heavy metal
1202,5e0e80b9-ecd4-4bd7-9290-62ad89816c4a,nu metal
1202,5e0e80b9-ecd4-4bd7-9290-62ad89816c4a,psychedelic rock
1202,5e0e80b9-ecd4-4bd7-9290-62ad89816c4a,alternative metal
1202,5e0e80b9-ecd4-4bd7-9290-62ad89816c4a,electronic rock
1202,5e0e80b9-ecd4-4bd7-9290-62ad89816c4a,pop rap
1202,5e0e80b9-ecd4-4bd7-9290-62ad89816c4a,alternative r&b
1202,5e0e80b9-ecd4-4bd7-9290-62ad89816c4a,rock
1202,5e0e80b9-ecd4-4bd7-9290-62ad89816c4a,hip hop
1202,5e0e80b9-ecd4-4bd7-9290-62ad89816c4a,rap
1202,5e0e80b9-ecd4-4bd7-9290-62ad89816c4a,hard rock
1202,5e0e80b9-ecd4-4bd7-9290-62ad89816c4a,emo
1202,5e0e80b9-ecd4-4bd7-9290-62ad89816c4a,alternative/indie rock
1202,5e0e80b9-ecd4-4bd7-9290-62ad89816c4a,melodic metalcore
1202,5e0e80b9-ecd4-4bd7-9290-62ad89816c4a,alternative rock
1202,5e0e80b9-ecd4-4bd7-9290-62ad89816c4a,house
1202,5e0e80b9-ecd4-4bd7-9290-62ad89816c4a,drum and bass
1202,5e0e80b9-ecd4-4bd7-9290-62ad89816c4a,screamo
1202,5e0e80b9-ecd4-4bd7-9290-62ad89816c4a,electronic
1202,5e0e80b9-ecd4-4bd7-9290-62ad89816c4a,post-hardcore
1202,5e0e80b9-ecd4-4bd7-9290-62ad89816c4a,metalcore
1202,5e0e80b9-ecd4-4bd7-9290-62ad89816c4a,deathcore
1203,5eaa5ccd-b4e4-451b-80ac-3d0e7f93dd76,southern hip hop
1203,5eaa5ccd-b4e4-451b-80ac-3d0e7f93dd76,top 10
1203,5eaa5ccd-b4e4-451b-80ac-3d0e7f93dd76,trap rap
1203,5eaa5ccd-b4e4-451b-80ac-3d0e7f93dd76,hip-hop
1203,5eaa5ccd-b4e4-451b-80ac-3d0e7f93dd76,top 5
1203,5eaa5ccd-b4e4-451b-80ac-3d0e7f93dd76,pop rap
1203,5eaa5ccd-b4e4-451b-80ac-3d0e7f93dd76,trap
1203,5eaa5ccd-b4e4-451b-80ac-3d0e7f93dd76,top 100
1203,5eaa5ccd-b4e4-451b-80ac-3d0e7f93dd76,hip hop
1203,5eaa5ccd-b4e4-451b-80ac-3d0e7f93dd76,contemporary r&b
1203,5eaa5ccd-b4e4-451b-80ac-3d0e7f93dd76,pop
1203,5eaa5ccd-b4e4-451b-80ac-3d0e7f93dd76,alternative r&b
1203,5eaa5ccd-b4e4-451b-80ac-3d0e7f93dd76,rap
1203,5eaa5ccd-b4e4-451b-80ac-3d0e7f93dd76,sxsw
1203,5eaa5ccd-b4e4-451b-80ac-3d0e7f93dd76,r&b
1203,5eaa5ccd-b4e4-451b-80ac-3d0e7f93dd76,hardcore hip hop
1204,5f233bff-613e-43d3-a537-6c03e7c3424b,alternative pop
1204,5f233bff-613e-43d3-a537-6c03e7c3424b,progressive metal
1204,5f233bff-613e-43d3-a537-6c03e7c3424b,progressive rock
1204,5f233bff-613e-43d3-a537-6c03e7c3424b,alternative metal
1204,5f233bff-613e-43d3-a537-6c03e7c3424b,alternative r&b
1204,5f233bff-613e-43d3-a537-6c03e7c3424b,djent
1204,5f233bff-613e-43d3-a537-6c03e7c3424b,art pop
1205,60a21162-077e-4150-8fe4-37fdc09d19b4,trap
1205,60a21162-077e-4150-8fe4-37fdc09d19b4,hip hop
1205,60a21162-077e-4150-8fe4-37fdc09d19b4,southern hip hop
1205,60a21162-077e-4150-8fe4-37fdc09d19b4,pop rap
1205,60a21162-077e-4150-8fe4-37fdc09d19b4,future bass
1205,60a21162-077e-4150-8fe4-37fdc09d19b4,trap edm
1205,60a21162-077e-4150-8fe4-37fdc09d19b4,r&b
1205,60a21162-077e-4150-8fe4-37fdc09d19b4,edm
1205,60a21162-077e-4150-8fe4-37fdc09d19b4,hybrid trap
1205,60a21162-077e-4150-8fe4-37fdc09d19b4,big room house
1205,60a21162-077e-4150-8fe4-37fdc09d19b4,festival trap
1205,60a21162-077e-4150-8fe4-37fdc09d19b4,detroit hip hop
1205,60a21162-077e-4150-8fe4-37fdc09d19b4,rap
1205,60a21162-077e-4150-8fe4-37fdc09d19b4,electronic
1205,60a21162-077e-4150-8fe4-37fdc09d19b4,trap
1205,60a21162-077e-4150-8fe4-37fdc09d19b4,drum and bass
1205,60a21162-077e-4150-8fe4-37fdc09d19b4,electro house
1205,60a21162-077e-4150-8fe4-37fdc09d19b4,dutch house
1206,60d0e471-ada9-4bc2-937f-b208fbaef332,hardcore
1206,60d0e471-ada9-4bc2-937f-b208fbaef332,melodic metalcore
1206,60d0e471-ada9-4bc2-937f-b208fbaef332,post-hardcore
1206,60d0e471-ada9-4bc2-937f-b208fbaef332,pop punk
1206,60d0e471-ada9-4bc2-937f-b208fbaef332,metalcore
1207,613cc40e-1e2f-44c0-8b07-4140c96b08ab,gangsta rap
1207,613cc40e-1e2f-44c0-8b07-4140c96b08ab,jazz
1207,613cc40e-1e2f-44c0-8b07-4140c96b08ab,progressive rap
1207,613cc40e-1e2f-44c0-8b07-4140c96b08ab,disco
1207,613cc40e-1e2f-44c0-8b07-4140c96b08ab,dance
1207,613cc40e-1e2f-44c0-8b07-4140c96b08ab,house
1207,613cc40e-1e2f-44c0-8b07-4140c96b08ab,future bass
1207,613cc40e-1e2f-44c0-8b07-4140c96b08ab,contemporary rap
1207,613cc40e-1e2f-44c0-8b07-4140c96b08ab,conscious rapper
1207,613cc40e-1e2f-44c0-8b07-4140c96b08ab,2010s
1207,613cc40e-1e2f-44c0-8b07-4140c96b08ab,2020s
1207,613cc40e-1e2f-44c0-8b07-4140c96b08ab,alternative hip hop
1207,613cc40e-1e2f-44c0-8b07-4140c96b08ab,jazz rap
1207,613cc40e-1e2f-44c0-8b07-4140c96b08ab,conscious hip hop
1207,613cc40e-1e2f-44c0-8b07-4140c96b08ab,hip hop
1207,613cc40e-1e2f-44c0-8b07-4140c96b08ab,hardcore hip hop
1207,613cc40e-1e2f-44c0-8b07-4140c96b08ab,west coast hip hop
1207,613cc40e-1e2f-44c0-8b07-4140c96b08ab,rap
1207,613cc40e-1e2f-44c0-8b07-4140c96b08ab,r&b
1207,613cc40e-1e2f-44c0-8b07-4140c96b08ab,pop rap
1207,613cc40e-1e2f-44c0-8b07-4140c96b08ab,trap
1207,613cc40e-1e2f-44c0-8b07-4140c96b08ab,pop
1207,613cc40e-1e2f-44c0-8b07-4140c96b08ab,r&b
1207,613cc40e-1e2f-44c0-8b07-4140c96b08ab,hip hop
1208,615dbdd4-14f9-453f-9174-41ebf10c9e00,mumble rap
1208,615dbdd4-14f9-453f-9174-41ebf10c9e00,trap
1208,615dbdd4-14f9-453f-9174-41ebf10c9e00,southern hip hop
1208,615dbdd4-14f9-453f-9174-41ebf10c9e00,gangsta rap
1208,615dbdd4-14f9-453f-9174-41ebf10c9e00,rap
1208,615dbdd4-14f9-453f-9174-41ebf10c9e00,pop rap
1208,615dbdd4-14f9-453f-9174-41ebf10c9e00,trap
1208,615dbdd4-14f9-453f-9174-41ebf10c9e00,hip hop
1208,615dbdd4-14f9-453f-9174-41ebf10c9e00,hip hop
1209,62250e94-b1e3-41f0-878b-736867fa7b50,power pop
1209,62250e94-b1e3-41f0-878b-736867fa7b50,alternative rock
1209,62250e94-b1e3-41f0-878b-736867fa7b50,rock
1209,62250e94-b1e3-41f0-878b-736867fa7b50,alternative
1209,62250e94-b1e3-41f0-878b-736867fa7b50,pop
1209,62250e94-b1e3-41f0-878b-736867fa7b50,emo-pop
1209,62250e94-b1e3-41f0-878b-736867fa7b50,pop rock
1209,62250e94-b1e3-41f0-878b-736867fa7b50,powerpop
1209,62250e94-b1e3-41f0-878b-736867fa7b50,emo
1209,62250e94-b1e3-41f0-878b-736867fa7b50,pop punk
1209,62250e94-b1e3-41f0-878b-736867fa7b50,modern rock
1209,62250e94-b1e3-41f0-878b-736867fa7b50,neon pop
1209,62250e94-b1e3-41f0-878b-736867fa7b50,punk
1209,62250e94-b1e3-41f0-878b-736867fa7b50,alternative/indie rock
1209,62250e94-b1e3-41f0-878b-736867fa7b50,emo pop
1210,62851a84-b837-4356-9e05-ebd8b68c0dad,midwest rap
1210,62851a84-b837-4356-9e05-ebd8b68c0dad,boom bap
1210,62851a84-b837-4356-9e05-ebd8b68c0dad,trap
1210,62851a84-b837-4356-9e05-ebd8b68c0dad,songwriter
1210,62851a84-b837-4356-9e05-ebd8b68c0dad,pop
1210,62851a84-b837-4356-9e05-ebd8b68c0dad,modeschöpfer
1210,62851a84-b837-4356-9e05-ebd8b68c0dad,sound recording executives and producers
1210,62851a84-b837-4356-9e05-ebd8b68c0dad,gospel music
1210,62851a84-b837-4356-9e05-ebd8b68c0dad,r&b
1210,62851a84-b837-4356-9e05-ebd8b68c0dad,contemporary r&b
1210,62851a84-b837-4356-9e05-ebd8b68c0dad,pop
1210,62851a84-b837-4356-9e05-ebd8b68c0dad,hip hop rnb and dance hall
1210,62851a84-b837-4356-9e05-ebd8b68c0dad,regisseur
1210,62851a84-b837-4356-9e05-ebd8b68c0dad,composers
1210,62851a84-b837-4356-9e05-ebd8b68c0dad,songwriter
1210,62851a84-b837-4356-9e05-ebd8b68c0dad,chipmunk soul
1210,62851a84-b837-4356-9e05-ebd8b68c0dad,hip hop
1210,62851a84-b837-4356-9e05-ebd8b68c0dad,singstimme
1210,62851a84-b837-4356-9e05-ebd8b68c0dad,alternative r&b
1210,62851a84-b837-4356-9e05-ebd8b68c0dad,rapmusiker
1210,62851a84-b837-4356-9e05-ebd8b68c0dad,contemporary rap
1210,62851a84-b837-4356-9e05-ebd8b68c0dad,rnb
1210,62851a84-b837-4356-9e05-ebd8b68c0dad,contemporary r&b
1210,62851a84-b837-4356-9e05-ebd8b68c0dad,electropop
1210,62851a84-b837-4356-9e05-ebd8b68c0dad,fashion designers
1210,62851a84-b837-4356-9e05-ebd8b68c0dad,pop rap
1210,62851a84-b837-4356-9e05-ebd8b68c0dad,house
1210,62851a84-b837-4356-9e05-ebd8b68c0dad,african american musicians
1210,62851a84-b837-4356-9e05-ebd8b68c0dad,future bass
1210,62851a84-b837-4356-9e05-ebd8b68c0dad,christian hip hop
1210,62851a84-b837-4356-9e05-ebd8b68c0dad,r&b
1210,62851a84-b837-4356-9e05-ebd8b68c0dad,experimental hip hop
1210,62851a84-b837-4356-9e05-ebd8b68c0dad,rap musicians
1210,62851a84-b837-4356-9e05-ebd8b68c0dad,producer
1210,62851a84-b837-4356-9e05-ebd8b68c0dad,musikproduzent
1210,62851a84-b837-4356-9e05-ebd8b68c0dad,contemporary r&b
1210,62851a84-b837-4356-9e05-ebd8b68c0dad,hardcore hip hop
1210,62851a84-b837-4356-9e05-ebd8b68c0dad,chipmunk soul
1210,62851a84-b837-4356-9e05-ebd8b68c0dad,deep house
1210,62851a84-b837-4356-9e05-ebd8b68c0dad,grammy winner
1210,62851a84-b837-4356-9e05-ebd8b68c0dad,queer
1210,62851a84-b837-4356-9e05-ebd8b68c0dad,r&b
1210,62851a84-b837-4356-9e05-ebd8b68c0dad,progressive rap
1210,62851a84-b837-4356-9e05-ebd8b68c0dad,conscious hip hop
1210,62851a84-b837-4356-9e05-ebd8b68c0dad,businesspeople
1210,62851a84-b837-4356-9e05-ebd8b68c0dad,pop rap
1210,62851a84-b837-4356-9e05-ebd8b68c0dad,hip hop
1210,62851a84-b837-4356-9e05-ebd8b68c0dad,singers
1210,62851a84-b837-4356-9e05-ebd8b68c0dad,pop
1210,62851a84-b837-4356-9e05-ebd8b68c0dad,east coast hip hop
1211,63122b25-ad57-427a-9f2b-50c562f9f1f5,alternative rock
1211,63122b25-ad57-427a-9f2b-50c562f9f1f5,experimental rock
1211,63122b25-ad57-427a-9f2b-50c562f9f1f5,post-hardcore
1212,638eb6ec-cc41-47aa-86ac-2e9d00b9f7a7,
1213,63a5be40-2fdb-4c4f-bf14-b12b8bc55239,top 100
1213,63a5be40-2fdb-4c4f-bf14-b12b8bc55239,detroit hip hop
1213,63a5be40-2fdb-4c4f-bf14-b12b8bc55239,southern rap
1213,63a5be40-2fdb-4c4f-bf14-b12b8bc55239,hip hop
1213,63a5be40-2fdb-4c4f-bf14-b12b8bc55239,trap
1213,63a5be40-2fdb-4c4f-bf14-b12b8bc55239,sxsw
1213,63a5be40-2fdb-4c4f-bf14-b12b8bc55239,2010s
1213,63a5be40-2fdb-4c4f-bf14-b12b8bc55239,hip-hop
1213,63a5be40-2fdb-4c4f-bf14-b12b8bc55239,hardcore hip hop
1213,63a5be40-2fdb-4c4f-bf14-b12b8bc55239,rap
1213,63a5be40-2fdb-4c4f-bf14-b12b8bc55239,dirty south
1213,63a5be40-2fdb-4c4f-bf14-b12b8bc55239,hardcore hip hop
1213,63a5be40-2fdb-4c4f-bf14-b12b8bc55239,electronica
1213,63a5be40-2fdb-4c4f-bf14-b12b8bc55239,trap music
1213,63a5be40-2fdb-4c4f-bf14-b12b8bc55239,alternative r&b
1213,63a5be40-2fdb-4c4f-bf14-b12b8bc55239,hip hop
1213,63a5be40-2fdb-4c4f-bf14-b12b8bc55239,hip hop
1213,63a5be40-2fdb-4c4f-bf14-b12b8bc55239,pop rap
1213,63a5be40-2fdb-4c4f-bf14-b12b8bc55239,contemporary rap
1213,63a5be40-2fdb-4c4f-bf14-b12b8bc55239,pop
1213,63a5be40-2fdb-4c4f-bf14-b12b8bc55239,trap rap
1213,63a5be40-2fdb-4c4f-bf14-b12b8bc55239,criminal
1213,63a5be40-2fdb-4c4f-bf14-b12b8bc55239,top 10
1213,63a5be40-2fdb-4c4f-bf14-b12b8bc55239,r&b
1213,63a5be40-2fdb-4c4f-bf14-b12b8bc55239,house
1213,63a5be40-2fdb-4c4f-bf14-b12b8bc55239,southern hip hop
1213,63a5be40-2fdb-4c4f-bf14-b12b8bc55239,future bass
1213,63a5be40-2fdb-4c4f-bf14-b12b8bc55239,trap
1213,63a5be40-2fdb-4c4f-bf14-b12b8bc55239,top 5
1213,63a5be40-2fdb-4c4f-bf14-b12b8bc55239,southern hip-hop
1213,63a5be40-2fdb-4c4f-bf14-b12b8bc55239,r&b
1213,63a5be40-2fdb-4c4f-bf14-b12b8bc55239,atlanta hip-hop
1213,63a5be40-2fdb-4c4f-bf14-b12b8bc55239,gangsta rap
1213,63a5be40-2fdb-4c4f-bf14-b12b8bc55239,pop rap
1213,63a5be40-2fdb-4c4f-bf14-b12b8bc55239,trap
1213,63a5be40-2fdb-4c4f-bf14-b12b8bc55239,contemporary r&b
1213,63a5be40-2fdb-4c4f-bf14-b12b8bc55239,southern hip hop
1213,63a5be40-2fdb-4c4f-bf14-b12b8bc55239,southern hip hop
1213,63a5be40-2fdb-4c4f-bf14-b12b8bc55239,r&b
1213,63a5be40-2fdb-4c4f-bf14-b12b8bc55239,rap
1214,63c17bc4-871e-4ef5-bfc2-f457bd68c856,post-hardcore
1214,63c17bc4-871e-4ef5-bfc2-f457bd68c856,experimental rock
1215,63c754d9-37e9-4002-8be3-443baf8d24c2,hardcore
1215,63c754d9-37e9-4002-8be3-443baf8d24c2,post-hardcore
1215,63c754d9-37e9-4002-8be3-443baf8d24c2,metal
1215,63c754d9-37e9-4002-8be3-443baf8d24c2,metalcore
1216,64104903-94d3-47db-a25b-ff6c9724b0e8,indie pop
1216,64104903-94d3-47db-a25b-ff6c9724b0e8,alternative rock
1216,64104903-94d3-47db-a25b-ff6c9724b0e8,tumblr
1217,6585d05f-0428-4649-92b9-fb67c89e4247,rock
1217,6585d05f-0428-4649-92b9-fb67c89e4247,heavy metal
1217,6585d05f-0428-4649-92b9-fb67c89e4247,alternative rock
1217,6585d05f-0428-4649-92b9-fb67c89e4247,hard rock
1217,6585d05f-0428-4649-92b9-fb67c89e4247,alternative metal
1217,6585d05f-0428-4649-92b9-fb67c89e4247,progressive rock
1217,6585d05f-0428-4649-92b9-fb67c89e4247,progressive metal
1218,66f3846a-f203-41be-b425-e27db7f360df,heavy metal
1218,66f3846a-f203-41be-b425-e27db7f360df,progressive rock
1218,66f3846a-f203-41be-b425-e27db7f360df,progressive metal
1218,66f3846a-f203-41be-b425-e27db7f360df,rock
1218,66f3846a-f203-41be-b425-e27db7f360df,alternative metal
1218,66f3846a-f203-41be-b425-e27db7f360df,hard rock
1218,66f3846a-f203-41be-b425-e27db7f360df,alternative rock
1219,67893a21-f6cc-4378-901a-789d3186a0e1,alternative rock
1219,67893a21-f6cc-4378-901a-789d3186a0e1,indie pop
1219,67893a21-f6cc-4378-901a-789d3186a0e1,tumblr
1220,67f58fc3-0661-4c5b-909e-3876dfdb08b9,
1221,684e53d2-456b-401e-ad8c-42ec1beed6d9,alternative metal
1221,684e53d2-456b-401e-ad8c-42ec1beed6d9,djent
1221,684e53d2-456b-401e-ad8c-42ec1beed6d9,metalcore
1221,684e53d2-456b-401e-ad8c-42ec1beed6d9,metal
1221,684e53d2-456b-401e-ad8c-42ec1beed6d9,rock and indie
1222,68bd4100-fb8f-4790-88ac-4267b8e4c9f9,metalcore
1223,68f6c1a3-382c-4f46-8250-597fe8134982,progressive rock
1223,68f6c1a3-382c-4f46-8250-597fe8134982,alternative metal
1223,68f6c1a3-382c-4f46-8250-597fe8134982,art pop
1223,68f6c1a3-382c-4f46-8250-597fe8134982,alternative r&b
1223,68f6c1a3-382c-4f46-8250-597fe8134982,djent
1223,68f6c1a3-382c-4f46-8250-597fe8134982,alternative pop
1223,68f6c1a3-382c-4f46-8250-597fe8134982,progressive metal
1224,691293a7-9904-4d0d-8245-42bb581ac8bb,alternative rock
1224,691293a7-9904-4d0d-8245-42bb581ac8bb,progressive rock
1224,691293a7-9904-4d0d-8245-42bb581ac8bb,rock
1224,691293a7-9904-4d0d-8245-42bb581ac8bb,progressive metal
1224,691293a7-9904-4d0d-8245-42bb581ac8bb,hard rock
1224,691293a7-9904-4d0d-8245-42bb581ac8bb,alternative metal
1224,691293a7-9904-4d0d-8245-42bb581ac8bb,heavy metal
1225,697865c2-a9b4-439c-a447-1392f239aaa1,southern hip hop
1225,697865c2-a9b4-439c-a447-1392f239aaa1,rapper
1225,697865c2-a9b4-439c-a447-1392f239aaa1,hip hop
1225,697865c2-a9b4-439c-a447-1392f239aaa1,trap
1226,69c7fe3d-512f-4daf-b4ba-84e994373fe4,alternative rock
1226,69c7fe3d-512f-4daf-b4ba-84e994373fe4,tumblr
1226,69c7fe3d-512f-4daf-b4ba-84e994373fe4,indie pop
1227,69e8e32c-ca45-4a2d-91a0-971c5a0f8186,power pop
1227,69e8e32c-ca45-4a2d-91a0-971c5a0f8186,alternative rock
1227,69e8e32c-ca45-4a2d-91a0-971c5a0f8186,emo
1227,69e8e32c-ca45-4a2d-91a0-971c5a0f8186,pop rock
1227,69e8e32c-ca45-4a2d-91a0-971c5a0f8186,pop punk
1227,69e8e32c-ca45-4a2d-91a0-971c5a0f8186,rock
1227,69e8e32c-ca45-4a2d-91a0-971c5a0f8186,alternative
1228,6a06d548-ab59-4fc2-b762-560b059d3937,tumblr
1228,6a06d548-ab59-4fc2-b762-560b059d3937,alternative rock
1228,6a06d548-ab59-4fc2-b762-560b059d3937,indie pop
1229,6aa7d4ab-82c6-458a-a287-a26281ee093a,art pop
1229,6aa7d4ab-82c6-458a-a287-a26281ee093a,alternative r&b
1229,6aa7d4ab-82c6-458a-a287-a26281ee093a,djent
1229,6aa7d4ab-82c6-458a-a287-a26281ee093a,progressive rock
1229,6aa7d4ab-82c6-458a-a287-a26281ee093a,alternative pop
1229,6aa7d4ab-82c6-458a-a287-a26281ee093a,alternative metal
1229,6aa7d4ab-82c6-458a-a287-a26281ee093a,progressive metal
1230,6ad0cea9-50b9-4f87-9639-5e98806b1452,melodic hardcore
1230,6ad0cea9-50b9-4f87-9639-5e98806b1452,post-hardcore
1230,6ad0cea9-50b9-4f87-9639-5e98806b1452,rock
1230,6ad0cea9-50b9-4f87-9639-5e98806b1452,millennial
1230,6ad0cea9-50b9-4f87-9639-5e98806b1452,pop
1230,6ad0cea9-50b9-4f87-9639-5e98806b1452,pop screamo
1230,6ad0cea9-50b9-4f87-9639-5e98806b1452,screamo
1230,6ad0cea9-50b9-4f87-9639-5e98806b1452,hardcore punk
1230,6ad0cea9-50b9-4f87-9639-5e98806b1452,alternative
1230,6ad0cea9-50b9-4f87-9639-5e98806b1452,progressive rock
1230,6ad0cea9-50b9-4f87-9639-5e98806b1452,pop punk
1230,6ad0cea9-50b9-4f87-9639-5e98806b1452,alternative rock
1230,6ad0cea9-50b9-4f87-9639-5e98806b1452,alternative/indie rock
1230,6ad0cea9-50b9-4f87-9639-5e98806b1452,emo
1230,6ad0cea9-50b9-4f87-9639-5e98806b1452,easycore
1230,6ad0cea9-50b9-4f87-9639-5e98806b1452,pop rock
1230,6ad0cea9-50b9-4f87-9639-5e98806b1452,scene
1230,6ad0cea9-50b9-4f87-9639-5e98806b1452,experimental rock
1231,6b79b0cc-3d8c-4420-a7d3-ac4f5ee8f652,alternative pop
1231,6b79b0cc-3d8c-4420-a7d3-ac4f5ee8f652,art pop
1231,6b79b0cc-3d8c-4420-a7d3-ac4f5ee8f652,alternative metal
1231,6b79b0cc-3d8c-4420-a7d3-ac4f5ee8f652,progressive metal
1231,6b79b0cc-3d8c-4420-a7d3-ac4f5ee8f652,alternative r&b
1231,6b79b0cc-3d8c-4420-a7d3-ac4f5ee8f652,djent
1231,6b79b0cc-3d8c-4420-a7d3-ac4f5ee8f652,progressive rock
1232,6c20e48a-2dff-4e6c-8081-f098438bfa50,heavy metal
1232,6c20e48a-2dff-4e6c-8081-f098438bfa50,progressive rock
1232,6c20e48a-2dff-4e6c-8081-f098438bfa50,alternative metal
1232,6c20e48a-2dff-4e6c-8081-f098438bfa50,rock
1232,6c20e48a-2dff-4e6c-8081-f098438bfa50,progressive metal
1232,6c20e48a-2dff-4e6c-8081-f098438bfa50,hard rock
1232,6c20e48a-2dff-4e6c-8081-f098438bfa50,alternative rock
1233,6c240f4b-f4ab-4b31-9fe7-46fe1262a583,hip hop
1233,6c240f4b-f4ab-4b31-9fe7-46fe1262a583,hip hop
1233,6c240f4b-f4ab-4b31-9fe7-46fe1262a583,trap
1233,6c240f4b-f4ab-4b31-9fe7-46fe1262a583,gangsta rap
1233,6c240f4b-f4ab-4b31-9fe7-46fe1262a583,west coast hip hop
1233,6c240f4b-f4ab-4b31-9fe7-46fe1262a583,hardcore hip hop
1234,6c282560-6e13-491e-843d-fce9a8021aa6,vegan
1234,6c282560-6e13-491e-843d-fce9a8021aa6,rock
1234,6c282560-6e13-491e-843d-fce9a8021aa6,punk rock
1235,6c87a766-307f-4fc0-8295-b17654b5b2c5,west coast hip hop
1235,6c87a766-307f-4fc0-8295-b17654b5b2c5,trap
1235,6c87a766-307f-4fc0-8295-b17654b5b2c5,hip hop
1236,6cabd0c3-1259-4881-892f-a4a3986a0077,post-hardcore
1236,6cabd0c3-1259-4881-892f-a4a3986a0077,experimental rock
1237,6d50fae7-e9ac-43ff-9c1f-10882afa2f42,hardcore punk
1237,6d50fae7-e9ac-43ff-9c1f-10882afa2f42,millennial
1237,6d50fae7-e9ac-43ff-9c1f-10882afa2f42,pop
1237,6d50fae7-e9ac-43ff-9c1f-10882afa2f42,scene
1237,6d50fae7-e9ac-43ff-9c1f-10882afa2f42,alternative
1237,6d50fae7-e9ac-43ff-9c1f-10882afa2f42,rock
1237,6d50fae7-e9ac-43ff-9c1f-10882afa2f42,pop rock
1237,6d50fae7-e9ac-43ff-9c1f-10882afa2f42,alternative rock
1237,6d50fae7-e9ac-43ff-9c1f-10882afa2f42,progressive rock
1237,6d50fae7-e9ac-43ff-9c1f-10882afa2f42,emo
1237,6d50fae7-e9ac-43ff-9c1f-10882afa2f42,experimental rock
1237,6d50fae7-e9ac-43ff-9c1f-10882afa2f42,easycore
1237,6d50fae7-e9ac-43ff-9c1f-10882afa2f42,pop punk
1237,6d50fae7-e9ac-43ff-9c1f-10882afa2f42,alternative/indie rock
1237,6d50fae7-e9ac-43ff-9c1f-10882afa2f42,melodic hardcore
1237,6d50fae7-e9ac-43ff-9c1f-10882afa2f42,post-hardcore
1237,6d50fae7-e9ac-43ff-9c1f-10882afa2f42,pop screamo
1237,6d50fae7-e9ac-43ff-9c1f-10882afa2f42,screamo
1238,6d9f25a6-9bc2-42c3-80c2-e30d2584d785,dance
1238,6d9f25a6-9bc2-42c3-80c2-e30d2584d785,drum and bass
1238,6d9f25a6-9bc2-42c3-80c2-e30d2584d785,house
1238,6d9f25a6-9bc2-42c3-80c2-e30d2584d785,pop
1238,6d9f25a6-9bc2-42c3-80c2-e30d2584d785,electronic
1238,6d9f25a6-9bc2-42c3-80c2-e30d2584d785,post-hardcore
1238,6d9f25a6-9bc2-42c3-80c2-e30d2584d785,metalcore
1238,6d9f25a6-9bc2-42c3-80c2-e30d2584d785,deathcore
1238,6d9f25a6-9bc2-42c3-80c2-e30d2584d785,pop rock
1238,6d9f25a6-9bc2-42c3-80c2-e30d2584d785,alternative metal
1238,6d9f25a6-9bc2-42c3-80c2-e30d2584d785,electronic rock
1238,6d9f25a6-9bc2-42c3-80c2-e30d2584d785,alternative/indie rock
1238,6d9f25a6-9bc2-42c3-80c2-e30d2584d785,rock
1238,6d9f25a6-9bc2-42c3-80c2-e30d2584d785,emo
1238,6d9f25a6-9bc2-42c3-80c2-e30d2584d785,screamo
1238,6d9f25a6-9bc2-42c3-80c2-e30d2584d785,heavy metal
1238,6d9f25a6-9bc2-42c3-80c2-e30d2584d785,punk metal
1238,6d9f25a6-9bc2-42c3-80c2-e30d2584d785,hard rock
1238,6d9f25a6-9bc2-42c3-80c2-e30d2584d785,alternative
1238,6d9f25a6-9bc2-42c3-80c2-e30d2584d785,rock
1238,6d9f25a6-9bc2-42c3-80c2-e30d2584d785,dubstep
1238,6d9f25a6-9bc2-42c3-80c2-e30d2584d785,industrial rock
1238,6d9f25a6-9bc2-42c3-80c2-e30d2584d785,christian hardcore
1238,6d9f25a6-9bc2-42c3-80c2-e30d2584d785,hardcore
1238,6d9f25a6-9bc2-42c3-80c2-e30d2584d785,post-hardcore
1238,6d9f25a6-9bc2-42c3-80c2-e30d2584d785,deathcore
1238,6d9f25a6-9bc2-42c3-80c2-e30d2584d785,metalcore
1238,6d9f25a6-9bc2-42c3-80c2-e30d2584d785,melodic metalcore
1238,6d9f25a6-9bc2-42c3-80c2-e30d2584d785,alternative rock
1238,6d9f25a6-9bc2-42c3-80c2-e30d2584d785,melodic metalcore
1238,6d9f25a6-9bc2-42c3-80c2-e30d2584d785,emo
1238,6d9f25a6-9bc2-42c3-80c2-e30d2584d785,psychedelic rock
1238,6d9f25a6-9bc2-42c3-80c2-e30d2584d785,nu metal
1238,6d9f25a6-9bc2-42c3-80c2-e30d2584d785,heavy metal
1238,6d9f25a6-9bc2-42c3-80c2-e30d2584d785,pop
1238,6d9f25a6-9bc2-42c3-80c2-e30d2584d785,alternative/indie rock
1238,6d9f25a6-9bc2-42c3-80c2-e30d2584d785,hard rock
1238,6d9f25a6-9bc2-42c3-80c2-e30d2584d785,metal
1238,6d9f25a6-9bc2-42c3-80c2-e30d2584d785,christian metal
1238,6d9f25a6-9bc2-42c3-80c2-e30d2584d785,screamo
1239,6ef841df-8bc7-496d-8414-cfa22dd12aa6,alternative metal
1239,6ef841df-8bc7-496d-8414-cfa22dd12aa6,metal
1239,6ef841df-8bc7-496d-8414-cfa22dd12aa6,shoegaze
1240,6f0ecce5-2fb0-45d1-9da1-62aa437b6d64,pop rock
1240,6f0ecce5-2fb0-45d1-9da1-62aa437b6d64,alternative rock
1240,6f0ecce5-2fb0-45d1-9da1-62aa437b6d64,indie rock
1240,6f0ecce5-2fb0-45d1-9da1-62aa437b6d64,rock
1241,6f2b4fa8-55f9-4d06-8c41-a5d5f4fca63b,folk pop
1241,6f2b4fa8-55f9-4d06-8c41-a5d5f4fca63b,pop
1241,6f2b4fa8-55f9-4d06-8c41-a5d5f4fca63b,folk
1242,6f442524-3f75-4f39-b26b-8cd1ee12831a,electronic
1242,6f442524-3f75-4f39-b26b-8cd1ee12831a,metalcore
1242,6f442524-3f75-4f39-b26b-8cd1ee12831a,alternative metal
1242,6f442524-3f75-4f39-b26b-8cd1ee12831a,heavy metal
1242,6f442524-3f75-4f39-b26b-8cd1ee12831a,trancecore
1242,6f442524-3f75-4f39-b26b-8cd1ee12831a,post-hardcore
1242,6f442524-3f75-4f39-b26b-8cd1ee12831a,screamo
1243,6f799bd0-6cd7-46ce-9bc3-3c3c8c89180c,contemporary r&b
1243,6f799bd0-6cd7-46ce-9bc3-3c3c8c89180c,rap
1243,6f799bd0-6cd7-46ce-9bc3-3c3c8c89180c,hip hop
1243,6f799bd0-6cd7-46ce-9bc3-3c3c8c89180c,pop rap
1243,6f799bd0-6cd7-46ce-9bc3-3c3c8c89180c,pop
1243,6f799bd0-6cd7-46ce-9bc3-3c3c8c89180c,crunk
1243,6f799bd0-6cd7-46ce-9bc3-3c3c8c89180c,new jack swing
1243,6f799bd0-6cd7-46ce-9bc3-3c3c8c89180c,r&b
1244,7090808c-434d-46a2-929e-28f8464fa4e4,hard rock
1244,7090808c-434d-46a2-929e-28f8464fa4e4,alternative rock
1245,710e4a74-5def-4929-9dab-b3f142566a21,alternative metal
1245,710e4a74-5def-4929-9dab-b3f142566a21,djent
1245,710e4a74-5def-4929-9dab-b3f142566a21,shoegaze
1245,710e4a74-5def-4929-9dab-b3f142566a21,metalcore
1246,71a3d109-d395-4423-89f0-4c8e1af798e8,metal
1246,71a3d109-d395-4423-89f0-4c8e1af798e8,alternative metal
1246,71a3d109-d395-4423-89f0-4c8e1af798e8,industrial metal
1246,71a3d109-d395-4423-89f0-4c8e1af798e8,metalcore
1246,71a3d109-d395-4423-89f0-4c8e1af798e8,hardcore
1246,71a3d109-d395-4423-89f0-4c8e1af798e8,gothic metal
1246,71a3d109-d395-4423-89f0-4c8e1af798e8,nu metal
1246,71a3d109-d395-4423-89f0-4c8e1af798e8,post-hardcore
1247,7203c23a-5f31-4847-a50e-8a67bb26b43b,r&b
1247,7203c23a-5f31-4847-a50e-8a67bb26b43b,2020s
1247,7203c23a-5f31-4847-a50e-8a67bb26b43b,trap soul
1247,7203c23a-5f31-4847-a50e-8a67bb26b43b,contemporary r&b
1247,7203c23a-5f31-4847-a50e-8a67bb26b43b,pop
1247,7203c23a-5f31-4847-a50e-8a67bb26b43b,dance-pop
1248,721a72fb-a6af-412a-a7e0-c5aa86a6f640,
1249,72aca88d-8502-4090-b686-5c89fc1a9c31,millennial
1249,72aca88d-8502-4090-b686-5c89fc1a9c31,easycore
1249,72aca88d-8502-4090-b686-5c89fc1a9c31,progressive rock
1249,72aca88d-8502-4090-b686-5c89fc1a9c31,emo
1249,72aca88d-8502-4090-b686-5c89fc1a9c31,post-hardcore
1249,72aca88d-8502-4090-b686-5c89fc1a9c31,alternative rock
1249,72aca88d-8502-4090-b686-5c89fc1a9c31,experimental rock
1249,72aca88d-8502-4090-b686-5c89fc1a9c31,scene
1249,72aca88d-8502-4090-b686-5c89fc1a9c31,alternative
1249,72aca88d-8502-4090-b686-5c89fc1a9c31,pop punk
1249,72aca88d-8502-4090-b686-5c89fc1a9c31,screamo
1249,72aca88d-8502-4090-b686-5c89fc1a9c31,pop
1249,72aca88d-8502-4090-b686-5c89fc1a9c31,pop rock
1249,72aca88d-8502-4090-b686-5c89fc1a9c31,alternative/indie rock
1249,72aca88d-8502-4090-b686-5c89fc1a9c31,hardcore punk
1249,72aca88d-8502-4090-b686-5c89fc1a9c31,pop screamo
1249,72aca88d-8502-4090-b686-5c89fc1a9c31,melodic hardcore
1249,72aca88d-8502-4090-b686-5c89fc1a9c31,rock
1250,72d79a16-e40e-45c2-b8e9-746d9ed722bc,hardcore
1250,72d79a16-e40e-45c2-b8e9-746d9ed722bc,melodic metalcore
1251,72f969a7-05f5-484c-a78a-dac2f2695278,pop rock
1251,72f969a7-05f5-484c-a78a-dac2f2695278,rock
1251,72f969a7-05f5-484c-a78a-dac2f2695278,alternative rock
1251,72f969a7-05f5-484c-a78a-dac2f2695278,indie rock
1252,736272d2-6f6b-49b1-baa6-ce9a3f711ff4,hip hop
1252,736272d2-6f6b-49b1-baa6-ce9a3f711ff4,trap
1252,736272d2-6f6b-49b1-baa6-ce9a3f711ff4,rapper
1252,736272d2-6f6b-49b1-baa6-ce9a3f711ff4,southern hip hop
1253,7366d2e7-7d33-4c77-9707-e4441e497d70,hip hop soul
1253,7366d2e7-7d33-4c77-9707-e4441e497d70,electronic
1253,7366d2e7-7d33-4c77-9707-e4441e497d70,american
1253,7366d2e7-7d33-4c77-9707-e4441e497d70,neo-soul
1253,7366d2e7-7d33-4c77-9707-e4441e497d70,soul
1253,7366d2e7-7d33-4c77-9707-e4441e497d70,rnb
1253,7366d2e7-7d33-4c77-9707-e4441e497d70,alternative rnb
1253,7366d2e7-7d33-4c77-9707-e4441e497d70,female vocals
1253,7366d2e7-7d33-4c77-9707-e4441e497d70,alternative r&b
1253,7366d2e7-7d33-4c77-9707-e4441e497d70,contemporary r&b
1253,7366d2e7-7d33-4c77-9707-e4441e497d70,r&b
1253,7366d2e7-7d33-4c77-9707-e4441e497d70,neo soul
1253,7366d2e7-7d33-4c77-9707-e4441e497d70,pop
1254,73e931a1-579c-44de-84bf-8f7bfc3c9fab,hard rock
1254,73e931a1-579c-44de-84bf-8f7bfc3c9fab,rock
1254,73e931a1-579c-44de-84bf-8f7bfc3c9fab,nu metal
1254,73e931a1-579c-44de-84bf-8f7bfc3c9fab,alternative metal
1255,744ec4be-194b-41a4-9e10-620a3dbc8eeb,
1256,74a52cf7-3608-4ed9-b101-d1d8e25dce8e,tumblr
1256,74a52cf7-3608-4ed9-b101-d1d8e25dce8e,indie pop
1256,74a52cf7-3608-4ed9-b101-d1d8e25dce8e,alternative rock
1257,75156955-7d8d-4f37-94a9-4593a5da4ea5,horrorcore
1257,75156955-7d8d-4f37-94a9-4593a5da4ea5,west coast hip hop
1257,75156955-7d8d-4f37-94a9-4593a5da4ea5,pop rap
1257,75156955-7d8d-4f37-94a9-4593a5da4ea5,hip hop
1257,75156955-7d8d-4f37-94a9-4593a5da4ea5,hardcore hip hop
1258,75929425-eac8-4309-b648-c785d51ad087,folk pop
1258,75929425-eac8-4309-b648-c785d51ad087,folk
1258,75929425-eac8-4309-b648-c785d51ad087,pop
1259,77997384-6918-4066-b2fa-b77da50dfd07,indie
1259,77997384-6918-4066-b2fa-b77da50dfd07,alternative
1260,786b5d43-3e39-46aa-8c5b-f51463ae1b06,post-hardcore
1260,786b5d43-3e39-46aa-8c5b-f51463ae1b06,southern rock
1260,786b5d43-3e39-46aa-8c5b-f51463ae1b06,southern metal
1260,786b5d43-3e39-46aa-8c5b-f51463ae1b06,metalcore
1261,79507653-0268-4f48-babe-cc9530f4d268,hip hop
1261,79507653-0268-4f48-babe-cc9530f4d268,contemporary r&b
1261,79507653-0268-4f48-babe-cc9530f4d268,alternative r&b
1261,79507653-0268-4f48-babe-cc9530f4d268,trap soul
1261,79507653-0268-4f48-babe-cc9530f4d268,2010s
1261,79507653-0268-4f48-babe-cc9530f4d268,pop soul
1261,79507653-0268-4f48-babe-cc9530f4d268,hip hop soul
1262,7a118488-4fd0-4556-a3cc-a42b9d6d3e87,emo pop
1262,7a118488-4fd0-4556-a3cc-a42b9d6d3e87,pop punk
1262,7a118488-4fd0-4556-a3cc-a42b9d6d3e87,emo
1262,7a118488-4fd0-4556-a3cc-a42b9d6d3e87,emo rap
1263,7a1bd480-e23e-4ef2-8584-d2ef42f5b9ea,pop punk
1263,7a1bd480-e23e-4ef2-8584-d2ef42f5b9ea,screamo
1263,7a1bd480-e23e-4ef2-8584-d2ef42f5b9ea,hardcore punk
1263,7a1bd480-e23e-4ef2-8584-d2ef42f5b9ea,alternative rock
1263,7a1bd480-e23e-4ef2-8584-d2ef42f5b9ea,pop rock
1263,7a1bd480-e23e-4ef2-8584-d2ef42f5b9ea,melodic hardcore
1263,7a1bd480-e23e-4ef2-8584-d2ef42f5b9ea,post-hardcore
1263,7a1bd480-e23e-4ef2-8584-d2ef42f5b9ea,alternative/indie rock
1263,7a1bd480-e23e-4ef2-8584-d2ef42f5b9ea,easycore
1263,7a1bd480-e23e-4ef2-8584-d2ef42f5b9ea,scene
1263,7a1bd480-e23e-4ef2-8584-d2ef42f5b9ea,emo
1263,7a1bd480-e23e-4ef2-8584-d2ef42f5b9ea,alternative
1263,7a1bd480-e23e-4ef2-8584-d2ef42f5b9ea,experimental rock
1263,7a1bd480-e23e-4ef2-8584-d2ef42f5b9ea,pop screamo
1263,7a1bd480-e23e-4ef2-8584-d2ef42f5b9ea,rock
1263,7a1bd480-e23e-4ef2-8584-d2ef42f5b9ea,millennial
1263,7a1bd480-e23e-4ef2-8584-d2ef42f5b9ea,pop
1263,7a1bd480-e23e-4ef2-8584-d2ef42f5b9ea,progressive rock
1264,7a99905b-9ff5-4d07-9c6c-2e7d71d27914,pop rock
1264,7a99905b-9ff5-4d07-9c6c-2e7d71d27914,post-grunge
1264,7a99905b-9ff5-4d07-9c6c-2e7d71d27914,hard rock
1264,7a99905b-9ff5-4d07-9c6c-2e7d71d27914,metal
1264,7a99905b-9ff5-4d07-9c6c-2e7d71d27914,rock
1264,7a99905b-9ff5-4d07-9c6c-2e7d71d27914,alternative metal
1265,7b00ef75-d410-416c-8187-be66f3f5ac15,alternative rock
1265,7b00ef75-d410-416c-8187-be66f3f5ac15,rock
1265,7b00ef75-d410-416c-8187-be66f3f5ac15,pop rock
1265,7b00ef75-d410-416c-8187-be66f3f5ac15,indie rock
1266,7b880568-0ecf-4e2d-a5b8-47e39c2d2222,punk
1266,7b880568-0ecf-4e2d-a5b8-47e39c2d2222,pop rock
1266,7b880568-0ecf-4e2d-a5b8-47e39c2d2222,pop punk
1267,7c1ca799-bb7d-400b-b480-7d51b2860b5e,emo
1267,7c1ca799-bb7d-400b-b480-7d51b2860b5e,alternative/indie rock
1267,7c1ca799-bb7d-400b-b480-7d51b2860b5e,melodic metalcore
1267,7c1ca799-bb7d-400b-b480-7d51b2860b5e,electronic rock
1267,7c1ca799-bb7d-400b-b480-7d51b2860b5e,deathcore
1267,7c1ca799-bb7d-400b-b480-7d51b2860b5e,post-hardcore
1267,7c1ca799-bb7d-400b-b480-7d51b2860b5e,pop rock
1267,7c1ca799-bb7d-400b-b480-7d51b2860b5e,alternative metal
1267,7c1ca799-bb7d-400b-b480-7d51b2860b5e,psychedelic rock
1267,7c1ca799-bb7d-400b-b480-7d51b2860b5e,screamo
1267,7c1ca799-bb7d-400b-b480-7d51b2860b5e,nu metal
1267,7c1ca799-bb7d-400b-b480-7d51b2860b5e,hard rock
1267,7c1ca799-bb7d-400b-b480-7d51b2860b5e,metalcore
1267,7c1ca799-bb7d-400b-b480-7d51b2860b5e,house
1267,7c1ca799-bb7d-400b-b480-7d51b2860b5e,heavy metal
1267,7c1ca799-bb7d-400b-b480-7d51b2860b5e,drum and bass
1267,7c1ca799-bb7d-400b-b480-7d51b2860b5e,alternative rock
1267,7c1ca799-bb7d-400b-b480-7d51b2860b5e,pop
1267,7c1ca799-bb7d-400b-b480-7d51b2860b5e,electronic
1267,7c1ca799-bb7d-400b-b480-7d51b2860b5e,rock
1268,7c60dd21-ad76-46da-8d89-4b3c15e8146e,indie pop
1268,7c60dd21-ad76-46da-8d89-4b3c15e8146e,indie rock
1268,7c60dd21-ad76-46da-8d89-4b3c15e8146e,pop rock
1268,7c60dd21-ad76-46da-8d89-4b3c15e8146e,rock
1268,7c60dd21-ad76-46da-8d89-4b3c15e8146e,indie
1268,7c60dd21-ad76-46da-8d89-4b3c15e8146e,pop
1269,7d2f67b6-9d18-44c6-8222-6785cd07a95f,alternative rock
1269,7d2f67b6-9d18-44c6-8222-6785cd07a95f,pop punk
1270,7d3c6244-12c2-48b8-a17d-c71540d2432c,rap
1270,7d3c6244-12c2-48b8-a17d-c71540d2432c,hip hop
1271,7dbed259-f9b4-47ab-aab3-b9bfeef1a51b,rap
1271,7dbed259-f9b4-47ab-aab3-b9bfeef1a51b,hip hop
1272,7f0f103b-6dc9-4296-aeb5-1f8f33fb0260,rock
1272,7f0f103b-6dc9-4296-aeb5-1f8f33fb0260,metal
1272,7f0f103b-6dc9-4296-aeb5-1f8f33fb0260,pop rock
1272,7f0f103b-6dc9-4296-aeb5-1f8f33fb0260,alternative metal
1272,7f0f103b-6dc9-4296-aeb5-1f8f33fb0260,post-grunge
1272,7f0f103b-6dc9-4296-aeb5-1f8f33fb0260,hard rock
1273,7f5e09fe-6409-49e3-b293-61211ea60bf7,hip hop
1273,7f5e09fe-6409-49e3-b293-61211ea60bf7,electropop
1273,7f5e09fe-6409-49e3-b293-61211ea60bf7,electro house
1273,7f5e09fe-6409-49e3-b293-61211ea60bf7,2000s
1273,7f5e09fe-6409-49e3-b293-61211ea60bf7,contemporary r&b
1273,7f5e09fe-6409-49e3-b293-61211ea60bf7,2010s
1273,7f5e09fe-6409-49e3-b293-61211ea60bf7,trap
1273,7f5e09fe-6409-49e3-b293-61211ea60bf7,dance
1273,7f5e09fe-6409-49e3-b293-61211ea60bf7,r&b
1273,7f5e09fe-6409-49e3-b293-61211ea60bf7,r&b
1273,7f5e09fe-6409-49e3-b293-61211ea60bf7,pop rap
1273,7f5e09fe-6409-49e3-b293-61211ea60bf7,top 10
1273,7f5e09fe-6409-49e3-b293-61211ea60bf7,austin city limits
1273,7f5e09fe-6409-49e3-b293-61211ea60bf7,top 100
1273,7f5e09fe-6409-49e3-b293-61211ea60bf7,contemporary r&b
1273,7f5e09fe-6409-49e3-b293-61211ea60bf7,sxsw
1273,7f5e09fe-6409-49e3-b293-61211ea60bf7,pop
1273,7f5e09fe-6409-49e3-b293-61211ea60bf7,electropop
1273,7f5e09fe-6409-49e3-b293-61211ea60bf7,autotune
1273,7f5e09fe-6409-49e3-b293-61211ea60bf7,hip hop
1273,7f5e09fe-6409-49e3-b293-61211ea60bf7,southern hip hop
1273,7f5e09fe-6409-49e3-b293-61211ea60bf7,rap
1273,7f5e09fe-6409-49e3-b293-61211ea60bf7,pop
1274,8045a1a8-f17d-4d5a-a09d-f65020871611,country
1275,81053f7a-bc1e-4df3-b334-4ae881d9e42c,rapper
1275,81053f7a-bc1e-4df3-b334-4ae881d9e42c,trap
1275,81053f7a-bc1e-4df3-b334-4ae881d9e42c,southern hip hop
1275,81053f7a-bc1e-4df3-b334-4ae881d9e42c,hip hop
1276,8155e7d2-15a0-4e1e-bcdd-40319cd828a7,alternative metal
1276,8155e7d2-15a0-4e1e-bcdd-40319cd828a7,alternative r&b
1276,8155e7d2-15a0-4e1e-bcdd-40319cd828a7,progressive metal
1276,8155e7d2-15a0-4e1e-bcdd-40319cd828a7,progressive rock
1276,8155e7d2-15a0-4e1e-bcdd-40319cd828a7,art pop
1276,8155e7d2-15a0-4e1e-bcdd-40319cd828a7,djent
1276,8155e7d2-15a0-4e1e-bcdd-40319cd828a7,alternative pop
1277,8204059a-9d08-4db7-918d-5017c932fa29,post-hardcore
1277,8204059a-9d08-4db7-918d-5017c932fa29,2020s
1277,8204059a-9d08-4db7-918d-5017c932fa29,millennial
1277,8204059a-9d08-4db7-918d-5017c932fa29,progressive rock
1277,8204059a-9d08-4db7-918d-5017c932fa29,pop punk
1277,8204059a-9d08-4db7-918d-5017c932fa29,rock
1277,8204059a-9d08-4db7-918d-5017c932fa29,gen z
1277,8204059a-9d08-4db7-918d-5017c932fa29,hyperpop
1277,8204059a-9d08-4db7-918d-5017c932fa29,lgbtq
1277,8204059a-9d08-4db7-918d-5017c932fa29,alternative
1277,8204059a-9d08-4db7-918d-5017c932fa29,bedroom pop
1277,8204059a-9d08-4db7-918d-5017c932fa29,alternative pop
1277,8204059a-9d08-4db7-918d-5017c932fa29,pop rock
1277,8204059a-9d08-4db7-918d-5017c932fa29,indie pop
1277,8204059a-9d08-4db7-918d-5017c932fa29,pop rock
1277,8204059a-9d08-4db7-918d-5017c932fa29,pop screamo
1277,8204059a-9d08-4db7-918d-5017c932fa29,alternative rock
1277,8204059a-9d08-4db7-918d-5017c932fa29,electropop
1277,8204059a-9d08-4db7-918d-5017c932fa29,easycore
1277,8204059a-9d08-4db7-918d-5017c932fa29,singer-songwriter
1277,8204059a-9d08-4db7-918d-5017c932fa29,pop
1277,8204059a-9d08-4db7-918d-5017c932fa29,pop
1277,8204059a-9d08-4db7-918d-5017c932fa29,alternative/indie rock
1277,8204059a-9d08-4db7-918d-5017c932fa29,screamo
1277,8204059a-9d08-4db7-918d-5017c932fa29,melodic hardcore
1277,8204059a-9d08-4db7-918d-5017c932fa29,emo
1277,8204059a-9d08-4db7-918d-5017c932fa29,experimental rock
1277,8204059a-9d08-4db7-918d-5017c932fa29,scene
1277,8204059a-9d08-4db7-918d-5017c932fa29,hardcore punk
1278,82166214-6435-436c-ba66-b0d7765929fd,southern metal
1278,82166214-6435-436c-ba66-b0d7765929fd,southern rock
1278,82166214-6435-436c-ba66-b0d7765929fd,metalcore
1278,82166214-6435-436c-ba66-b0d7765929fd,post-hardcore
1278,82166214-6435-436c-ba66-b0d7765929fd,post-hardcore
1278,82166214-6435-436c-ba66-b0d7765929fd,alternative rock
1278,82166214-6435-436c-ba66-b0d7765929fd,nu metal
1278,82166214-6435-436c-ba66-b0d7765929fd,alternative metal
1278,82166214-6435-436c-ba66-b0d7765929fd,christian metal
1279,82ce7eb9-6f23-4368-bb02-ce5e6e809511,metalcore
1279,82ce7eb9-6f23-4368-bb02-ce5e6e809511,rock
1279,82ce7eb9-6f23-4368-bb02-ce5e6e809511,electronicore
1279,82ce7eb9-6f23-4368-bb02-ce5e6e809511,post-hardcore
1279,82ce7eb9-6f23-4368-bb02-ce5e6e809511,electronic rock
1279,82ce7eb9-6f23-4368-bb02-ce5e6e809511,hard rock
1279,82ce7eb9-6f23-4368-bb02-ce5e6e809511,alternative rock
1279,82ce7eb9-6f23-4368-bb02-ce5e6e809511,electronic
1279,82ce7eb9-6f23-4368-bb02-ce5e6e809511,alternative metal
1279,82ce7eb9-6f23-4368-bb02-ce5e6e809511,emo
1279,82ce7eb9-6f23-4368-bb02-ce5e6e809511,melodic metalcore
1279,82ce7eb9-6f23-4368-bb02-ce5e6e809511,metal
1279,82ce7eb9-6f23-4368-bb02-ce5e6e809511,emocore
1280,83223985-78c5-43f5-9a68-ce6f98be3a45,
1281,838c752a-69b8-4f60-8d86-b27542a71abb,
1282,8422f93b-32f8-40be-b5da-149dab749faa,progressive metal
1282,8422f93b-32f8-40be-b5da-149dab749faa,progressive rock
1282,8422f93b-32f8-40be-b5da-149dab749faa,djent
1283,845bd2c3-a43e-430e-94b5-eb9a5a22b1a1,hardcore
1283,845bd2c3-a43e-430e-94b5-eb9a5a22b1a1,metalcore
1283,845bd2c3-a43e-430e-94b5-eb9a5a22b1a1,melodic metalcore
1283,845bd2c3-a43e-430e-94b5-eb9a5a22b1a1,post-hardcore
1284,84a2d747-f9b5-4241-b79f-2673ae737b26,conscious hip hop
1284,84a2d747-f9b5-4241-b79f-2673ae737b26,dmv rap
1284,84a2d747-f9b5-4241-b79f-2673ae737b26,jazz rap
1284,84a2d747-f9b5-4241-b79f-2673ae737b26,neo soul
1284,84a2d747-f9b5-4241-b79f-2673ae737b26,pop rap
1284,84a2d747-f9b5-4241-b79f-2673ae737b26,hip hop
1284,84a2d747-f9b5-4241-b79f-2673ae737b26,rap
1285,84fa3f47-5ea1-4b6e-996c-04af3e418d4a,pop
1285,84fa3f47-5ea1-4b6e-996c-04af3e418d4a,folk pop
1285,84fa3f47-5ea1-4b6e-996c-04af3e418d4a,folk
1286,858ebfac-1ae5-4f12-b55d-87e7a6c55b35,pop rap
1286,858ebfac-1ae5-4f12-b55d-87e7a6c55b35,trap
1286,858ebfac-1ae5-4f12-b55d-87e7a6c55b35,midwest hip hop
1286,858ebfac-1ae5-4f12-b55d-87e7a6c55b35,alternative hip hop
1286,858ebfac-1ae5-4f12-b55d-87e7a6c55b35,hip hop
1287,859d33b5-9cb3-423d-bcf9-a652d02734d7,alternative metal
1287,859d33b5-9cb3-423d-bcf9-a652d02734d7,rock
1287,859d33b5-9cb3-423d-bcf9-a652d02734d7,hard rock
1287,859d33b5-9cb3-423d-bcf9-a652d02734d7,nu metal
1288,866d4458-2d63-4963-8402-b5d0d378824a,2010s
1288,866d4458-2d63-4963-8402-b5d0d378824a,pop
1288,866d4458-2d63-4963-8402-b5d0d378824a,trap
1288,866d4458-2d63-4963-8402-b5d0d378824a,pop rap
1288,866d4458-2d63-4963-8402-b5d0d378824a,r&b
1288,866d4458-2d63-4963-8402-b5d0d378824a,rap
1288,866d4458-2d63-4963-8402-b5d0d378824a,west coast hip hop
1288,866d4458-2d63-4963-8402-b5d0d378824a,hardcore hip hop
1288,866d4458-2d63-4963-8402-b5d0d378824a,hip hop
1288,866d4458-2d63-4963-8402-b5d0d378824a,conscious hip hop
1288,866d4458-2d63-4963-8402-b5d0d378824a,jazz rap
1288,866d4458-2d63-4963-8402-b5d0d378824a,alternative hip hop
1288,866d4458-2d63-4963-8402-b5d0d378824a,gangsta rap
1288,866d4458-2d63-4963-8402-b5d0d378824a,2020s
1288,866d4458-2d63-4963-8402-b5d0d378824a,conscious rapper
1288,866d4458-2d63-4963-8402-b5d0d378824a,contemporary rap
1288,866d4458-2d63-4963-8402-b5d0d378824a,future bass
1288,866d4458-2d63-4963-8402-b5d0d378824a,house
1288,866d4458-2d63-4963-8402-b5d0d378824a,dance
1288,866d4458-2d63-4963-8402-b5d0d378824a,disco
1288,866d4458-2d63-4963-8402-b5d0d378824a,progressive rap
1288,866d4458-2d63-4963-8402-b5d0d378824a,jazz
1288,866d4458-2d63-4963-8402-b5d0d378824a,southern hip hop
1288,866d4458-2d63-4963-8402-b5d0d378824a,trap
1288,866d4458-2d63-4963-8402-b5d0d378824a,cloud rap
1288,866d4458-2d63-4963-8402-b5d0d378824a,plugg
1288,866d4458-2d63-4963-8402-b5d0d378824a,rap
1288,866d4458-2d63-4963-8402-b5d0d378824a,rage
1288,866d4458-2d63-4963-8402-b5d0d378824a,hip hop
1288,866d4458-2d63-4963-8402-b5d0d378824a,english
1289,871ccc95-e231-4191-be6e-76d2dbe46187,
1290,8765de54-c759-48d1-8f18-4158901d301a,folk pop
1290,8765de54-c759-48d1-8f18-4158901d301a,pop
1290,8765de54-c759-48d1-8f18-4158901d301a,folk
1291,87dc6f03-9e91-4eaa-8cfc-8809d560189a,emo
1291,87dc6f03-9e91-4eaa-8cfc-8809d560189a,post-hardcore
1291,87dc6f03-9e91-4eaa-8cfc-8809d560189a,electronicore
1291,87dc6f03-9e91-4eaa-8cfc-8809d560189a,hard rock
1291,87dc6f03-9e91-4eaa-8cfc-8809d560189a,metalcore
1291,87dc6f03-9e91-4eaa-8cfc-8809d560189a,alternative rock
1291,87dc6f03-9e91-4eaa-8cfc-8809d560189a,alternative metal
1291,87dc6f03-9e91-4eaa-8cfc-8809d560189a,rock
1291,87dc6f03-9e91-4eaa-8cfc-8809d560189a,metal
1291,87dc6f03-9e91-4eaa-8cfc-8809d560189a,melodic metalcore
1291,87dc6f03-9e91-4eaa-8cfc-8809d560189a,emocore
1291,87dc6f03-9e91-4eaa-8cfc-8809d560189a,electronic rock
1291,87dc6f03-9e91-4eaa-8cfc-8809d560189a,electronic
1292,886be501-92a6-4f7c-a819-183f9bfb8d0f,
1293,892f5592-bae2-45b5-9069-e2f781237d8b,rapper
1293,892f5592-bae2-45b5-9069-e2f781237d8b,southern hip hop
1293,892f5592-bae2-45b5-9069-e2f781237d8b,trap
1293,892f5592-bae2-45b5-9069-e2f781237d8b,hip hop
1294,898478bd-7d5c-4d00-b28b-3ba13933cb38,alternative rock
1294,898478bd-7d5c-4d00-b28b-3ba13933cb38,pop punk
1294,898478bd-7d5c-4d00-b28b-3ba13933cb38,metalcore
1294,898478bd-7d5c-4d00-b28b-3ba13933cb38,pop screamo
1294,898478bd-7d5c-4d00-b28b-3ba13933cb38,post-hardcore
1294,898478bd-7d5c-4d00-b28b-3ba13933cb38,acoustic
1294,898478bd-7d5c-4d00-b28b-3ba13933cb38,emo pop
1295,8b325d97-a4a0-430d-acc2-522a6b5441e6,tumblr
1295,8b325d97-a4a0-430d-acc2-522a6b5441e6,alternative rock
1295,8b325d97-a4a0-430d-acc2-522a6b5441e6,indie pop
1296,8ba33578-8128-484a-b255-c6e2b9e078eb,rapper
1296,8ba33578-8128-484a-b255-c6e2b9e078eb,hip hop
1296,8ba33578-8128-484a-b255-c6e2b9e078eb,southern hip hop
1296,8ba33578-8128-484a-b255-c6e2b9e078eb,trap
1297,8cf63c03-83d2-4c0d-9a87-6676ab7b6998,top 10
1297,8cf63c03-83d2-4c0d-9a87-6676ab7b6998,blessings
1297,8cf63c03-83d2-4c0d-9a87-6676ab7b6998,austin city limits
1297,8cf63c03-83d2-4c0d-9a87-6676ab7b6998,alternative rock
1297,8cf63c03-83d2-4c0d-9a87-6676ab7b6998,pop rock
1297,8cf63c03-83d2-4c0d-9a87-6676ab7b6998,folk pop
1297,8cf63c03-83d2-4c0d-9a87-6676ab7b6998,pop rock
1297,8cf63c03-83d2-4c0d-9a87-6676ab7b6998,indie pop
1297,8cf63c03-83d2-4c0d-9a87-6676ab7b6998,electropop
1297,8cf63c03-83d2-4c0d-9a87-6676ab7b6998,alternative rock
1297,8cf63c03-83d2-4c0d-9a87-6676ab7b6998,pop
1297,8cf63c03-83d2-4c0d-9a87-6676ab7b6998,rock
1297,8cf63c03-83d2-4c0d-9a87-6676ab7b6998,east coast hip hop
1297,8cf63c03-83d2-4c0d-9a87-6676ab7b6998,hip hop
1297,8cf63c03-83d2-4c0d-9a87-6676ab7b6998,pop rap
1297,8cf63c03-83d2-4c0d-9a87-6676ab7b6998,hip hop
1297,8cf63c03-83d2-4c0d-9a87-6676ab7b6998,top 5
1297,8cf63c03-83d2-4c0d-9a87-6676ab7b6998,rock
1297,8cf63c03-83d2-4c0d-9a87-6676ab7b6998,pop
1297,8cf63c03-83d2-4c0d-9a87-6676ab7b6998,jazz rap
1297,8cf63c03-83d2-4c0d-9a87-6676ab7b6998,criminal
1297,8cf63c03-83d2-4c0d-9a87-6676ab7b6998,conscious hip hop
1297,8cf63c03-83d2-4c0d-9a87-6676ab7b6998,trap
1297,8cf63c03-83d2-4c0d-9a87-6676ab7b6998,east coast hip hop
1297,8cf63c03-83d2-4c0d-9a87-6676ab7b6998,hip hop
1297,8cf63c03-83d2-4c0d-9a87-6676ab7b6998,nuno
1297,8cf63c03-83d2-4c0d-9a87-6676ab7b6998,2010s
1297,8cf63c03-83d2-4c0d-9a87-6676ab7b6998,r&b
1297,8cf63c03-83d2-4c0d-9a87-6676ab7b6998,top 100
1297,8cf63c03-83d2-4c0d-9a87-6676ab7b6998,underground hip hop
1297,8cf63c03-83d2-4c0d-9a87-6676ab7b6998,rap rock
1297,8cf63c03-83d2-4c0d-9a87-6676ab7b6998,pop rap
1297,8cf63c03-83d2-4c0d-9a87-6676ab7b6998,gangsta rap
1297,8cf63c03-83d2-4c0d-9a87-6676ab7b6998,rap
1297,8cf63c03-83d2-4c0d-9a87-6676ab7b6998,hip hop
1297,8cf63c03-83d2-4c0d-9a87-6676ab7b6998,pop rap
1297,8cf63c03-83d2-4c0d-9a87-6676ab7b6998,boom bap
1297,8cf63c03-83d2-4c0d-9a87-6676ab7b6998,2000s
1297,8cf63c03-83d2-4c0d-9a87-6676ab7b6998,southern hip hop
1297,8cf63c03-83d2-4c0d-9a87-6676ab7b6998,pop rap
1297,8cf63c03-83d2-4c0d-9a87-6676ab7b6998,english
1297,8cf63c03-83d2-4c0d-9a87-6676ab7b6998,sxsw
1297,8cf63c03-83d2-4c0d-9a87-6676ab7b6998,top 100
1297,8cf63c03-83d2-4c0d-9a87-6676ab7b6998,r&b
1297,8cf63c03-83d2-4c0d-9a87-6676ab7b6998,indietronica
1297,8cf63c03-83d2-4c0d-9a87-6676ab7b6998,alternative pop
1297,8cf63c03-83d2-4c0d-9a87-6676ab7b6998,contemporary r&b
1297,8cf63c03-83d2-4c0d-9a87-6676ab7b6998,lecrae
1298,8d9eec9c-1703-4496-b851-0c40fdb6f516,hip hop
1298,8d9eec9c-1703-4496-b851-0c40fdb6f516,rap
1299,8f0a7ffb-941e-4e07-b36b-33e5aa48a670,cloud rap
1299,8f0a7ffb-941e-4e07-b36b-33e5aa48a670,chicago bop
1299,8f0a7ffb-941e-4e07-b36b-33e5aa48a670,pop rap
1299,8f0a7ffb-941e-4e07-b36b-33e5aa48a670,rap
1299,8f0a7ffb-941e-4e07-b36b-33e5aa48a670,drill
1299,8f0a7ffb-941e-4e07-b36b-33e5aa48a670,chicago drill
1299,8f0a7ffb-941e-4e07-b36b-33e5aa48a670,top 5
1299,8f0a7ffb-941e-4e07-b36b-33e5aa48a670,trap
1299,8f0a7ffb-941e-4e07-b36b-33e5aa48a670,hip hop
1299,8f0a7ffb-941e-4e07-b36b-33e5aa48a670,top 10
1299,8f0a7ffb-941e-4e07-b36b-33e5aa48a670,top 100
1299,8f0a7ffb-941e-4e07-b36b-33e5aa48a670,top 50
1299,8f0a7ffb-941e-4e07-b36b-33e5aa48a670,dr dre
1299,8f0a7ffb-941e-4e07-b36b-33e5aa48a670,eminem
1299,8f0a7ffb-941e-4e07-b36b-33e5aa48a670,self made millionaire
1299,8f0a7ffb-941e-4e07-b36b-33e5aa48a670,amerie
1299,8f0a7ffb-941e-4e07-b36b-33e5aa48a670,tyler perry
1299,8f0a7ffb-941e-4e07-b36b-33e5aa48a670,sxsw
1299,8f0a7ffb-941e-4e07-b36b-33e5aa48a670,tony yayo
1299,8f0a7ffb-941e-4e07-b36b-33e5aa48a670,many men
1299,8f0a7ffb-941e-4e07-b36b-33e5aa48a670,get rich or die tryin'
1299,8f0a7ffb-941e-4e07-b36b-33e5aa48a670,southern hip hop
1299,8f0a7ffb-941e-4e07-b36b-33e5aa48a670,g-unit
1299,8f0a7ffb-941e-4e07-b36b-33e5aa48a670,film
1299,8f0a7ffb-941e-4e07-b36b-33e5aa48a670,tv
1299,8f0a7ffb-941e-4e07-b36b-33e5aa48a670,trap
1299,8f0a7ffb-941e-4e07-b36b-33e5aa48a670,hip hop
1299,8f0a7ffb-941e-4e07-b36b-33e5aa48a670,rap
1299,8f0a7ffb-941e-4e07-b36b-33e5aa48a670,hardcore hip hop
1299,8f0a7ffb-941e-4e07-b36b-33e5aa48a670,gangsta rap
1299,8f0a7ffb-941e-4e07-b36b-33e5aa48a670,pop rap
1299,8f0a7ffb-941e-4e07-b36b-33e5aa48a670,east coast hip hop
1299,8f0a7ffb-941e-4e07-b36b-33e5aa48a670,hip hop
1299,8f0a7ffb-941e-4e07-b36b-33e5aa48a670,pop rap
1299,8f0a7ffb-941e-4e07-b36b-33e5aa48a670,east coast hip hop
1299,8f0a7ffb-941e-4e07-b36b-33e5aa48a670,best rapper
1299,8f0a7ffb-941e-4e07-b36b-33e5aa48a670,mumble rap
1299,8f0a7ffb-941e-4e07-b36b-33e5aa48a670,chicago rap
1299,8f0a7ffb-941e-4e07-b36b-33e5aa48a670,punk rap
1299,8f0a7ffb-941e-4e07-b36b-33e5aa48a670,gangsta rap
1300,8f848999-ebf3-40db-93f6-45064c3138ab,alternative rock
1300,8f848999-ebf3-40db-93f6-45064c3138ab,indie rock
1300,8f848999-ebf3-40db-93f6-45064c3138ab,pop rock
1300,8f848999-ebf3-40db-93f6-45064c3138ab,rock
1301,9076bfee-0f06-419b-b8b2-e5eb3ee7cf6b,djent
1301,9076bfee-0f06-419b-b8b2-e5eb3ee7cf6b,progressive metal
1301,9076bfee-0f06-419b-b8b2-e5eb3ee7cf6b,ambient
1301,9076bfee-0f06-419b-b8b2-e5eb3ee7cf6b,post-metal
1301,9076bfee-0f06-419b-b8b2-e5eb3ee7cf6b,metalcore
1301,9076bfee-0f06-419b-b8b2-e5eb3ee7cf6b,alternative metal
1302,90e79f4d-66d8-4501-bcd8-b9f75f4ac780,pop
1302,90e79f4d-66d8-4501-bcd8-b9f75f4ac780,folk pop
1302,90e79f4d-66d8-4501-bcd8-b9f75f4ac780,folk
1303,91bd08d0-f36c-45af-ba08-787c2b1e010d,indie pop
1303,91bd08d0-f36c-45af-ba08-787c2b1e010d,alternative rock
1303,91bd08d0-f36c-45af-ba08-787c2b1e010d,tumblr
1304,91ed8df8-d26b-4802-bafb-a54599c1a497,
1305,92155ba2-b134-4f38-b964-1d80eb1bd75e,experimental hip hop
1305,92155ba2-b134-4f38-b964-1d80eb1bd75e,english
1305,92155ba2-b134-4f38-b964-1d80eb1bd75e,trap
1305,92155ba2-b134-4f38-b964-1d80eb1bd75e,rap
1305,92155ba2-b134-4f38-b964-1d80eb1bd75e,pop
1305,92155ba2-b134-4f38-b964-1d80eb1bd75e,alternative pop
1305,92155ba2-b134-4f38-b964-1d80eb1bd75e,hip hop
1305,92155ba2-b134-4f38-b964-1d80eb1bd75e,pop rap
1305,92155ba2-b134-4f38-b964-1d80eb1bd75e,southern hip hop
1306,92dc3758-10e8-4a22-92f8-1b43e0ce00c1,2020s
1306,92dc3758-10e8-4a22-92f8-1b43e0ce00c1,hip hop
1306,92dc3758-10e8-4a22-92f8-1b43e0ce00c1,english
1306,92dc3758-10e8-4a22-92f8-1b43e0ce00c1,trap rap
1306,92dc3758-10e8-4a22-92f8-1b43e0ce00c1,trap
1306,92dc3758-10e8-4a22-92f8-1b43e0ce00c1,2010s
1306,92dc3758-10e8-4a22-92f8-1b43e0ce00c1,southern hip hop
1307,94fbc248-9d41-4d15-bbf3-701ea3a0318c,contemporary r&b
1307,94fbc248-9d41-4d15-bbf3-701ea3a0318c,electropop
1307,94fbc248-9d41-4d15-bbf3-701ea3a0318c,alternative pop
1307,94fbc248-9d41-4d15-bbf3-701ea3a0318c,dance-pop
1307,94fbc248-9d41-4d15-bbf3-701ea3a0318c,pop
1307,94fbc248-9d41-4d15-bbf3-701ea3a0318c,indie pop
1307,94fbc248-9d41-4d15-bbf3-701ea3a0318c,pop
1307,94fbc248-9d41-4d15-bbf3-701ea3a0318c,female vocals
1308,961a8bfc-bac7-4be9-9c40-67fdfcc771ee,alternative pop
1308,961a8bfc-bac7-4be9-9c40-67fdfcc771ee,alternative metal
1308,961a8bfc-bac7-4be9-9c40-67fdfcc771ee,alternative r&b
1308,961a8bfc-bac7-4be9-9c40-67fdfcc771ee,art pop
1308,961a8bfc-bac7-4be9-9c40-67fdfcc771ee,djent
1308,961a8bfc-bac7-4be9-9c40-67fdfcc771ee,progressive metal
1308,961a8bfc-bac7-4be9-9c40-67fdfcc771ee,progressive rock
1309,968091e9-0e7d-4ed7-a8a7-03af702da915,pop rap
1309,968091e9-0e7d-4ed7-a8a7-03af702da915,r&b
1309,968091e9-0e7d-4ed7-a8a7-03af702da915,trap
1309,968091e9-0e7d-4ed7-a8a7-03af702da915,house
1309,968091e9-0e7d-4ed7-a8a7-03af702da915,dance
1309,968091e9-0e7d-4ed7-a8a7-03af702da915,rap
1309,968091e9-0e7d-4ed7-a8a7-03af702da915,west coast hip hop
1309,968091e9-0e7d-4ed7-a8a7-03af702da915,pop
1309,968091e9-0e7d-4ed7-a8a7-03af702da915,hardcore hip hop
1309,968091e9-0e7d-4ed7-a8a7-03af702da915,hip hop
1309,968091e9-0e7d-4ed7-a8a7-03af702da915,conscious hip hop
1309,968091e9-0e7d-4ed7-a8a7-03af702da915,jazz rap
1309,968091e9-0e7d-4ed7-a8a7-03af702da915,alternative hip hop
1309,968091e9-0e7d-4ed7-a8a7-03af702da915,contemporary rap
1309,968091e9-0e7d-4ed7-a8a7-03af702da915,future bass
1309,968091e9-0e7d-4ed7-a8a7-03af702da915,gangsta rap
1309,968091e9-0e7d-4ed7-a8a7-03af702da915,2020s
1309,968091e9-0e7d-4ed7-a8a7-03af702da915,jazz
1309,968091e9-0e7d-4ed7-a8a7-03af702da915,progressive rap
1309,968091e9-0e7d-4ed7-a8a7-03af702da915,disco
1309,968091e9-0e7d-4ed7-a8a7-03af702da915,2010s
1309,968091e9-0e7d-4ed7-a8a7-03af702da915,conscious rapper
1310,9689e845-ed95-407d-8f05-5980e29fa772,country
1310,9689e845-ed95-407d-8f05-5980e29fa772,american idol
1311,978435e7-dd9f-43de-b198-70b93110de07,rap
1311,978435e7-dd9f-43de-b198-70b93110de07,contemporary r&b
1311,978435e7-dd9f-43de-b198-70b93110de07,hip hop
1312,9854802b-2108-46d5-a512-ba126725b034,hip hop
1312,9854802b-2108-46d5-a512-ba126725b034,rap
1313,985cfe18-0339-4279-9630-4a6668f90b2e,southern hip hop
1313,985cfe18-0339-4279-9630-4a6668f90b2e,trap
1313,985cfe18-0339-4279-9630-4a6668f90b2e,rapper
1313,985cfe18-0339-4279-9630-4a6668f90b2e,hip hop
1314,9896ae5c-4a7c-4d31-ae5a-4ae1712302cf,synth-pop
1314,9896ae5c-4a7c-4d31-ae5a-4ae1712302cf,alternative pop
1314,9896ae5c-4a7c-4d31-ae5a-4ae1712302cf,2010s
1314,9896ae5c-4a7c-4d31-ae5a-4ae1712302cf,2020s
1314,9896ae5c-4a7c-4d31-ae5a-4ae1712302cf,pop
1314,9896ae5c-4a7c-4d31-ae5a-4ae1712302cf,alternative rock
1314,9896ae5c-4a7c-4d31-ae5a-4ae1712302cf,contemporary r&b
1314,9896ae5c-4a7c-4d31-ae5a-4ae1712302cf,alternative r&b
1314,9896ae5c-4a7c-4d31-ae5a-4ae1712302cf,queer
1314,9896ae5c-4a7c-4d31-ae5a-4ae1712302cf,female vocals
1314,9896ae5c-4a7c-4d31-ae5a-4ae1712302cf,female vocalists
1314,9896ae5c-4a7c-4d31-ae5a-4ae1712302cf,indie
1314,9896ae5c-4a7c-4d31-ae5a-4ae1712302cf,rock
1314,9896ae5c-4a7c-4d31-ae5a-4ae1712302cf,alternative
1314,9896ae5c-4a7c-4d31-ae5a-4ae1712302cf,dance
1314,9896ae5c-4a7c-4d31-ae5a-4ae1712302cf,hip hop
1314,9896ae5c-4a7c-4d31-ae5a-4ae1712302cf,country
1314,9896ae5c-4a7c-4d31-ae5a-4ae1712302cf,art pop
1314,9896ae5c-4a7c-4d31-ae5a-4ae1712302cf,indie pop
1314,9896ae5c-4a7c-4d31-ae5a-4ae1712302cf,electropop
1314,9896ae5c-4a7c-4d31-ae5a-4ae1712302cf,pop rock
1315,98a74f1c-71a0-4607-a14c-e3c1f65b96ca,metalcore
1315,98a74f1c-71a0-4607-a14c-e3c1f65b96ca,melodic metalcore
1315,98a74f1c-71a0-4607-a14c-e3c1f65b96ca,hardcore
1315,98a74f1c-71a0-4607-a14c-e3c1f65b96ca,post-hardcore
1316,992967a4-6154-4c1d-92de-66db1998bcf5,rock
1316,992967a4-6154-4c1d-92de-66db1998bcf5,alternative hardcore
1316,992967a4-6154-4c1d-92de-66db1998bcf5,metalcore
1317,99309d50-9556-4bbb-b665-41c6c6650d2b,alternative rock
1317,99309d50-9556-4bbb-b665-41c6c6650d2b,acoustic
1317,99309d50-9556-4bbb-b665-41c6c6650d2b,pop punk
1317,99309d50-9556-4bbb-b665-41c6c6650d2b,emo pop
1317,99309d50-9556-4bbb-b665-41c6c6650d2b,metalcore
1317,99309d50-9556-4bbb-b665-41c6c6650d2b,post-hardcore
1317,99309d50-9556-4bbb-b665-41c6c6650d2b,pop screamo
1318,995c6b19-ce5f-46b7-9930-7310744372b2,
1319,9aa4fa41-2411-4b50-aa9b-3e5df3de2cd1,alternative rock
1319,9aa4fa41-2411-4b50-aa9b-3e5df3de2cd1,indie pop
1319,9aa4fa41-2411-4b50-aa9b-3e5df3de2cd1,tumblr
1320,9aa8eb37-358c-4658-a946-6e03ab66ceb2,hardcore hip hop
1320,9aa8eb37-358c-4658-a946-6e03ab66ceb2,jazz
1320,9aa8eb37-358c-4658-a946-6e03ab66ceb2,progressive rap
1320,9aa8eb37-358c-4658-a946-6e03ab66ceb2,disco
1320,9aa8eb37-358c-4658-a946-6e03ab66ceb2,dance
1320,9aa8eb37-358c-4658-a946-6e03ab66ceb2,house
1320,9aa8eb37-358c-4658-a946-6e03ab66ceb2,future bass
1320,9aa8eb37-358c-4658-a946-6e03ab66ceb2,contemporary rap
1320,9aa8eb37-358c-4658-a946-6e03ab66ceb2,conscious rapper
1320,9aa8eb37-358c-4658-a946-6e03ab66ceb2,2010s
1320,9aa8eb37-358c-4658-a946-6e03ab66ceb2,2020s
1320,9aa8eb37-358c-4658-a946-6e03ab66ceb2,gangsta rap
1320,9aa8eb37-358c-4658-a946-6e03ab66ceb2,alternative hip hop
1320,9aa8eb37-358c-4658-a946-6e03ab66ceb2,jazz rap
1320,9aa8eb37-358c-4658-a946-6e03ab66ceb2,conscious hip hop
1320,9aa8eb37-358c-4658-a946-6e03ab66ceb2,hip hop
1320,9aa8eb37-358c-4658-a946-6e03ab66ceb2,west coast hip hop
1320,9aa8eb37-358c-4658-a946-6e03ab66ceb2,rap
1320,9aa8eb37-358c-4658-a946-6e03ab66ceb2,r&b
1320,9aa8eb37-358c-4658-a946-6e03ab66ceb2,pop rap
1320,9aa8eb37-358c-4658-a946-6e03ab66ceb2,trap
1320,9aa8eb37-358c-4658-a946-6e03ab66ceb2,pop
1320,9aa8eb37-358c-4658-a946-6e03ab66ceb2,alternative r&b
1320,9aa8eb37-358c-4658-a946-6e03ab66ceb2,pop soul
1320,9aa8eb37-358c-4658-a946-6e03ab66ceb2,contemporary r&b
1320,9aa8eb37-358c-4658-a946-6e03ab66ceb2,hip hop soul
1321,9aca4fb5-6408-463e-8584-79169217b45d,alternative r&b
1321,9aca4fb5-6408-463e-8584-79169217b45d,contemporary r&b
1321,9aca4fb5-6408-463e-8584-79169217b45d,r&b
1321,9aca4fb5-6408-463e-8584-79169217b45d,alternative hip hop
1321,9aca4fb5-6408-463e-8584-79169217b45d,dancehall
1321,9aca4fb5-6408-463e-8584-79169217b45d,hip hop
1321,9aca4fb5-6408-463e-8584-79169217b45d,canadian hip hop
1322,9ae2199c-c14b-4dbb-ac4d-91a248ccceeb,contemporary country
1322,9ae2199c-c14b-4dbb-ac4d-91a248ccceeb,country pop
1322,9ae2199c-c14b-4dbb-ac4d-91a248ccceeb,country rock
1322,9ae2199c-c14b-4dbb-ac4d-91a248ccceeb,country
1322,9ae2199c-c14b-4dbb-ac4d-91a248ccceeb,bro-country
1323,9b5d42f1-fda7-43ce-9a4f-738397d4b946,rock
1323,9b5d42f1-fda7-43ce-9a4f-738397d4b946,pop screamo
1323,9b5d42f1-fda7-43ce-9a4f-738397d4b946,millennial
1323,9b5d42f1-fda7-43ce-9a4f-738397d4b946,easycore
1323,9b5d42f1-fda7-43ce-9a4f-738397d4b946,scene
1323,9b5d42f1-fda7-43ce-9a4f-738397d4b946,post-hardcore
1323,9b5d42f1-fda7-43ce-9a4f-738397d4b946,melodic hardcore
1324,9b6b096f-36d8-4297-b181-ea501c4b41a2,pop
1324,9b6b096f-36d8-4297-b181-ea501c4b41a2,r&b
1324,9b6b096f-36d8-4297-b181-ea501c4b41a2,rnb
1324,9b6b096f-36d8-4297-b181-ea501c4b41a2,neo soul
1324,9b6b096f-36d8-4297-b181-ea501c4b41a2,alternative r&b
1324,9b6b096f-36d8-4297-b181-ea501c4b41a2,female vocals
1324,9b6b096f-36d8-4297-b181-ea501c4b41a2,hip hop soul
1324,9b6b096f-36d8-4297-b181-ea501c4b41a2,alternative rnb
1324,9b6b096f-36d8-4297-b181-ea501c4b41a2,soul
1324,9b6b096f-36d8-4297-b181-ea501c4b41a2,neo-soul
1324,9b6b096f-36d8-4297-b181-ea501c4b41a2,american
1324,9b6b096f-36d8-4297-b181-ea501c4b41a2,electronic
1324,9b6b096f-36d8-4297-b181-ea501c4b41a2,contemporary r&b
1325,9c78fe42-c3ac-4ea3-b6af-e5b7e397a30f,alternative metal
1325,9c78fe42-c3ac-4ea3-b6af-e5b7e397a30f,post-metal
1325,9c78fe42-c3ac-4ea3-b6af-e5b7e397a30f,djent
1325,9c78fe42-c3ac-4ea3-b6af-e5b7e397a30f,ambient
1325,9c78fe42-c3ac-4ea3-b6af-e5b7e397a30f,metalcore
1325,9c78fe42-c3ac-4ea3-b6af-e5b7e397a30f,progressive metal
1326,9e114784-ffbd-4f1f-9165-ccd1448ec839,alternative rock
1326,9e114784-ffbd-4f1f-9165-ccd1448ec839,rock
1326,9e114784-ffbd-4f1f-9165-ccd1448ec839,pop rock
1327,9ec60e63-b0ba-48fa-8f02-b83003bd3f27,
1328,9ec974b9-ba99-434f-942a-99d6cc567933,folk
1328,9ec974b9-ba99-434f-942a-99d6cc567933,folk pop
1328,9ec974b9-ba99-434f-942a-99d6cc567933,pop
1329,9f331d71-12ee-46c8-b155-b3828e4cfd7e,psychedelic rock
1329,9f331d71-12ee-46c8-b155-b3828e4cfd7e,pop
1329,9f331d71-12ee-46c8-b155-b3828e4cfd7e,trap
1329,9f331d71-12ee-46c8-b155-b3828e4cfd7e,alternative rock
1329,9f331d71-12ee-46c8-b155-b3828e4cfd7e,house
1329,9f331d71-12ee-46c8-b155-b3828e4cfd7e,millennial
1329,9f331d71-12ee-46c8-b155-b3828e4cfd7e,east coast hip hop
1329,9f331d71-12ee-46c8-b155-b3828e4cfd7e,pescetarian
1329,9f331d71-12ee-46c8-b155-b3828e4cfd7e,alternative/indie rock
1329,9f331d71-12ee-46c8-b155-b3828e4cfd7e,rock
1329,9f331d71-12ee-46c8-b155-b3828e4cfd7e,melodic metalcore
1329,9f331d71-12ee-46c8-b155-b3828e4cfd7e,drum and bass
1329,9f331d71-12ee-46c8-b155-b3828e4cfd7e,electronic rock
1329,9f331d71-12ee-46c8-b155-b3828e4cfd7e,deathcore
1329,9f331d71-12ee-46c8-b155-b3828e4cfd7e,pop rap
1329,9f331d71-12ee-46c8-b155-b3828e4cfd7e,post-hardcore
1329,9f331d71-12ee-46c8-b155-b3828e4cfd7e,cloud rap
1329,9f331d71-12ee-46c8-b155-b3828e4cfd7e,hip hop
1329,9f331d71-12ee-46c8-b155-b3828e4cfd7e,proto-rage
1329,9f331d71-12ee-46c8-b155-b3828e4cfd7e,pop rock
1329,9f331d71-12ee-46c8-b155-b3828e4cfd7e,rock
1329,9f331d71-12ee-46c8-b155-b3828e4cfd7e,2010s
1329,9f331d71-12ee-46c8-b155-b3828e4cfd7e,alternative metal
1329,9f331d71-12ee-46c8-b155-b3828e4cfd7e,screamo
1329,9f331d71-12ee-46c8-b155-b3828e4cfd7e,2020s
1329,9f331d71-12ee-46c8-b155-b3828e4cfd7e,emo
1329,9f331d71-12ee-46c8-b155-b3828e4cfd7e,nu metal
1329,9f331d71-12ee-46c8-b155-b3828e4cfd7e,hard rock
1329,9f331d71-12ee-46c8-b155-b3828e4cfd7e,emo rap
1329,9f331d71-12ee-46c8-b155-b3828e4cfd7e,metalcore
1329,9f331d71-12ee-46c8-b155-b3828e4cfd7e,heavy metal
1329,9f331d71-12ee-46c8-b155-b3828e4cfd7e,electronic
1329,9f331d71-12ee-46c8-b155-b3828e4cfd7e,rage
1330,9fc001da-c73a-4be0-9f93-53232e8ce50e,emo
1330,9fc001da-c73a-4be0-9f93-53232e8ce50e,crabcore
1330,9fc001da-c73a-4be0-9f93-53232e8ce50e,electronicore
1330,9fc001da-c73a-4be0-9f93-53232e8ce50e,metalcore
1330,9fc001da-c73a-4be0-9f93-53232e8ce50e,rock
1330,9fc001da-c73a-4be0-9f93-53232e8ce50e,screamo
1330,9fc001da-c73a-4be0-9f93-53232e8ce50e,alternative ccm
1330,9fc001da-c73a-4be0-9f93-53232e8ce50e,heavy metal
1330,9fc001da-c73a-4be0-9f93-53232e8ce50e,alternative/indie rock
1330,9fc001da-c73a-4be0-9f93-53232e8ce50e,religious
1330,9fc001da-c73a-4be0-9f93-53232e8ce50e,post-hardcore
1330,9fc001da-c73a-4be0-9f93-53232e8ce50e,pop
1330,9fc001da-c73a-4be0-9f93-53232e8ce50e,electronic
1331,a0292b29-0855-45f4-a78a-2427656585dc,hip hop
1331,a0292b29-0855-45f4-a78a-2427656585dc,experimental hip hop
1331,a0292b29-0855-45f4-a78a-2427656585dc,hardcore hip hop
1331,a0292b29-0855-45f4-a78a-2427656585dc,east coast hip hop
1331,a0292b29-0855-45f4-a78a-2427656585dc,cloud rap
1331,a0292b29-0855-45f4-a78a-2427656585dc,trap
1331,a0292b29-0855-45f4-a78a-2427656585dc,neo soul
1331,a0292b29-0855-45f4-a78a-2427656585dc,soul
1331,a0292b29-0855-45f4-a78a-2427656585dc,alternative r&b
1331,a0292b29-0855-45f4-a78a-2427656585dc,r&b
1331,a0292b29-0855-45f4-a78a-2427656585dc,pop rap
1332,a0351e9f-24c5-4e11-92b5-07c900d53521,hard rock
1332,a0351e9f-24c5-4e11-92b5-07c900d53521,metalcore
1333,a0aca77f-6899-43dc-bb83-e9a6b7e54967,
1334,a0c8151c-bd07-44a4-8186-44caad84a4ff,
1335,a0e3f404-3d7e-449e-81e8-ea2e15ae58a8,tumblr
1335,a0e3f404-3d7e-449e-81e8-ea2e15ae58a8,alternative rock
1335,a0e3f404-3d7e-449e-81e8-ea2e15ae58a8,indie pop
1336,a16c1d19-9af2-4fce-8c48-6fb9a91be1bd,rapper
1336,a16c1d19-9af2-4fce-8c48-6fb9a91be1bd,southern hip hop
1336,a16c1d19-9af2-4fce-8c48-6fb9a91be1bd,trap
1336,a16c1d19-9af2-4fce-8c48-6fb9a91be1bd,hip hop
1336,a16c1d19-9af2-4fce-8c48-6fb9a91be1bd,hip hop
1336,a16c1d19-9af2-4fce-8c48-6fb9a91be1bd,southern hip hop
1337,a1a42f8a-bef2-4611-826a-254928e4a2ad,southern hip hop
1337,a1a42f8a-bef2-4611-826a-254928e4a2ad,underground
1337,a1a42f8a-bef2-4611-826a-254928e4a2ad,rap
1337,a1a42f8a-bef2-4611-826a-254928e4a2ad,trap
1337,a1a42f8a-bef2-4611-826a-254928e4a2ad,hip hop
1337,a1a42f8a-bef2-4611-826a-254928e4a2ad,trap metal
1337,a1a42f8a-bef2-4611-826a-254928e4a2ad,hardcore hip hop
1337,a1a42f8a-bef2-4611-826a-254928e4a2ad,conscious hip hop
1338,a1b03541-996c-4a2d-8164-648ba079bc93,alternative r&b
1338,a1b03541-996c-4a2d-8164-648ba079bc93,progressive metal
1338,a1b03541-996c-4a2d-8164-648ba079bc93,djent
1338,a1b03541-996c-4a2d-8164-648ba079bc93,progressive rock
1338,a1b03541-996c-4a2d-8164-648ba079bc93,alternative metal
1338,a1b03541-996c-4a2d-8164-648ba079bc93,alternative pop
1338,a1b03541-996c-4a2d-8164-648ba079bc93,art pop
1339,a2625b61-ab44-4743-a4c3-220aa9d1623e,rap
1339,a2625b61-ab44-4743-a4c3-220aa9d1623e,hip hop
1340,a3230741-c122-4c51-9e71-de83983b8a07,pop screamo
1340,a3230741-c122-4c51-9e71-de83983b8a07,millennial
1340,a3230741-c122-4c51-9e71-de83983b8a07,experimental rock
1340,a3230741-c122-4c51-9e71-de83983b8a07,alternative
1340,a3230741-c122-4c51-9e71-de83983b8a07,emo
1340,a3230741-c122-4c51-9e71-de83983b8a07,easycore
1340,a3230741-c122-4c51-9e71-de83983b8a07,alternative/indie rock
1340,a3230741-c122-4c51-9e71-de83983b8a07,pop punk
1340,a3230741-c122-4c51-9e71-de83983b8a07,melodic hardcore
1340,a3230741-c122-4c51-9e71-de83983b8a07,screamo
1340,a3230741-c122-4c51-9e71-de83983b8a07,post-hardcore
1340,a3230741-c122-4c51-9e71-de83983b8a07,scene
1340,a3230741-c122-4c51-9e71-de83983b8a07,progressive rock
1340,a3230741-c122-4c51-9e71-de83983b8a07,pop rock
1340,a3230741-c122-4c51-9e71-de83983b8a07,hardcore punk
1340,a3230741-c122-4c51-9e71-de83983b8a07,rock
1340,a3230741-c122-4c51-9e71-de83983b8a07,alternative rock
1340,a3230741-c122-4c51-9e71-de83983b8a07,pop
1341,a423ee66-14e0-454f-9940-dd14c6a5f0f0,indie pop
1341,a423ee66-14e0-454f-9940-dd14c6a5f0f0,tumblr
1341,a423ee66-14e0-454f-9940-dd14c6a5f0f0,alternative rock
1342,a45225e6-b89d-4df6-96d4-c033b35b7ad9,alternative pop
1342,a45225e6-b89d-4df6-96d4-c033b35b7ad9,alternative
1342,a45225e6-b89d-4df6-96d4-c033b35b7ad9,female vocals
1343,a497d5e7-2543-4d6e-9608-0c7e7f16e0be,2010s
1343,a497d5e7-2543-4d6e-9608-0c7e7f16e0be,contemporary r&b
1343,a497d5e7-2543-4d6e-9608-0c7e7f16e0be,r&b
1343,a497d5e7-2543-4d6e-9608-0c7e7f16e0be,hypnagogic pop
1343,a497d5e7-2543-4d6e-9608-0c7e7f16e0be,dance-pop
1343,a497d5e7-2543-4d6e-9608-0c7e7f16e0be,synth-pop
1343,a497d5e7-2543-4d6e-9608-0c7e7f16e0be,pop
1343,a497d5e7-2543-4d6e-9608-0c7e7f16e0be,alternative r&b
1343,a497d5e7-2543-4d6e-9608-0c7e7f16e0be,2020s
1344,a4a8bd2f-b0e4-4b94-8e84-88c6cbe2258d,pop
1344,a4a8bd2f-b0e4-4b94-8e84-88c6cbe2258d,alternative rock
1344,a4a8bd2f-b0e4-4b94-8e84-88c6cbe2258d,pop rock
1344,a4a8bd2f-b0e4-4b94-8e84-88c6cbe2258d,indie pop
1345,a57d030d-24a5-4ba5-a4ac-fc3e3587d4bd,screamo
1345,a57d030d-24a5-4ba5-a4ac-fc3e3587d4bd,melodic metalcore
1345,a57d030d-24a5-4ba5-a4ac-fc3e3587d4bd,alternative metal
1345,a57d030d-24a5-4ba5-a4ac-fc3e3587d4bd,hard rock
1345,a57d030d-24a5-4ba5-a4ac-fc3e3587d4bd,deathcore
1345,a57d030d-24a5-4ba5-a4ac-fc3e3587d4bd,electronic rock
1345,a57d030d-24a5-4ba5-a4ac-fc3e3587d4bd,alternative/indie rock
1345,a57d030d-24a5-4ba5-a4ac-fc3e3587d4bd,alternative rock
1345,a57d030d-24a5-4ba5-a4ac-fc3e3587d4bd,metalcore
1345,a57d030d-24a5-4ba5-a4ac-fc3e3587d4bd,pop
1345,a57d030d-24a5-4ba5-a4ac-fc3e3587d4bd,post-hardcore
1345,a57d030d-24a5-4ba5-a4ac-fc3e3587d4bd,psychedelic rock
1345,a57d030d-24a5-4ba5-a4ac-fc3e3587d4bd,pop rock
1345,a57d030d-24a5-4ba5-a4ac-fc3e3587d4bd,rock
1345,a57d030d-24a5-4ba5-a4ac-fc3e3587d4bd,drum and bass
1345,a57d030d-24a5-4ba5-a4ac-fc3e3587d4bd,nu metal
1345,a57d030d-24a5-4ba5-a4ac-fc3e3587d4bd,electronic
1345,a57d030d-24a5-4ba5-a4ac-fc3e3587d4bd,house
1345,a57d030d-24a5-4ba5-a4ac-fc3e3587d4bd,emo
1345,a57d030d-24a5-4ba5-a4ac-fc3e3587d4bd,heavy metal
1346,a6369671-2108-4c52-8680-dc03f74a9497,rap rock
1346,a6369671-2108-4c52-8680-dc03f74a9497,pop rock
1346,a6369671-2108-4c52-8680-dc03f74a9497,alternative metal
1346,a6369671-2108-4c52-8680-dc03f74a9497,nu metal
1346,a6369671-2108-4c52-8680-dc03f74a9497,heavy metal
1346,a6369671-2108-4c52-8680-dc03f74a9497,hard rock
1346,a6369671-2108-4c52-8680-dc03f74a9497,alternative rock
1347,a66337b3-7b47-449a-ad2f-ebbdc6ceac35,scene
1347,a66337b3-7b47-449a-ad2f-ebbdc6ceac35,screamo
1347,a66337b3-7b47-449a-ad2f-ebbdc6ceac35,alternative rock
1347,a66337b3-7b47-449a-ad2f-ebbdc6ceac35,alternative/indie rock
1347,a66337b3-7b47-449a-ad2f-ebbdc6ceac35,pop screamo
1347,a66337b3-7b47-449a-ad2f-ebbdc6ceac35,rock
1347,a66337b3-7b47-449a-ad2f-ebbdc6ceac35,millennial
1347,a66337b3-7b47-449a-ad2f-ebbdc6ceac35,easycore
1347,a66337b3-7b47-449a-ad2f-ebbdc6ceac35,emo
1347,a66337b3-7b47-449a-ad2f-ebbdc6ceac35,pop rock
1347,a66337b3-7b47-449a-ad2f-ebbdc6ceac35,experimental rock
1347,a66337b3-7b47-449a-ad2f-ebbdc6ceac35,pop punk
1347,a66337b3-7b47-449a-ad2f-ebbdc6ceac35,progressive rock
1347,a66337b3-7b47-449a-ad2f-ebbdc6ceac35,post-hardcore
1347,a66337b3-7b47-449a-ad2f-ebbdc6ceac35,melodic hardcore
1347,a66337b3-7b47-449a-ad2f-ebbdc6ceac35,hardcore punk
1347,a66337b3-7b47-449a-ad2f-ebbdc6ceac35,alternative
1347,a66337b3-7b47-449a-ad2f-ebbdc6ceac35,pop
1348,a7df1c60-3005-4c22-9935-c650c363b28d,alternative rock
1348,a7df1c60-3005-4c22-9935-c650c363b28d,post-hardcore
1348,a7df1c60-3005-4c22-9935-c650c363b28d,metalcore
1349,a863bd47-cc3e-473f-a292-c5f615536a3c,tumblr
1349,a863bd47-cc3e-473f-a292-c5f615536a3c,indie pop
1349,a863bd47-cc3e-473f-a292-c5f615536a3c,alternative rock
1350,aa7dd583-1cc5-41df-ba85-e847325b9765,progressive rock
1350,aa7dd583-1cc5-41df-ba85-e847325b9765,alternative metal
1350,aa7dd583-1cc5-41df-ba85-e847325b9765,heavy metal
1350,aa7dd583-1cc5-41df-ba85-e847325b9765,hard rock
1350,aa7dd583-1cc5-41df-ba85-e847325b9765,rock
1350,aa7dd583-1cc5-41df-ba85-e847325b9765,alternative rock
1350,aa7dd583-1cc5-41df-ba85-e847325b9765,progressive metal
1351,ab1512fc-bea3-4723-9722-bd84fd256659,house
1351,ab1512fc-bea3-4723-9722-bd84fd256659,future bass
1351,ab1512fc-bea3-4723-9722-bd84fd256659,pop rap
1351,ab1512fc-bea3-4723-9722-bd84fd256659,trap
1351,ab1512fc-bea3-4723-9722-bd84fd256659,contemporary rap
1351,ab1512fc-bea3-4723-9722-bd84fd256659,underground hip hop
1351,ab1512fc-bea3-4723-9722-bd84fd256659,alternative r&b
1351,ab1512fc-bea3-4723-9722-bd84fd256659,southern hip-hop
1351,ab1512fc-bea3-4723-9722-bd84fd256659,left-field rap
1351,ab1512fc-bea3-4723-9722-bd84fd256659,southern rap
1351,ab1512fc-bea3-4723-9722-bd84fd256659,alternative hip hop
1351,ab1512fc-bea3-4723-9722-bd84fd256659,hip hop
1351,ab1512fc-bea3-4723-9722-bd84fd256659,conscious hip hop
1351,ab1512fc-bea3-4723-9722-bd84fd256659,contemporary r&b
1351,ab1512fc-bea3-4723-9722-bd84fd256659,experimental hip hop
1351,ab1512fc-bea3-4723-9722-bd84fd256659,hardcore hip hop
1352,ab443b01-63ef-457e-b86c-202c93cc113e,tumblr
1352,ab443b01-63ef-457e-b86c-202c93cc113e,alternative rock
1352,ab443b01-63ef-457e-b86c-202c93cc113e,indie pop
1353,ab692ca0-8b01-4d7e-8177-b1a2d074ee96,hard rock
1353,ab692ca0-8b01-4d7e-8177-b1a2d074ee96,country
1353,ab692ca0-8b01-4d7e-8177-b1a2d074ee96,country pop
1354,ab923db7-0df4-42fb-8d76-29271a8da134,gangsta rap
1354,ab923db7-0df4-42fb-8d76-29271a8da134,hip hop
1354,ab923db7-0df4-42fb-8d76-29271a8da134,hardcore hip hop
1354,ab923db7-0df4-42fb-8d76-29271a8da134,trap
1354,ab923db7-0df4-42fb-8d76-29271a8da134,west coast hip hop
1355,abf7b90e-4bda-4d54-b6e6-e5afa8ad85f5,hard rock
1355,abf7b90e-4bda-4d54-b6e6-e5afa8ad85f5,alternative rock
1356,ac19684f-febb-47ae-8d5f-72a4c4c1aa3d,hip hop soul
1356,ac19684f-febb-47ae-8d5f-72a4c4c1aa3d,neo soul
1356,ac19684f-febb-47ae-8d5f-72a4c4c1aa3d,disco
1356,ac19684f-febb-47ae-8d5f-72a4c4c1aa3d,dance
1356,ac19684f-febb-47ae-8d5f-72a4c4c1aa3d,house
1356,ac19684f-febb-47ae-8d5f-72a4c4c1aa3d,r&b
1356,ac19684f-febb-47ae-8d5f-72a4c4c1aa3d,contemporary r&b
1356,ac19684f-febb-47ae-8d5f-72a4c4c1aa3d,2010s
1356,ac19684f-febb-47ae-8d5f-72a4c4c1aa3d,2020s
1356,ac19684f-febb-47ae-8d5f-72a4c4c1aa3d,gangsta rap
1356,ac19684f-febb-47ae-8d5f-72a4c4c1aa3d,alternative hip hop
1356,ac19684f-febb-47ae-8d5f-72a4c4c1aa3d,conscious hip hop
1356,ac19684f-febb-47ae-8d5f-72a4c4c1aa3d,jazz rap
1356,ac19684f-febb-47ae-8d5f-72a4c4c1aa3d,hip hop
1356,ac19684f-febb-47ae-8d5f-72a4c4c1aa3d,hardcore hip hop
1356,ac19684f-febb-47ae-8d5f-72a4c4c1aa3d,west coast hip hop
1356,ac19684f-febb-47ae-8d5f-72a4c4c1aa3d,rap
1356,ac19684f-febb-47ae-8d5f-72a4c4c1aa3d,r&b
1356,ac19684f-febb-47ae-8d5f-72a4c4c1aa3d,pop rap
1356,ac19684f-febb-47ae-8d5f-72a4c4c1aa3d,trap
1356,ac19684f-febb-47ae-8d5f-72a4c4c1aa3d,pop
1356,ac19684f-febb-47ae-8d5f-72a4c4c1aa3d,electronic
1356,ac19684f-febb-47ae-8d5f-72a4c4c1aa3d,american
1356,ac19684f-febb-47ae-8d5f-72a4c4c1aa3d,future bass
1356,ac19684f-febb-47ae-8d5f-72a4c4c1aa3d,neo-soul
1356,ac19684f-febb-47ae-8d5f-72a4c4c1aa3d,soul
1356,ac19684f-febb-47ae-8d5f-72a4c4c1aa3d,rnb
1356,ac19684f-febb-47ae-8d5f-72a4c4c1aa3d,alternative r&b
1356,ac19684f-febb-47ae-8d5f-72a4c4c1aa3d,alternative rnb
1356,ac19684f-febb-47ae-8d5f-72a4c4c1aa3d,female vocals
1356,ac19684f-febb-47ae-8d5f-72a4c4c1aa3d,contemporary rap
1356,ac19684f-febb-47ae-8d5f-72a4c4c1aa3d,conscious rapper
1356,ac19684f-febb-47ae-8d5f-72a4c4c1aa3d,jazz
1356,ac19684f-febb-47ae-8d5f-72a4c4c1aa3d,progressive rap
1356,ac19684f-febb-47ae-8d5f-72a4c4c1aa3d,pop
1357,ac61eb5f-2bee-463a-a449-54d2be72df9c,alternative pop
1357,ac61eb5f-2bee-463a-a449-54d2be72df9c,art pop
1357,ac61eb5f-2bee-463a-a449-54d2be72df9c,progressive metal
1357,ac61eb5f-2bee-463a-a449-54d2be72df9c,alternative metal
1357,ac61eb5f-2bee-463a-a449-54d2be72df9c,progressive rock
1357,ac61eb5f-2bee-463a-a449-54d2be72df9c,djent
1357,ac61eb5f-2bee-463a-a449-54d2be72df9c,alternative r&b
1358,acf138ff-5533-44d2-b5f2-6ef4cda8f409,country
1359,adadc047-e040-45d5-b020-0603db0d69dc,alternative
1359,adadc047-e040-45d5-b020-0603db0d69dc,house
1359,adadc047-e040-45d5-b020-0603db0d69dc,pop
1359,adadc047-e040-45d5-b020-0603db0d69dc,art rock
1359,adadc047-e040-45d5-b020-0603db0d69dc,indie rock
1359,adadc047-e040-45d5-b020-0603db0d69dc,rock
1359,adadc047-e040-45d5-b020-0603db0d69dc,neo-psychedelia
1359,adadc047-e040-45d5-b020-0603db0d69dc,alternative rock
1359,adadc047-e040-45d5-b020-0603db0d69dc,uk
1359,adadc047-e040-45d5-b020-0603db0d69dc,british
1359,adadc047-e040-45d5-b020-0603db0d69dc,psychedelic pop
1359,adadc047-e040-45d5-b020-0603db0d69dc,psychedelic rock
1359,adadc047-e040-45d5-b020-0603db0d69dc,garage rock
1359,adadc047-e040-45d5-b020-0603db0d69dc,post-punk revival
1359,adadc047-e040-45d5-b020-0603db0d69dc,electronica
1359,adadc047-e040-45d5-b020-0603db0d69dc,alternative/indie rock
1359,adadc047-e040-45d5-b020-0603db0d69dc,garage rock revival
1359,adadc047-e040-45d5-b020-0603db0d69dc,dance
1359,adadc047-e040-45d5-b020-0603db0d69dc,sheffield
1359,adadc047-e040-45d5-b020-0603db0d69dc,baroque pop
1360,adfa584b-32f6-48eb-a9e4-4e35887bd339,rap
1360,adfa584b-32f6-48eb-a9e4-4e35887bd339,hip hop
1360,adfa584b-32f6-48eb-a9e4-4e35887bd339,chode
1360,adfa584b-32f6-48eb-a9e4-4e35887bd339,canadian
1360,adfa584b-32f6-48eb-a9e4-4e35887bd339,pop rap
1360,adfa584b-32f6-48eb-a9e4-4e35887bd339,jutes
1360,adfa584b-32f6-48eb-a9e4-4e35887bd339,life
1361,ae3f4886-0a4a-4624-9594-57c74c617e27,alternative rock
1361,ae3f4886-0a4a-4624-9594-57c74c617e27,emo pop
1361,ae3f4886-0a4a-4624-9594-57c74c617e27,acoustic
1361,ae3f4886-0a4a-4624-9594-57c74c617e27,post-hardcore
1361,ae3f4886-0a4a-4624-9594-57c74c617e27,pop screamo
1361,ae3f4886-0a4a-4624-9594-57c74c617e27,pop punk
1361,ae3f4886-0a4a-4624-9594-57c74c617e27,metalcore
1362,aea3be00-b40a-4478-b2d5-4b3339115f3e,nu punk
1362,aea3be00-b40a-4478-b2d5-4b3339115f3e,pop punk
1363,af800bd6-04bf-438f-99fc-833a0200d10c,hip hop
1363,af800bd6-04bf-438f-99fc-833a0200d10c,rapper
1363,af800bd6-04bf-438f-99fc-833a0200d10c,southern hip hop
1363,af800bd6-04bf-438f-99fc-833a0200d10c,trap
1364,affdb8c6-2157-4c75-80fc-5f49c2e0611f,alternative rock
1364,affdb8c6-2157-4c75-80fc-5f49c2e0611f,alternative metal
1364,affdb8c6-2157-4c75-80fc-5f49c2e0611f,rock
1364,affdb8c6-2157-4c75-80fc-5f49c2e0611f,post-grunge
1364,affdb8c6-2157-4c75-80fc-5f49c2e0611f,hard rock
1365,b01e3a66-0ef0-4933-950f-15d345270fd0,hard rock
1365,b01e3a66-0ef0-4933-950f-15d345270fd0,post-grunge
1365,b01e3a66-0ef0-4933-950f-15d345270fd0,alternative metal
1365,b01e3a66-0ef0-4933-950f-15d345270fd0,metal
1365,b01e3a66-0ef0-4933-950f-15d345270fd0,rock
1365,b01e3a66-0ef0-4933-950f-15d345270fd0,pop rock
1366,b04b35b1-ac14-4b98-b125-009239144b49,alternative metal
1366,b04b35b1-ac14-4b98-b125-009239144b49,djent
1366,b04b35b1-ac14-4b98-b125-009239144b49,art pop
1366,b04b35b1-ac14-4b98-b125-009239144b49,alternative pop
1366,b04b35b1-ac14-4b98-b125-009239144b49,progressive rock
1366,b04b35b1-ac14-4b98-b125-009239144b49,progressive metal
1366,b04b35b1-ac14-4b98-b125-009239144b49,alternative r&b
1367,b0bceab5-4e28-4596-8c8a-b4400f3f1975,trap
1367,b0bceab5-4e28-4596-8c8a-b4400f3f1975,pop rap
1367,b0bceab5-4e28-4596-8c8a-b4400f3f1975,southern hip hop
1367,b0bceab5-4e28-4596-8c8a-b4400f3f1975,r&b
1367,b0bceab5-4e28-4596-8c8a-b4400f3f1975,detroit hip hop
1367,b0bceab5-4e28-4596-8c8a-b4400f3f1975,rap
1367,b0bceab5-4e28-4596-8c8a-b4400f3f1975,hip hop
1368,b0ea63e7-f02d-4b36-8707-cc4b082a8b5a,country
1369,b1704dab-d714-4da9-a7cd-0a9021f9458f,pop rock
1369,b1704dab-d714-4da9-a7cd-0a9021f9458f,metalcore
1369,b1704dab-d714-4da9-a7cd-0a9021f9458f,pop
1369,b1704dab-d714-4da9-a7cd-0a9021f9458f,rock
1369,b1704dab-d714-4da9-a7cd-0a9021f9458f,rock
1369,b1704dab-d714-4da9-a7cd-0a9021f9458f,gen z
1369,b1704dab-d714-4da9-a7cd-0a9021f9458f,hard rock
1369,b1704dab-d714-4da9-a7cd-0a9021f9458f,alternative rock
1369,b1704dab-d714-4da9-a7cd-0a9021f9458f,nu metal
1369,b1704dab-d714-4da9-a7cd-0a9021f9458f,indie rock
1369,b1704dab-d714-4da9-a7cd-0a9021f9458f,2020s
1369,b1704dab-d714-4da9-a7cd-0a9021f9458f,emo
1369,b1704dab-d714-4da9-a7cd-0a9021f9458f,screamo
1369,b1704dab-d714-4da9-a7cd-0a9021f9458f,electronic
1369,b1704dab-d714-4da9-a7cd-0a9021f9458f,psychedelic rock
1369,b1704dab-d714-4da9-a7cd-0a9021f9458f,rap rock
1369,b1704dab-d714-4da9-a7cd-0a9021f9458f,alternative metal
1369,b1704dab-d714-4da9-a7cd-0a9021f9458f,pop rock
1369,b1704dab-d714-4da9-a7cd-0a9021f9458f,post-hardcore
1369,b1704dab-d714-4da9-a7cd-0a9021f9458f,deathcore
1369,b1704dab-d714-4da9-a7cd-0a9021f9458f,electronic rock
1369,b1704dab-d714-4da9-a7cd-0a9021f9458f,heavy metal
1369,b1704dab-d714-4da9-a7cd-0a9021f9458f,melodic metalcore
1369,b1704dab-d714-4da9-a7cd-0a9021f9458f,house
1369,b1704dab-d714-4da9-a7cd-0a9021f9458f,alternative/indie rock
1369,b1704dab-d714-4da9-a7cd-0a9021f9458f,drum and bass
1369,b1704dab-d714-4da9-a7cd-0a9021f9458f,alternative rock
1370,b19f397d-f22b-4457-b05e-4ab786efdd28,metal
1370,b19f397d-f22b-4457-b05e-4ab786efdd28,pop rock
1370,b19f397d-f22b-4457-b05e-4ab786efdd28,post-grunge
1370,b19f397d-f22b-4457-b05e-4ab786efdd28,alternative metal
1370,b19f397d-f22b-4457-b05e-4ab786efdd28,rock
1370,b19f397d-f22b-4457-b05e-4ab786efdd28,hard rock
1371,b1a271f5-360e-483b-876e-21217385609c,alt z
1371,b1a271f5-360e-483b-876e-21217385609c,emo pop
1371,b1a271f5-360e-483b-876e-21217385609c,post-hardcore
1371,b1a271f5-360e-483b-876e-21217385609c,pop punk
1371,b1a271f5-360e-483b-876e-21217385609c,acoustic
1371,b1a271f5-360e-483b-876e-21217385609c,metalcore
1371,b1a271f5-360e-483b-876e-21217385609c,alternative rock
1371,b1a271f5-360e-483b-876e-21217385609c,pop screamo
1371,b1a271f5-360e-483b-876e-21217385609c,pop punk
1371,b1a271f5-360e-483b-876e-21217385609c,punk rock
1372,b37a3401-7e5b-4f46-901c-cdae89632f4f,post-hardcore
1372,b37a3401-7e5b-4f46-901c-cdae89632f4f,emocore
1372,b37a3401-7e5b-4f46-901c-cdae89632f4f,hardcore
1372,b37a3401-7e5b-4f46-901c-cdae89632f4f,metalcore
1373,b3b3d8a8-bff2-4a6d-b86c-d7681104463d,melodic hardcore
1373,b3b3d8a8-bff2-4a6d-b86c-d7681104463d,pop punk
1373,b3b3d8a8-bff2-4a6d-b86c-d7681104463d,alternative rock
1373,b3b3d8a8-bff2-4a6d-b86c-d7681104463d,progressive rock
1373,b3b3d8a8-bff2-4a6d-b86c-d7681104463d,melodic metalcore
1373,b3b3d8a8-bff2-4a6d-b86c-d7681104463d,hardcore
1373,b3b3d8a8-bff2-4a6d-b86c-d7681104463d,post-hardcore
1373,b3b3d8a8-bff2-4a6d-b86c-d7681104463d,metalcore
1374,b442aa5c-143d-48e4-aba0-00b0ba772106,rock
1374,b442aa5c-143d-48e4-aba0-00b0ba772106,heavy metal
1374,b442aa5c-143d-48e4-aba0-00b0ba772106,metalcore
1374,b442aa5c-143d-48e4-aba0-00b0ba772106,metal
1375,b48068a0-02f8-494f-935c-ba67e0e81d21,conscious hip hop
1375,b48068a0-02f8-494f-935c-ba67e0e81d21,east coast hip hop
1375,b48068a0-02f8-494f-935c-ba67e0e81d21,pop rap
1375,b48068a0-02f8-494f-935c-ba67e0e81d21,boom bap
1375,b48068a0-02f8-494f-935c-ba67e0e81d21,jazz rap
1375,b48068a0-02f8-494f-935c-ba67e0e81d21,hip hop
1376,b4f568a2-d8da-4de6-abe9-680312872798,
1377,b5699119-8700-466d-8669-4db2a1ae0497,hip hop
1377,b5699119-8700-466d-8669-4db2a1ae0497,southern soul
1377,b5699119-8700-466d-8669-4db2a1ae0497,soul
1377,b5699119-8700-466d-8669-4db2a1ae0497,sxsw
1377,b5699119-8700-466d-8669-4db2a1ae0497,rap
1377,b5699119-8700-466d-8669-4db2a1ae0497,r&b
1377,b5699119-8700-466d-8669-4db2a1ae0497,pop
1377,b5699119-8700-466d-8669-4db2a1ae0497,neo soul
1377,b5699119-8700-466d-8669-4db2a1ae0497,pop soul
1378,b58134ab-92f7-4680-b851-3361687eb964,wonky
1378,b58134ab-92f7-4680-b851-3361687eb964,soul
1378,b58134ab-92f7-4680-b851-3361687eb964,alternative r&b
1378,b58134ab-92f7-4680-b851-3361687eb964,contemporary r&b
1378,b58134ab-92f7-4680-b851-3361687eb964,pop rap
1378,b58134ab-92f7-4680-b851-3361687eb964,hip hop
1379,b5f8ecfe-8695-49dd-ae1c-24d08eea79e4,tumblr
1379,b5f8ecfe-8695-49dd-ae1c-24d08eea79e4,indie pop
1379,b5f8ecfe-8695-49dd-ae1c-24d08eea79e4,alternative rock
1380,b62ebaa1-7af9-4727-aee1-0ad9ab1a0a6e,
1381,b64464ce-148a-4666-bd66-c29d69dbd80c,rock
1382,b7027e21-1d47-42ce-b231-e441ca1a26d4,art pop
1382,b7027e21-1d47-42ce-b231-e441ca1a26d4,progressive rock
1382,b7027e21-1d47-42ce-b231-e441ca1a26d4,alternative metal
1382,b7027e21-1d47-42ce-b231-e441ca1a26d4,alternative r&b
1382,b7027e21-1d47-42ce-b231-e441ca1a26d4,progressive metal
1382,b7027e21-1d47-42ce-b231-e441ca1a26d4,djent
1382,b7027e21-1d47-42ce-b231-e441ca1a26d4,alternative pop
1383,b81853a4-c94d-4dd8-a8c7-feb236ac8aad,post-hardcore
1383,b81853a4-c94d-4dd8-a8c7-feb236ac8aad,pop punk
1383,b81853a4-c94d-4dd8-a8c7-feb236ac8aad,emo pop
1383,b81853a4-c94d-4dd8-a8c7-feb236ac8aad,emocore
1383,b81853a4-c94d-4dd8-a8c7-feb236ac8aad,screamo
1383,b81853a4-c94d-4dd8-a8c7-feb236ac8aad,alternative hardcore
1383,b81853a4-c94d-4dd8-a8c7-feb236ac8aad,rock
1383,b81853a4-c94d-4dd8-a8c7-feb236ac8aad,emo
1383,b81853a4-c94d-4dd8-a8c7-feb236ac8aad,alternative rock
1384,b839c98c-6d80-404b-9170-2227bc2439d0,
1385,b847f2bf-982c-4b65-84f7-444f78b20ee3,alternative r&b
1385,b847f2bf-982c-4b65-84f7-444f78b20ee3,djent
1385,b847f2bf-982c-4b65-84f7-444f78b20ee3,progressive metal
1385,b847f2bf-982c-4b65-84f7-444f78b20ee3,alternative metal
1385,b847f2bf-982c-4b65-84f7-444f78b20ee3,alternative pop
1385,b847f2bf-982c-4b65-84f7-444f78b20ee3,art pop
1385,b847f2bf-982c-4b65-84f7-444f78b20ee3,progressive rock
1386,b85024a7-49f8-4e6b-b59d-cd87d9bbc65d,hard rock
1386,b85024a7-49f8-4e6b-b59d-cd87d9bbc65d,heavy metal
1386,b85024a7-49f8-4e6b-b59d-cd87d9bbc65d,rock
1386,b85024a7-49f8-4e6b-b59d-cd87d9bbc65d,progressive metal
1386,b85024a7-49f8-4e6b-b59d-cd87d9bbc65d,progressive rock
1386,b85024a7-49f8-4e6b-b59d-cd87d9bbc65d,alternative rock
1386,b85024a7-49f8-4e6b-b59d-cd87d9bbc65d,alternative metal
1387,b88a19a4-ac13-4efe-920c-dff7188b7b11,
1388,ba359bba-05b5-4079-bbee-c7cb8e762852,hip hop
1388,ba359bba-05b5-4079-bbee-c7cb8e762852,rap
1388,ba359bba-05b5-4079-bbee-c7cb8e762852,rapper
1388,ba359bba-05b5-4079-bbee-c7cb8e762852,pop rap
1389,bb01dc05-dfc7-4869-ab05-0c24de487b34,afro fusion
1389,bb01dc05-dfc7-4869-ab05-0c24de487b34,dancehall
1389,bb01dc05-dfc7-4869-ab05-0c24de487b34,reggae
1389,bb01dc05-dfc7-4869-ab05-0c24de487b34,afrobeats
1389,bb01dc05-dfc7-4869-ab05-0c24de487b34,hip hop
1389,bb01dc05-dfc7-4869-ab05-0c24de487b34,rap
1389,bb01dc05-dfc7-4869-ab05-0c24de487b34,english
1390,bb3dbfd9-25ba-4de3-bc37-2453975c773a,
1391,bb80dd9b-21c7-42e8-bfbc-1626be1c086c,post-hardcore
1391,bb80dd9b-21c7-42e8-bfbc-1626be1c086c,pop screamo
1391,bb80dd9b-21c7-42e8-bfbc-1626be1c086c,alternative rock
1391,bb80dd9b-21c7-42e8-bfbc-1626be1c086c,emo pop
1391,bb80dd9b-21c7-42e8-bfbc-1626be1c086c,acoustic
1391,bb80dd9b-21c7-42e8-bfbc-1626be1c086c,pop punk
1391,bb80dd9b-21c7-42e8-bfbc-1626be1c086c,metalcore
1392,bc6d992e-8c67-45fe-96a2-2637162dcd7e,millennial
1392,bc6d992e-8c67-45fe-96a2-2637162dcd7e,alternative
1392,bc6d992e-8c67-45fe-96a2-2637162dcd7e,rock
1392,bc6d992e-8c67-45fe-96a2-2637162dcd7e,hardcore punk
1392,bc6d992e-8c67-45fe-96a2-2637162dcd7e,melodic hardcore
1392,bc6d992e-8c67-45fe-96a2-2637162dcd7e,pop
1392,bc6d992e-8c67-45fe-96a2-2637162dcd7e,progressive rock
1392,bc6d992e-8c67-45fe-96a2-2637162dcd7e,scene
1392,bc6d992e-8c67-45fe-96a2-2637162dcd7e,pop screamo
1392,bc6d992e-8c67-45fe-96a2-2637162dcd7e,screamo
1392,bc6d992e-8c67-45fe-96a2-2637162dcd7e,easycore
1392,bc6d992e-8c67-45fe-96a2-2637162dcd7e,alternative rock
1392,bc6d992e-8c67-45fe-96a2-2637162dcd7e,emo
1392,bc6d992e-8c67-45fe-96a2-2637162dcd7e,alternative/indie rock
1392,bc6d992e-8c67-45fe-96a2-2637162dcd7e,post-hardcore
1392,bc6d992e-8c67-45fe-96a2-2637162dcd7e,pop punk
1392,bc6d992e-8c67-45fe-96a2-2637162dcd7e,pop rock
1392,bc6d992e-8c67-45fe-96a2-2637162dcd7e,experimental rock
1393,bca86660-4caa-4235-be75-bfbdc900e3f4,indie pop
1393,bca86660-4caa-4235-be75-bfbdc900e3f4,tumblr
1393,bca86660-4caa-4235-be75-bfbdc900e3f4,alternative rock
1394,bd0e3f28-7af0-4699-9748-22767d74f7fc,
1395,be123684-44d6-406e-90c4-54f5e65836a0,
1396,be1a5bfc-c9b9-4de7-89f0-22dbeacb0dc5,alternative rock
1396,be1a5bfc-c9b9-4de7-89f0-22dbeacb0dc5,indie pop
1396,be1a5bfc-c9b9-4de7-89f0-22dbeacb0dc5,tumblr
1397,be948133-bb6a-41d7-a8c7-cb1609d3c96c,progressive metal
1397,be948133-bb6a-41d7-a8c7-cb1609d3c96c,djent
1397,be948133-bb6a-41d7-a8c7-cb1609d3c96c,alternative pop
1397,be948133-bb6a-41d7-a8c7-cb1609d3c96c,art pop
1397,be948133-bb6a-41d7-a8c7-cb1609d3c96c,alternative metal
1397,be948133-bb6a-41d7-a8c7-cb1609d3c96c,progressive rock
1397,be948133-bb6a-41d7-a8c7-cb1609d3c96c,alternative r&b
1398,bfd84871-2523-40e5-a70f-04c9b0e28acf,alternative/indie rock
1398,bfd84871-2523-40e5-a70f-04c9b0e28acf,house
1398,bfd84871-2523-40e5-a70f-04c9b0e28acf,rap rock
1398,bfd84871-2523-40e5-a70f-04c9b0e28acf,heavy metal
1398,bfd84871-2523-40e5-a70f-04c9b0e28acf,electronic rock
1398,bfd84871-2523-40e5-a70f-04c9b0e28acf,hard rock
1398,bfd84871-2523-40e5-a70f-04c9b0e28acf,emo
1398,bfd84871-2523-40e5-a70f-04c9b0e28acf,english
1398,bfd84871-2523-40e5-a70f-04c9b0e28acf,alternative rock
1398,bfd84871-2523-40e5-a70f-04c9b0e28acf,post-hardcore
1398,bfd84871-2523-40e5-a70f-04c9b0e28acf,psychedelic rock
1398,bfd84871-2523-40e5-a70f-04c9b0e28acf,deathcore
1398,bfd84871-2523-40e5-a70f-04c9b0e28acf,drum and bass
1398,bfd84871-2523-40e5-a70f-04c9b0e28acf,nu metal
1398,bfd84871-2523-40e5-a70f-04c9b0e28acf,pop punk
1398,bfd84871-2523-40e5-a70f-04c9b0e28acf,electronic
1398,bfd84871-2523-40e5-a70f-04c9b0e28acf,alternative metal
1398,bfd84871-2523-40e5-a70f-04c9b0e28acf,pop rock
1398,bfd84871-2523-40e5-a70f-04c9b0e28acf,pop
1398,bfd84871-2523-40e5-a70f-04c9b0e28acf,screamo
1398,bfd84871-2523-40e5-a70f-04c9b0e28acf,hip hop
1398,bfd84871-2523-40e5-a70f-04c9b0e28acf,pop rap
1398,bfd84871-2523-40e5-a70f-04c9b0e28acf,rock
1398,bfd84871-2523-40e5-a70f-04c9b0e28acf,metalcore
1398,bfd84871-2523-40e5-a70f-04c9b0e28acf,melodic metalcore
1399,c0184143-477e-4485-8f86-3672ee73af2f,powerpop
1399,c0184143-477e-4485-8f86-3672ee73af2f,alternative/indie rock
1399,c0184143-477e-4485-8f86-3672ee73af2f,alternative
1399,c0184143-477e-4485-8f86-3672ee73af2f,emo pop
1399,c0184143-477e-4485-8f86-3672ee73af2f,pop rock
1399,c0184143-477e-4485-8f86-3672ee73af2f,rock
1399,c0184143-477e-4485-8f86-3672ee73af2f,pop punk
1399,c0184143-477e-4485-8f86-3672ee73af2f,neon pop
1399,c0184143-477e-4485-8f86-3672ee73af2f,pop
1399,c0184143-477e-4485-8f86-3672ee73af2f,punk
1399,c0184143-477e-4485-8f86-3672ee73af2f,modern rock
1399,c0184143-477e-4485-8f86-3672ee73af2f,alternative rock
1399,c0184143-477e-4485-8f86-3672ee73af2f,emo
1399,c0184143-477e-4485-8f86-3672ee73af2f,power pop
1399,c0184143-477e-4485-8f86-3672ee73af2f,emo-pop
1400,c04be46a-a86d-46ff-8ef2-c0beb53dc42e,hip hop
1400,c04be46a-a86d-46ff-8ef2-c0beb53dc42e,rap
1401,c0aa8d98-c426-4f32-86a5-0262e1dd3633,pop rock
1401,c0aa8d98-c426-4f32-86a5-0262e1dd3633,rock
1402,c0e6d606-b7c8-4716-8659-3682b5c3fb45,alternative r&b
1402,c0e6d606-b7c8-4716-8659-3682b5c3fb45,southern hip hop
1402,c0e6d606-b7c8-4716-8659-3682b5c3fb45,pop
1402,c0e6d606-b7c8-4716-8659-3682b5c3fb45,austin city limits
1402,c0e6d606-b7c8-4716-8659-3682b5c3fb45,hip-hop
1402,c0e6d606-b7c8-4716-8659-3682b5c3fb45,neo soul
1402,c0e6d606-b7c8-4716-8659-3682b5c3fb45,pop rap
1402,c0e6d606-b7c8-4716-8659-3682b5c3fb45,soul
1402,c0e6d606-b7c8-4716-8659-3682b5c3fb45,trap rap
1402,c0e6d606-b7c8-4716-8659-3682b5c3fb45,top 100
1402,c0e6d606-b7c8-4716-8659-3682b5c3fb45,rap
1402,c0e6d606-b7c8-4716-8659-3682b5c3fb45,top 5
1402,c0e6d606-b7c8-4716-8659-3682b5c3fb45,sxsw
1402,c0e6d606-b7c8-4716-8659-3682b5c3fb45,best female artist
1402,c0e6d606-b7c8-4716-8659-3682b5c3fb45,r&b
1402,c0e6d606-b7c8-4716-8659-3682b5c3fb45,alternative r&b
1402,c0e6d606-b7c8-4716-8659-3682b5c3fb45,contemporary r&b
1402,c0e6d606-b7c8-4716-8659-3682b5c3fb45,pop
1402,c0e6d606-b7c8-4716-8659-3682b5c3fb45,hardcore hip hop
1402,c0e6d606-b7c8-4716-8659-3682b5c3fb45,hip hop
1402,c0e6d606-b7c8-4716-8659-3682b5c3fb45,american
1402,c0e6d606-b7c8-4716-8659-3682b5c3fb45,female vocals
1402,c0e6d606-b7c8-4716-8659-3682b5c3fb45,contemporary r&b
1402,c0e6d606-b7c8-4716-8659-3682b5c3fb45,r&b
1402,c0e6d606-b7c8-4716-8659-3682b5c3fb45,electronic
1402,c0e6d606-b7c8-4716-8659-3682b5c3fb45,sexxy red
1402,c0e6d606-b7c8-4716-8659-3682b5c3fb45,rap
1402,c0e6d606-b7c8-4716-8659-3682b5c3fb45,top 10
1402,c0e6d606-b7c8-4716-8659-3682b5c3fb45,rnb
1402,c0e6d606-b7c8-4716-8659-3682b5c3fb45,neo-soul
1402,c0e6d606-b7c8-4716-8659-3682b5c3fb45,trap
1402,c0e6d606-b7c8-4716-8659-3682b5c3fb45,trap
1402,c0e6d606-b7c8-4716-8659-3682b5c3fb45,hip hop soul
1402,c0e6d606-b7c8-4716-8659-3682b5c3fb45,lil durk
1402,c0e6d606-b7c8-4716-8659-3682b5c3fb45,top 100
1402,c0e6d606-b7c8-4716-8659-3682b5c3fb45,drake
1402,c0e6d606-b7c8-4716-8659-3682b5c3fb45,best female rapper
1402,c0e6d606-b7c8-4716-8659-3682b5c3fb45,sxsw
1402,c0e6d606-b7c8-4716-8659-3682b5c3fb45,hip hop
1402,c0e6d606-b7c8-4716-8659-3682b5c3fb45,alternative rnb
1403,c1aca937-de3a-4041-b1e8-c7fc1f3d1e14,progressive metal
1403,c1aca937-de3a-4041-b1e8-c7fc1f3d1e14,progressive rock
1403,c1aca937-de3a-4041-b1e8-c7fc1f3d1e14,alternative pop
1403,c1aca937-de3a-4041-b1e8-c7fc1f3d1e14,alternative metal
1403,c1aca937-de3a-4041-b1e8-c7fc1f3d1e14,alternative r&b
1403,c1aca937-de3a-4041-b1e8-c7fc1f3d1e14,art pop
1403,c1aca937-de3a-4041-b1e8-c7fc1f3d1e14,djent
1404,c1edc8e0-84b8-4c36-86e8-c789a3050e56,hip hop
1404,c1edc8e0-84b8-4c36-86e8-c789a3050e56,tumblr
1404,c1edc8e0-84b8-4c36-86e8-c789a3050e56,alternative rock
1404,c1edc8e0-84b8-4c36-86e8-c789a3050e56,indie pop
1405,c1fd2125-2002-44a2-b010-052d3bc97f03,indie pop
1405,c1fd2125-2002-44a2-b010-052d3bc97f03,alternative rock
1405,c1fd2125-2002-44a2-b010-052d3bc97f03,tumblr
1406,c3550d5b-2eba-4977-9b55-8c27c45c78b9,metalcore
1406,c3550d5b-2eba-4977-9b55-8c27c45c78b9,post-screamo
1406,c3550d5b-2eba-4977-9b55-8c27c45c78b9,easycore
1406,c3550d5b-2eba-4977-9b55-8c27c45c78b9,post-hardcore
1406,c3550d5b-2eba-4977-9b55-8c27c45c78b9,alternative metal
1406,c3550d5b-2eba-4977-9b55-8c27c45c78b9,alternative rock
1407,c35c9b7f-9a5f-41aa-be94-b4151f4a8f91,rock
1407,c35c9b7f-9a5f-41aa-be94-b4151f4a8f91,blues rock
1407,c35c9b7f-9a5f-41aa-be94-b4151f4a8f91,alternative rock
1408,c40812ba-b9be-4d58-b961-09db083c4ad5,rap
1408,c40812ba-b9be-4d58-b961-09db083c4ad5,hip hop
1409,c43d6208-7caf-4f8e-ab4b-e1b20fd77e52,country
1410,c44c6927-57c8-4846-ae8c-171af9666ebb,metalcore
1410,c44c6927-57c8-4846-ae8c-171af9666ebb,progressive metal
1410,c44c6927-57c8-4846-ae8c-171af9666ebb,progressive metalcore
1410,c44c6927-57c8-4846-ae8c-171af9666ebb,djent
1411,c4f47ef2-4109-4200-9358-cde3cbb8cacd,alternative rock
1411,c4f47ef2-4109-4200-9358-cde3cbb8cacd,indie pop
1411,c4f47ef2-4109-4200-9358-cde3cbb8cacd,tumblr
1412,c5ed0674-e633-4b92-9455-91c87bfbf09d,
1413,c6231be9-e769-47d9-b279-bc3a38aca2fe,hip hop
1413,c6231be9-e769-47d9-b279-bc3a38aca2fe,trap
1413,c6231be9-e769-47d9-b279-bc3a38aca2fe,west coast hip hop
1414,c6e69eda-db5e-43b7-a2ca-bd9bd41049e7,
1415,c6eff25d-3edf-41ce-9760-de4eb4a05e58,post-hardcore
1415,c6eff25d-3edf-41ce-9760-de4eb4a05e58,rock
1416,c741807c-0fbe-4429-ac63-d5dc4d8c7559,pop
1416,c741807c-0fbe-4429-ac63-d5dc4d8c7559,folk pop
1416,c741807c-0fbe-4429-ac63-d5dc4d8c7559,folk
1417,c74a22fe-b14f-492d-b260-53ea806348e6,metal
1417,c74a22fe-b14f-492d-b260-53ea806348e6,metalcore
1417,c74a22fe-b14f-492d-b260-53ea806348e6,rock
1417,c74a22fe-b14f-492d-b260-53ea806348e6,heavy metal
1418,c74e6295-580c-43bc-a18f-0bf93b3a7cda,djent
1418,c74e6295-580c-43bc-a18f-0bf93b3a7cda,art pop
1418,c74e6295-580c-43bc-a18f-0bf93b3a7cda,alternative metal
1418,c74e6295-580c-43bc-a18f-0bf93b3a7cda,alternative r&b
1418,c74e6295-580c-43bc-a18f-0bf93b3a7cda,progressive rock
1418,c74e6295-580c-43bc-a18f-0bf93b3a7cda,progressive metal
1418,c74e6295-580c-43bc-a18f-0bf93b3a7cda,alternative pop
1419,c753fdac-ff26-4412-88dd-02c8a59b020a,
1420,c764a997-96aa-4875-a60b-fecc2263ab1b,melodic hardcore
1420,c764a997-96aa-4875-a60b-fecc2263ab1b,hardcore punk
1420,c764a997-96aa-4875-a60b-fecc2263ab1b,millennial
1420,c764a997-96aa-4875-a60b-fecc2263ab1b,pop punk
1420,c764a997-96aa-4875-a60b-fecc2263ab1b,progressive rock
1420,c764a997-96aa-4875-a60b-fecc2263ab1b,screamo
1420,c764a997-96aa-4875-a60b-fecc2263ab1b,pop
1420,c764a997-96aa-4875-a60b-fecc2263ab1b,experimental rock
1420,c764a997-96aa-4875-a60b-fecc2263ab1b,alternative/indie rock
1420,c764a997-96aa-4875-a60b-fecc2263ab1b,rock
1420,c764a997-96aa-4875-a60b-fecc2263ab1b,emo
1420,c764a997-96aa-4875-a60b-fecc2263ab1b,easycore
1420,c764a997-96aa-4875-a60b-fecc2263ab1b,pop screamo
1420,c764a997-96aa-4875-a60b-fecc2263ab1b,alternative rock
1420,c764a997-96aa-4875-a60b-fecc2263ab1b,scene
1420,c764a997-96aa-4875-a60b-fecc2263ab1b,post-hardcore
1420,c764a997-96aa-4875-a60b-fecc2263ab1b,pop rock
1420,c764a997-96aa-4875-a60b-fecc2263ab1b,alternative
1421,c8fcb48e-18af-48b6-b634-0fc0e3032d73,rap
1421,c8fcb48e-18af-48b6-b634-0fc0e3032d73,hip hop
1422,c9010c73-7280-48c0-a324-5541e62c22b3,alternative rock
1422,c9010c73-7280-48c0-a324-5541e62c22b3,indie pop
1422,c9010c73-7280-48c0-a324-5541e62c22b3,tumblr
1423,c903c97d-5bb4-40bd-b2d4-1d4adfb092a0,progressive rock
1423,c903c97d-5bb4-40bd-b2d4-1d4adfb092a0,alternative rock
1423,c903c97d-5bb4-40bd-b2d4-1d4adfb092a0,post-hardcore
1424,c916f299-8421-4470-95f5-b2d135d67679,hip hop
1424,c916f299-8421-4470-95f5-b2d135d67679,hip hop
1424,c916f299-8421-4470-95f5-b2d135d67679,hardcore hip hop
1424,c916f299-8421-4470-95f5-b2d135d67679,trap
1424,c916f299-8421-4470-95f5-b2d135d67679,gangsta rap
1424,c916f299-8421-4470-95f5-b2d135d67679,west coast hip hop
1424,c916f299-8421-4470-95f5-b2d135d67679,neo soul
1424,c916f299-8421-4470-95f5-b2d135d67679,california
1424,c916f299-8421-4470-95f5-b2d135d67679,rap
1424,c916f299-8421-4470-95f5-b2d135d67679,oakland
1424,c916f299-8421-4470-95f5-b2d135d67679,english
1424,c916f299-8421-4470-95f5-b2d135d67679,contemporary r&b
1425,c9196b0f-a2e3-4776-bd6a-4ccb174d8e30,heavy metal
1425,c9196b0f-a2e3-4776-bd6a-4ccb174d8e30,screamo
1425,c9196b0f-a2e3-4776-bd6a-4ccb174d8e30,post-hardcore
1425,c9196b0f-a2e3-4776-bd6a-4ccb174d8e30,emo
1425,c9196b0f-a2e3-4776-bd6a-4ccb174d8e30,guitarist
1425,c9196b0f-a2e3-4776-bd6a-4ccb174d8e30,singer-songwriter
1425,c9196b0f-a2e3-4776-bd6a-4ccb174d8e30,psychedelic rock
1425,c9196b0f-a2e3-4776-bd6a-4ccb174d8e30,alternative/indie rock
1425,c9196b0f-a2e3-4776-bd6a-4ccb174d8e30,dance-pop
1425,c9196b0f-a2e3-4776-bd6a-4ccb174d8e30,pop rock
1425,c9196b0f-a2e3-4776-bd6a-4ccb174d8e30,metalcore
1425,c9196b0f-a2e3-4776-bd6a-4ccb174d8e30,rock
1425,c9196b0f-a2e3-4776-bd6a-4ccb174d8e30,pop
1425,c9196b0f-a2e3-4776-bd6a-4ccb174d8e30,alternative rock
1425,c9196b0f-a2e3-4776-bd6a-4ccb174d8e30,deathcore
1425,c9196b0f-a2e3-4776-bd6a-4ccb174d8e30,folk
1425,c9196b0f-a2e3-4776-bd6a-4ccb174d8e30,electronic rock
1425,c9196b0f-a2e3-4776-bd6a-4ccb174d8e30,alternative metal
1425,c9196b0f-a2e3-4776-bd6a-4ccb174d8e30,soft rock
1425,c9196b0f-a2e3-4776-bd6a-4ccb174d8e30,pop
1425,c9196b0f-a2e3-4776-bd6a-4ccb174d8e30,nu metal
1425,c9196b0f-a2e3-4776-bd6a-4ccb174d8e30,singer
1425,c9196b0f-a2e3-4776-bd6a-4ccb174d8e30,melodic metalcore
1425,c9196b0f-a2e3-4776-bd6a-4ccb174d8e30,drum and bass
1425,c9196b0f-a2e3-4776-bd6a-4ccb174d8e30,folk pop
1425,c9196b0f-a2e3-4776-bd6a-4ccb174d8e30,house
1425,c9196b0f-a2e3-4776-bd6a-4ccb174d8e30,uk
1425,c9196b0f-a2e3-4776-bd6a-4ccb174d8e30,music for soccer moms
1425,c9196b0f-a2e3-4776-bd6a-4ccb174d8e30,hard rock
1425,c9196b0f-a2e3-4776-bd6a-4ccb174d8e30,electronic
1426,c97f5726-3fdb-43bd-99f9-8946feca8947,screamo
1426,c97f5726-3fdb-43bd-99f9-8946feca8947,alternative/indie rock
1426,c97f5726-3fdb-43bd-99f9-8946feca8947,melodic metalcore
1426,c97f5726-3fdb-43bd-99f9-8946feca8947,rock
1426,c97f5726-3fdb-43bd-99f9-8946feca8947,alternative metal
1426,c97f5726-3fdb-43bd-99f9-8946feca8947,rock
1426,c97f5726-3fdb-43bd-99f9-8946feca8947,electronic
1426,c97f5726-3fdb-43bd-99f9-8946feca8947,pop
1426,c97f5726-3fdb-43bd-99f9-8946feca8947,alternative rock
1426,c97f5726-3fdb-43bd-99f9-8946feca8947,drum and bass
1426,c97f5726-3fdb-43bd-99f9-8946feca8947,heavy metal
1426,c97f5726-3fdb-43bd-99f9-8946feca8947,house
1426,c97f5726-3fdb-43bd-99f9-8946feca8947,metalcore
1426,c97f5726-3fdb-43bd-99f9-8946feca8947,hard rock
1426,c97f5726-3fdb-43bd-99f9-8946feca8947,nu metal
1426,c97f5726-3fdb-43bd-99f9-8946feca8947,emo
1426,c97f5726-3fdb-43bd-99f9-8946feca8947,electronic rock
1426,c97f5726-3fdb-43bd-99f9-8946feca8947,psychedelic rock
1426,c97f5726-3fdb-43bd-99f9-8946feca8947,alternative metal
1426,c97f5726-3fdb-43bd-99f9-8946feca8947,pop rock
1426,c97f5726-3fdb-43bd-99f9-8946feca8947,post-hardcore
1426,c97f5726-3fdb-43bd-99f9-8946feca8947,deathcore
1427,c9d8cafa-8480-4a5b-ab12-4819146127f7,electropop
1427,c9d8cafa-8480-4a5b-ab12-4819146127f7,pop rock
1427,c9d8cafa-8480-4a5b-ab12-4819146127f7,pop
1427,c9d8cafa-8480-4a5b-ab12-4819146127f7,hip hop
1427,c9d8cafa-8480-4a5b-ab12-4819146127f7,contemporary r&b
1427,c9d8cafa-8480-4a5b-ab12-4819146127f7,alternative r&b
1427,c9d8cafa-8480-4a5b-ab12-4819146127f7,trap soul
1427,c9d8cafa-8480-4a5b-ab12-4819146127f7,2010s
1427,c9d8cafa-8480-4a5b-ab12-4819146127f7,pop soul
1427,c9d8cafa-8480-4a5b-ab12-4819146127f7,hip hop soul
1428,c9fa42a2-cab9-4965-9e5c-871f00560f11,tumblr
1428,c9fa42a2-cab9-4965-9e5c-871f00560f11,alternative rock
1428,c9fa42a2-cab9-4965-9e5c-871f00560f11,indie pop
1429,cadcdbe6-cb93-4c6d-a5ab-c1abf0eb09c8,rock
1429,cadcdbe6-cb93-4c6d-a5ab-c1abf0eb09c8,progressive rock
1429,cadcdbe6-cb93-4c6d-a5ab-c1abf0eb09c8,alternative metal
1429,cadcdbe6-cb93-4c6d-a5ab-c1abf0eb09c8,hard rock
1429,cadcdbe6-cb93-4c6d-a5ab-c1abf0eb09c8,alternative rock
1429,cadcdbe6-cb93-4c6d-a5ab-c1abf0eb09c8,heavy metal
1429,cadcdbe6-cb93-4c6d-a5ab-c1abf0eb09c8,progressive metal
1430,cb2868cc-f105-4e75-ba82-5ceb24cbefbd,hardcore
1430,cb2868cc-f105-4e75-ba82-5ceb24cbefbd,alternative/indie rock
1430,cb2868cc-f105-4e75-ba82-5ceb24cbefbd,post-hardcore
1430,cb2868cc-f105-4e75-ba82-5ceb24cbefbd,screamo
1430,cb2868cc-f105-4e75-ba82-5ceb24cbefbd,experimental
1430,cb2868cc-f105-4e75-ba82-5ceb24cbefbd,progressive rock
1430,cb2868cc-f105-4e75-ba82-5ceb24cbefbd,metalcore
1430,cb2868cc-f105-4e75-ba82-5ceb24cbefbd,swancore
1430,cb2868cc-f105-4e75-ba82-5ceb24cbefbd,emocore
1430,cb2868cc-f105-4e75-ba82-5ceb24cbefbd,experimental rock
1430,cb2868cc-f105-4e75-ba82-5ceb24cbefbd,emo
1430,cb2868cc-f105-4e75-ba82-5ceb24cbefbd,math rock
1430,cb2868cc-f105-4e75-ba82-5ceb24cbefbd,pop
1430,cb2868cc-f105-4e75-ba82-5ceb24cbefbd,rock
1431,cb8251ae-67ba-45ff-a937-172502bc5b11,rap
1431,cb8251ae-67ba-45ff-a937-172502bc5b11,hip hop
1432,cbbbc162-872f-47fe-b863-44a21fec233f,2010s
1432,cbbbc162-872f-47fe-b863-44a21fec233f,english
1432,cbbbc162-872f-47fe-b863-44a21fec233f,r&b
1432,cbbbc162-872f-47fe-b863-44a21fec233f,country
1432,cbbbc162-872f-47fe-b863-44a21fec233f,alternative r&b
1432,cbbbc162-872f-47fe-b863-44a21fec233f,trap
1432,cbbbc162-872f-47fe-b863-44a21fec233f,cloud rap
1432,cbbbc162-872f-47fe-b863-44a21fec233f,hip hop
1432,cbbbc162-872f-47fe-b863-44a21fec233f,2020s
1432,cbbbc162-872f-47fe-b863-44a21fec233f,pop rap
1432,cbbbc162-872f-47fe-b863-44a21fec233f,contemporary r&b
1433,cbe2d20d-3df8-4f70-ba4d-e2ced024f679,2010s
1433,cbe2d20d-3df8-4f70-ba4d-e2ced024f679,rage
1433,cbe2d20d-3df8-4f70-ba4d-e2ced024f679,trap
1433,cbe2d20d-3df8-4f70-ba4d-e2ced024f679,hip hop
1433,cbe2d20d-3df8-4f70-ba4d-e2ced024f679,millennial
1433,cbe2d20d-3df8-4f70-ba4d-e2ced024f679,proto-rage
1433,cbe2d20d-3df8-4f70-ba4d-e2ced024f679,pop rap
1433,cbe2d20d-3df8-4f70-ba4d-e2ced024f679,pescetarian
1433,cbe2d20d-3df8-4f70-ba4d-e2ced024f679,emo rap
1433,cbe2d20d-3df8-4f70-ba4d-e2ced024f679,cloud rap
1433,cbe2d20d-3df8-4f70-ba4d-e2ced024f679,2020s
1433,cbe2d20d-3df8-4f70-ba4d-e2ced024f679,east coast hip hop
1434,cc09cdf6-be3f-4066-8ce9-8f1708e913d0,hip hop
1434,cc09cdf6-be3f-4066-8ce9-8f1708e913d0,experimental hip hop
1435,cc10c277-1a8d-45d6-a4cc-6c3a7f0e7ad3,gothic metal
1435,cc10c277-1a8d-45d6-a4cc-6c3a7f0e7ad3,metal
1435,cc10c277-1a8d-45d6-a4cc-6c3a7f0e7ad3,metalcore
1435,cc10c277-1a8d-45d6-a4cc-6c3a7f0e7ad3,hardcore
1435,cc10c277-1a8d-45d6-a4cc-6c3a7f0e7ad3,post-hardcore
1435,cc10c277-1a8d-45d6-a4cc-6c3a7f0e7ad3,nu metal
1435,cc10c277-1a8d-45d6-a4cc-6c3a7f0e7ad3,alternative metal
1435,cc10c277-1a8d-45d6-a4cc-6c3a7f0e7ad3,industrial metal
1436,cc7eb075-fd7b-449b-8b23-e16a85f6adc2,east coast hip hop
1436,cc7eb075-fd7b-449b-8b23-e16a85f6adc2,trap
1436,cc7eb075-fd7b-449b-8b23-e16a85f6adc2,hip hop
1436,cc7eb075-fd7b-449b-8b23-e16a85f6adc2,chicago drill
1436,cc7eb075-fd7b-449b-8b23-e16a85f6adc2,gen z
1436,cc7eb075-fd7b-449b-8b23-e16a85f6adc2,rap
1436,cc7eb075-fd7b-449b-8b23-e16a85f6adc2,emo rap
1436,cc7eb075-fd7b-449b-8b23-e16a85f6adc2,alternative hip hop
1436,cc7eb075-fd7b-449b-8b23-e16a85f6adc2,2010s
1437,ccdd6cad-f644-4a93-a673-bfa0d39c5064,alternative rock
1437,ccdd6cad-f644-4a93-a673-bfa0d39c5064,pop punk
1437,ccdd6cad-f644-4a93-a673-bfa0d39c5064,progressive rock
1438,cddce62b-ca54-4571-9a4c-57ef33143e4b,proto-rage
1438,cddce62b-ca54-4571-9a4c-57ef33143e4b,2020s
1438,cddce62b-ca54-4571-9a4c-57ef33143e4b,2010s
1438,cddce62b-ca54-4571-9a4c-57ef33143e4b,millennial
1438,cddce62b-ca54-4571-9a4c-57ef33143e4b,east coast hip hop
1438,cddce62b-ca54-4571-9a4c-57ef33143e4b,cloud rap
1438,cddce62b-ca54-4571-9a4c-57ef33143e4b,rage
1438,cddce62b-ca54-4571-9a4c-57ef33143e4b,hip hop
1438,cddce62b-ca54-4571-9a4c-57ef33143e4b,pop rap
1438,cddce62b-ca54-4571-9a4c-57ef33143e4b,emo rap
1438,cddce62b-ca54-4571-9a4c-57ef33143e4b,pescetarian
1438,cddce62b-ca54-4571-9a4c-57ef33143e4b,trap
1439,cf2ee2af-7a49-4845-a676-4bfae0589b9e,boom bap
1439,cf2ee2af-7a49-4845-a676-4bfae0589b9e,hip hop
1439,cf2ee2af-7a49-4845-a676-4bfae0589b9e,deep soul
1439,cf2ee2af-7a49-4845-a676-4bfae0589b9e,pop
1439,cf2ee2af-7a49-4845-a676-4bfae0589b9e,southern hip hop
1439,cf2ee2af-7a49-4845-a676-4bfae0589b9e,top 5
1439,cf2ee2af-7a49-4845-a676-4bfae0589b9e,hip hop
1439,cf2ee2af-7a49-4845-a676-4bfae0589b9e,top 10
1439,cf2ee2af-7a49-4845-a676-4bfae0589b9e,pop soul
1439,cf2ee2af-7a49-4845-a676-4bfae0589b9e,smooth soul
1439,cf2ee2af-7a49-4845-a676-4bfae0589b9e,god
1439,cf2ee2af-7a49-4845-a676-4bfae0589b9e,east coast hip hop
1439,cf2ee2af-7a49-4845-a676-4bfae0589b9e,east coast hip hop
1439,cf2ee2af-7a49-4845-a676-4bfae0589b9e,rap musicians
1439,cf2ee2af-7a49-4845-a676-4bfae0589b9e,criminal
1439,cf2ee2af-7a49-4845-a676-4bfae0589b9e,trap soul
1439,cf2ee2af-7a49-4845-a676-4bfae0589b9e,domestic abuser
1439,cf2ee2af-7a49-4845-a676-4bfae0589b9e,jazz rap
1439,cf2ee2af-7a49-4845-a676-4bfae0589b9e,conscious rap
1439,cf2ee2af-7a49-4845-a676-4bfae0589b9e,east coast hip-hop
1439,cf2ee2af-7a49-4845-a676-4bfae0589b9e,r&b
1439,cf2ee2af-7a49-4845-a676-4bfae0589b9e,rapist
1439,cf2ee2af-7a49-4845-a676-4bfae0589b9e,top 50
1439,cf2ee2af-7a49-4845-a676-4bfae0589b9e,rap
1439,cf2ee2af-7a49-4845-a676-4bfae0589b9e,rnb
1439,cf2ee2af-7a49-4845-a676-4bfae0589b9e,pop rap
1439,cf2ee2af-7a49-4845-a676-4bfae0589b9e,hip hop soul
1439,cf2ee2af-7a49-4845-a676-4bfae0589b9e,top 100
1439,cf2ee2af-7a49-4845-a676-4bfae0589b9e,hip-hop
1440,cf4b0dd9-7295-4449-92e3-ea24fda0a995,nu metal
1440,cf4b0dd9-7295-4449-92e3-ea24fda0a995,pop rock
1440,cf4b0dd9-7295-4449-92e3-ea24fda0a995,rap rock
1440,cf4b0dd9-7295-4449-92e3-ea24fda0a995,heavy metal
1440,cf4b0dd9-7295-4449-92e3-ea24fda0a995,hard rock
1440,cf4b0dd9-7295-4449-92e3-ea24fda0a995,alternative rock
1440,cf4b0dd9-7295-4449-92e3-ea24fda0a995,alternative metal
1441,cfbe0248-3bd8-421a-803e-ea5c2e7456f3,trap
1441,cfbe0248-3bd8-421a-803e-ea5c2e7456f3,rapper
1441,cfbe0248-3bd8-421a-803e-ea5c2e7456f3,southern hip hop
1441,cfbe0248-3bd8-421a-803e-ea5c2e7456f3,hip hop
1441,cfbe0248-3bd8-421a-803e-ea5c2e7456f3,2008 universal fire victim
1441,cfbe0248-3bd8-421a-803e-ea5c2e7456f3,hip hop
1442,cfc0ced5-ade3-433a-81ca-823b2c011715,post-hardcore
1442,cfc0ced5-ade3-433a-81ca-823b2c011715,hardcore
1442,cfc0ced5-ade3-433a-81ca-823b2c011715,emocore
1442,cfc0ced5-ade3-433a-81ca-823b2c011715,metalcore
1443,d04f430a-6818-4a7f-8416-c571d0b9390f,millennial
1443,d04f430a-6818-4a7f-8416-c571d0b9390f,scene
1443,d04f430a-6818-4a7f-8416-c571d0b9390f,pop punk
1443,d04f430a-6818-4a7f-8416-c571d0b9390f,experimental rock
1443,d04f430a-6818-4a7f-8416-c571d0b9390f,progressive rock
1443,d04f430a-6818-4a7f-8416-c571d0b9390f,hardcore punk
1443,d04f430a-6818-4a7f-8416-c571d0b9390f,easycore
1443,d04f430a-6818-4a7f-8416-c571d0b9390f,alternative
1443,d04f430a-6818-4a7f-8416-c571d0b9390f,screamo
1443,d04f430a-6818-4a7f-8416-c571d0b9390f,pop screamo
1443,d04f430a-6818-4a7f-8416-c571d0b9390f,rock
1443,d04f430a-6818-4a7f-8416-c571d0b9390f,emo
1443,d04f430a-6818-4a7f-8416-c571d0b9390f,pop
1443,d04f430a-6818-4a7f-8416-c571d0b9390f,alternative/indie rock
1443,d04f430a-6818-4a7f-8416-c571d0b9390f,melodic hardcore
1443,d04f430a-6818-4a7f-8416-c571d0b9390f,post-hardcore
1443,d04f430a-6818-4a7f-8416-c571d0b9390f,pop rock
1443,d04f430a-6818-4a7f-8416-c571d0b9390f,alternative rock
1444,d064e2ff-c16a-44a7-8218-e6c7f6da3acf,rapper
1444,d064e2ff-c16a-44a7-8218-e6c7f6da3acf,southern hip hop
1444,d064e2ff-c16a-44a7-8218-e6c7f6da3acf,hip hop
1444,d064e2ff-c16a-44a7-8218-e6c7f6da3acf,hip hop
1444,d064e2ff-c16a-44a7-8218-e6c7f6da3acf,west coast hip hop
1444,d064e2ff-c16a-44a7-8218-e6c7f6da3acf,trap
1445,d0a0a9a4-43f9-4207-ab54-633d21c6a068,hip hop
1446,d0c3bc09-40d1-4c1c-85ca-b6b01cb5b0a8,
1447,d1253e07-ecc6-4136-9fda-a9a089d5cb59,hip hop
1447,d1253e07-ecc6-4136-9fda-a9a089d5cb59,jazz
1447,d1253e07-ecc6-4136-9fda-a9a089d5cb59,progressive rap
1447,d1253e07-ecc6-4136-9fda-a9a089d5cb59,disco
1447,d1253e07-ecc6-4136-9fda-a9a089d5cb59,dance
1447,d1253e07-ecc6-4136-9fda-a9a089d5cb59,house
1447,d1253e07-ecc6-4136-9fda-a9a089d5cb59,future bass
1447,d1253e07-ecc6-4136-9fda-a9a089d5cb59,alternative hip hop
1447,d1253e07-ecc6-4136-9fda-a9a089d5cb59,contemporary rap
1447,d1253e07-ecc6-4136-9fda-a9a089d5cb59,jazz rap
1447,d1253e07-ecc6-4136-9fda-a9a089d5cb59,conscious hip hop
1447,d1253e07-ecc6-4136-9fda-a9a089d5cb59,hip hop
1447,d1253e07-ecc6-4136-9fda-a9a089d5cb59,hardcore hip hop
1447,d1253e07-ecc6-4136-9fda-a9a089d5cb59,west coast hip hop
1447,d1253e07-ecc6-4136-9fda-a9a089d5cb59,rap
1447,d1253e07-ecc6-4136-9fda-a9a089d5cb59,r&b
1447,d1253e07-ecc6-4136-9fda-a9a089d5cb59,pop rap
1447,d1253e07-ecc6-4136-9fda-a9a089d5cb59,conscious rapper
1447,d1253e07-ecc6-4136-9fda-a9a089d5cb59,2010s
1447,d1253e07-ecc6-4136-9fda-a9a089d5cb59,2020s
1447,d1253e07-ecc6-4136-9fda-a9a089d5cb59,trap
1447,d1253e07-ecc6-4136-9fda-a9a089d5cb59,pop
1447,d1253e07-ecc6-4136-9fda-a9a089d5cb59,gangsta rap
1447,d1253e07-ecc6-4136-9fda-a9a089d5cb59,west coast hip hop
1447,d1253e07-ecc6-4136-9fda-a9a089d5cb59,trap
1448,d17d6e29-c7c1-46d4-893f-4a6fed15009b,death by murder
1448,d17d6e29-c7c1-46d4-893f-4a6fed15009b,dance
1448,d17d6e29-c7c1-46d4-893f-4a6fed15009b,alternative r&b
1448,d17d6e29-c7c1-46d4-893f-4a6fed15009b,contemporary rap
1448,d17d6e29-c7c1-46d4-893f-4a6fed15009b,experimental hip hop
1448,d17d6e29-c7c1-46d4-893f-4a6fed15009b,trap
1448,d17d6e29-c7c1-46d4-893f-4a6fed15009b,alternative rock
1448,d17d6e29-c7c1-46d4-893f-4a6fed15009b,2010s
1448,d17d6e29-c7c1-46d4-893f-4a6fed15009b,edm
1448,d17d6e29-c7c1-46d4-893f-4a6fed15009b,trap
1448,d17d6e29-c7c1-46d4-893f-4a6fed15009b,trap metal
1448,d17d6e29-c7c1-46d4-893f-4a6fed15009b,soundcloud rap
1448,d17d6e29-c7c1-46d4-893f-4a6fed15009b,hip hop
1448,d17d6e29-c7c1-46d4-893f-4a6fed15009b,emo rap
1448,d17d6e29-c7c1-46d4-893f-4a6fed15009b,contemporary r&b
1448,d17d6e29-c7c1-46d4-893f-4a6fed15009b,rock
1448,d17d6e29-c7c1-46d4-893f-4a6fed15009b,trap music
1448,d17d6e29-c7c1-46d4-893f-4a6fed15009b,hip hop
1448,d17d6e29-c7c1-46d4-893f-4a6fed15009b,mumble rap
1448,d17d6e29-c7c1-46d4-893f-4a6fed15009b,rap rock
1448,d17d6e29-c7c1-46d4-893f-4a6fed15009b,gen z
1448,d17d6e29-c7c1-46d4-893f-4a6fed15009b,pop punk
1448,d17d6e29-c7c1-46d4-893f-4a6fed15009b,pop
1448,d17d6e29-c7c1-46d4-893f-4a6fed15009b,midwest hip-hop
1448,d17d6e29-c7c1-46d4-893f-4a6fed15009b,dubstep
1448,d17d6e29-c7c1-46d4-893f-4a6fed15009b,rap
1448,d17d6e29-c7c1-46d4-893f-4a6fed15009b,alternative hip hop
1448,d17d6e29-c7c1-46d4-893f-4a6fed15009b,emo rap
1448,d17d6e29-c7c1-46d4-893f-4a6fed15009b,african
1448,d17d6e29-c7c1-46d4-893f-4a6fed15009b,cloud rap
1448,d17d6e29-c7c1-46d4-893f-4a6fed15009b,melodic rap
1448,d17d6e29-c7c1-46d4-893f-4a6fed15009b,drum and bass
1448,d17d6e29-c7c1-46d4-893f-4a6fed15009b,electronica
1448,d17d6e29-c7c1-46d4-893f-4a6fed15009b,rage
1449,d1b1a123-9785-4c88-8ec3-bfc0b0954635,trap
1449,d1b1a123-9785-4c88-8ec3-bfc0b0954635,southern hip hop
1449,d1b1a123-9785-4c88-8ec3-bfc0b0954635,experimental hip hop
1449,d1b1a123-9785-4c88-8ec3-bfc0b0954635,rap
1449,d1b1a123-9785-4c88-8ec3-bfc0b0954635,pop rap
1449,d1b1a123-9785-4c88-8ec3-bfc0b0954635,english
1449,d1b1a123-9785-4c88-8ec3-bfc0b0954635,hip hop
1450,d24c1c4a-ec4c-455d-8577-eea49d6ff5b2,indie pop
1450,d24c1c4a-ec4c-455d-8577-eea49d6ff5b2,tumblr
1450,d24c1c4a-ec4c-455d-8577-eea49d6ff5b2,alternative rock
1451,d2673f10-e293-4e27-bc5e-b8e7858bf82a,indie pop
1451,d2673f10-e293-4e27-bc5e-b8e7858bf82a,tumblr
1451,d2673f10-e293-4e27-bc5e-b8e7858bf82a,alternative rock
1452,d419bcac-5bdb-4b23-8190-f844950fdefc,rock
1453,d4713645-4c40-4fe9-b843-b3037210f8ec,trap
1454,d55cde7f-2b8c-42e0-92dd-dae0ca23d87e,alternative rock
1454,d55cde7f-2b8c-42e0-92dd-dae0ca23d87e,progressive rock
1454,d55cde7f-2b8c-42e0-92dd-dae0ca23d87e,pop punk
1455,d658e681-3e31-4c91-9cd1-27515a0418ab,nuno
1455,d658e681-3e31-4c91-9cd1-27515a0418ab,indie pop
1455,d658e681-3e31-4c91-9cd1-27515a0418ab,pop rap
1455,d658e681-3e31-4c91-9cd1-27515a0418ab,pop rap
1455,d658e681-3e31-4c91-9cd1-27515a0418ab,jazz rap
1455,d658e681-3e31-4c91-9cd1-27515a0418ab,boom bap
1455,d658e681-3e31-4c91-9cd1-27515a0418ab,rap rock
1455,d658e681-3e31-4c91-9cd1-27515a0418ab,east coast hip hop
1455,d658e681-3e31-4c91-9cd1-27515a0418ab,pop rap
1455,d658e681-3e31-4c91-9cd1-27515a0418ab,southern hip hop
1455,d658e681-3e31-4c91-9cd1-27515a0418ab,hip hop
1455,d658e681-3e31-4c91-9cd1-27515a0418ab,hip hop
1455,d658e681-3e31-4c91-9cd1-27515a0418ab,trap
1455,d658e681-3e31-4c91-9cd1-27515a0418ab,criminal
1455,d658e681-3e31-4c91-9cd1-27515a0418ab,english
1455,d658e681-3e31-4c91-9cd1-27515a0418ab,rap
1455,d658e681-3e31-4c91-9cd1-27515a0418ab,rock
1455,d658e681-3e31-4c91-9cd1-27515a0418ab,hip hop
1455,d658e681-3e31-4c91-9cd1-27515a0418ab,east coast hip hop
1455,d658e681-3e31-4c91-9cd1-27515a0418ab,pop rock
1455,d658e681-3e31-4c91-9cd1-27515a0418ab,pop
1455,d658e681-3e31-4c91-9cd1-27515a0418ab,alternative rock
1455,d658e681-3e31-4c91-9cd1-27515a0418ab,alternative rock
1455,d658e681-3e31-4c91-9cd1-27515a0418ab,indietronica
1455,d658e681-3e31-4c91-9cd1-27515a0418ab,alternative pop
1455,d658e681-3e31-4c91-9cd1-27515a0418ab,electropop
1455,d658e681-3e31-4c91-9cd1-27515a0418ab,blessings
1455,d658e681-3e31-4c91-9cd1-27515a0418ab,lecrae
1455,d658e681-3e31-4c91-9cd1-27515a0418ab,folk pop
1455,d658e681-3e31-4c91-9cd1-27515a0418ab,pop rock
1455,d658e681-3e31-4c91-9cd1-27515a0418ab,hip hop
1455,d658e681-3e31-4c91-9cd1-27515a0418ab,underground hip hop
1455,d658e681-3e31-4c91-9cd1-27515a0418ab,top 5
1455,d658e681-3e31-4c91-9cd1-27515a0418ab,top 10
1455,d658e681-3e31-4c91-9cd1-27515a0418ab,top 100
1455,d658e681-3e31-4c91-9cd1-27515a0418ab,r&b
1455,d658e681-3e31-4c91-9cd1-27515a0418ab,conscious hip hop
1455,d658e681-3e31-4c91-9cd1-27515a0418ab,pop
1455,d658e681-3e31-4c91-9cd1-27515a0418ab,rock
1455,d658e681-3e31-4c91-9cd1-27515a0418ab,2000s
1455,d658e681-3e31-4c91-9cd1-27515a0418ab,2010s
1455,d658e681-3e31-4c91-9cd1-27515a0418ab,gangsta rap
1455,d658e681-3e31-4c91-9cd1-27515a0418ab,sxsw
1455,d658e681-3e31-4c91-9cd1-27515a0418ab,austin city limits
1455,d658e681-3e31-4c91-9cd1-27515a0418ab,top 100
1455,d658e681-3e31-4c91-9cd1-27515a0418ab,contemporary r&b
1455,d658e681-3e31-4c91-9cd1-27515a0418ab,pop rap
1455,d658e681-3e31-4c91-9cd1-27515a0418ab,r&b
1456,d71e1d94-1d0e-4820-96bb-4aef1d3804ec,gangsta rap
1456,d71e1d94-1d0e-4820-96bb-4aef1d3804ec,conscious hip hop
1456,d71e1d94-1d0e-4820-96bb-4aef1d3804ec,trap
1456,d71e1d94-1d0e-4820-96bb-4aef1d3804ec,hardcore hip hop
1456,d71e1d94-1d0e-4820-96bb-4aef1d3804ec,southern hip hop
1456,d71e1d94-1d0e-4820-96bb-4aef1d3804ec,rapper
1456,d71e1d94-1d0e-4820-96bb-4aef1d3804ec,east coast hip hop
1456,d71e1d94-1d0e-4820-96bb-4aef1d3804ec,hip hop
1456,d71e1d94-1d0e-4820-96bb-4aef1d3804ec,boom bap
1456,d71e1d94-1d0e-4820-96bb-4aef1d3804ec,hip hop
1457,d7471960-73b9-4125-aaf0-438a4acdc81c,
1458,d78ee6ea-6513-47db-8c44-48c50954a38d,post-hardcore
1458,d78ee6ea-6513-47db-8c44-48c50954a38d,emo pop
1458,d78ee6ea-6513-47db-8c44-48c50954a38d,acoustic
1458,d78ee6ea-6513-47db-8c44-48c50954a38d,metalcore
1458,d78ee6ea-6513-47db-8c44-48c50954a38d,alternative rock
1458,d78ee6ea-6513-47db-8c44-48c50954a38d,pop screamo
1458,d78ee6ea-6513-47db-8c44-48c50954a38d,pop punk
1459,d8ac72ad-0342-428e-8252-370d5c6f2f91,hardcore hip hop
1459,d8ac72ad-0342-428e-8252-370d5c6f2f91,hip hop
1459,d8ac72ad-0342-428e-8252-370d5c6f2f91,boom bap
1459,d8ac72ad-0342-428e-8252-370d5c6f2f91,pop rap
1459,d8ac72ad-0342-428e-8252-370d5c6f2f91,alternative rock
1459,d8ac72ad-0342-428e-8252-370d5c6f2f91,abstract hip hop
1459,d8ac72ad-0342-428e-8252-370d5c6f2f91,east coast hip hop
1459,d8ac72ad-0342-428e-8252-370d5c6f2f91,tumblr
1459,d8ac72ad-0342-428e-8252-370d5c6f2f91,indie pop
1460,d8ffbcca-4f55-49eb-97fe-51dc56d4d1b5,post-hardcore
1460,d8ffbcca-4f55-49eb-97fe-51dc56d4d1b5,experimental rock
1461,d9059bd1-9c39-4262-a257-c23641cceb79,tumblr
1461,d9059bd1-9c39-4262-a257-c23641cceb79,alternative rock
1461,d9059bd1-9c39-4262-a257-c23641cceb79,indie pop
1462,d952d89e-8b07-4a8e-9be7-c8f753897d9f,heavy metal
1462,d952d89e-8b07-4a8e-9be7-c8f753897d9f,trancecore
1462,d952d89e-8b07-4a8e-9be7-c8f753897d9f,post-hardcore
1462,d952d89e-8b07-4a8e-9be7-c8f753897d9f,screamo
1462,d952d89e-8b07-4a8e-9be7-c8f753897d9f,electronic
1462,d952d89e-8b07-4a8e-9be7-c8f753897d9f,alternative metal
1462,d952d89e-8b07-4a8e-9be7-c8f753897d9f,metalcore
1463,dac07c20-2c8e-499d-91d9-73ae5eab05e2,electronic rock
1463,dac07c20-2c8e-499d-91d9-73ae5eab05e2,post-hardcore
1463,dac07c20-2c8e-499d-91d9-73ae5eab05e2,deathcore
1463,dac07c20-2c8e-499d-91d9-73ae5eab05e2,pop
1463,dac07c20-2c8e-499d-91d9-73ae5eab05e2,electronic
1463,dac07c20-2c8e-499d-91d9-73ae5eab05e2,nu metal
1463,dac07c20-2c8e-499d-91d9-73ae5eab05e2,hard rock
1463,dac07c20-2c8e-499d-91d9-73ae5eab05e2,rock
1463,dac07c20-2c8e-499d-91d9-73ae5eab05e2,heavy metal
1463,dac07c20-2c8e-499d-91d9-73ae5eab05e2,emo
1463,dac07c20-2c8e-499d-91d9-73ae5eab05e2,alternative rock
1463,dac07c20-2c8e-499d-91d9-73ae5eab05e2,house
1463,dac07c20-2c8e-499d-91d9-73ae5eab05e2,pop rock
1463,dac07c20-2c8e-499d-91d9-73ae5eab05e2,alternative metal
1463,dac07c20-2c8e-499d-91d9-73ae5eab05e2,drum and bass
1463,dac07c20-2c8e-499d-91d9-73ae5eab05e2,metalcore
1463,dac07c20-2c8e-499d-91d9-73ae5eab05e2,psychedelic rock
1463,dac07c20-2c8e-499d-91d9-73ae5eab05e2,melodic metalcore
1463,dac07c20-2c8e-499d-91d9-73ae5eab05e2,alternative/indie rock
1463,dac07c20-2c8e-499d-91d9-73ae5eab05e2,screamo
1464,db2fbdc9-78bc-4834-8ee6-d84c0b7100f0,country
1464,db2fbdc9-78bc-4834-8ee6-d84c0b7100f0,hard rock
1464,db2fbdc9-78bc-4834-8ee6-d84c0b7100f0,rock
1464,db2fbdc9-78bc-4834-8ee6-d84c0b7100f0,pop
1464,db2fbdc9-78bc-4834-8ee6-d84c0b7100f0,r&b
1464,db2fbdc9-78bc-4834-8ee6-d84c0b7100f0,jazz
1464,db2fbdc9-78bc-4834-8ee6-d84c0b7100f0,country rock
1464,db2fbdc9-78bc-4834-8ee6-d84c0b7100f0,blues
1464,db2fbdc9-78bc-4834-8ee6-d84c0b7100f0,metalcore
1464,db2fbdc9-78bc-4834-8ee6-d84c0b7100f0,country rock
1464,db2fbdc9-78bc-4834-8ee6-d84c0b7100f0,hard rock
1465,dbac67b6-0235-4d30-a8be-b7220afb1cb0,rap
1465,dbac67b6-0235-4d30-a8be-b7220afb1cb0,hip hop
1466,dc04000c-fc3f-4110-bb63-f6cf37ccbf1e,post-hardcore
1466,dc04000c-fc3f-4110-bb63-f6cf37ccbf1e,pop screamo
1466,dc04000c-fc3f-4110-bb63-f6cf37ccbf1e,pop punk
1466,dc04000c-fc3f-4110-bb63-f6cf37ccbf1e,alternative rock
1466,dc04000c-fc3f-4110-bb63-f6cf37ccbf1e,emo
1466,dc04000c-fc3f-4110-bb63-f6cf37ccbf1e,progressive rock
1466,dc04000c-fc3f-4110-bb63-f6cf37ccbf1e,alternative/indie rock
1466,dc04000c-fc3f-4110-bb63-f6cf37ccbf1e,scene
1466,dc04000c-fc3f-4110-bb63-f6cf37ccbf1e,hardcore punk
1466,dc04000c-fc3f-4110-bb63-f6cf37ccbf1e,millennial
1466,dc04000c-fc3f-4110-bb63-f6cf37ccbf1e,pop
1466,dc04000c-fc3f-4110-bb63-f6cf37ccbf1e,melodic hardcore
1466,dc04000c-fc3f-4110-bb63-f6cf37ccbf1e,pop rock
1466,dc04000c-fc3f-4110-bb63-f6cf37ccbf1e,rock
1466,dc04000c-fc3f-4110-bb63-f6cf37ccbf1e,experimental rock
1466,dc04000c-fc3f-4110-bb63-f6cf37ccbf1e,easycore
1466,dc04000c-fc3f-4110-bb63-f6cf37ccbf1e,alternative
1466,dc04000c-fc3f-4110-bb63-f6cf37ccbf1e,screamo
1467,dc19676f-ad3c-4e50-8101-839a50b8b846,fixme label mess
1467,dc19676f-ad3c-4e50-8101-839a50b8b846,metal
1467,dc19676f-ad3c-4e50-8101-839a50b8b846,christian rock
1467,dc19676f-ad3c-4e50-8101-839a50b8b846,female fronted
1467,dc19676f-ad3c-4e50-8101-839a50b8b846,christian metal
1468,dc2f3f78-29f0-4aff-8968-49bdc7cbcb58,djent
1468,dc2f3f78-29f0-4aff-8968-49bdc7cbcb58,alternative metal
1468,dc2f3f78-29f0-4aff-8968-49bdc7cbcb58,metalcore
1468,dc2f3f78-29f0-4aff-8968-49bdc7cbcb58,metal
1468,dc2f3f78-29f0-4aff-8968-49bdc7cbcb58,rock and indie
1469,dc305834-5261-4e8c-afb6-b93a89e7946d,alternative rock
1469,dc305834-5261-4e8c-afb6-b93a89e7946d,tumblr
1469,dc305834-5261-4e8c-afb6-b93a89e7946d,indie pop
1470,dc70d850-e420-4dff-9e45-6f419403fbe5,progressive rock
1470,dc70d850-e420-4dff-9e45-6f419403fbe5,heavy metal
1470,dc70d850-e420-4dff-9e45-6f419403fbe5,alternative rock
1470,dc70d850-e420-4dff-9e45-6f419403fbe5,hard rock
1470,dc70d850-e420-4dff-9e45-6f419403fbe5,rock
1470,dc70d850-e420-4dff-9e45-6f419403fbe5,progressive metal
1470,dc70d850-e420-4dff-9e45-6f419403fbe5,alternative metal
1471,dd290c64-1328-411a-8823-c56489a63c7d,metal
1471,dd290c64-1328-411a-8823-c56489a63c7d,alt rock
1471,dd290c64-1328-411a-8823-c56489a63c7d,rap metal
1471,dd290c64-1328-411a-8823-c56489a63c7d,rock
1471,dd290c64-1328-411a-8823-c56489a63c7d,alternative rock
1471,dd290c64-1328-411a-8823-c56489a63c7d,rap rock
1471,dd290c64-1328-411a-8823-c56489a63c7d,nu metal
1472,dd8518bd-37b6-4c43-8697-ca6941c40d5a,rock
1472,dd8518bd-37b6-4c43-8697-ca6941c40d5a,progressive rock
1472,dd8518bd-37b6-4c43-8697-ca6941c40d5a,phonk
1472,dd8518bd-37b6-4c43-8697-ca6941c40d5a,heavy metal
1472,dd8518bd-37b6-4c43-8697-ca6941c40d5a,hard rock
1472,dd8518bd-37b6-4c43-8697-ca6941c40d5a,alternative metal
1472,dd8518bd-37b6-4c43-8697-ca6941c40d5a,progressive metal
1472,dd8518bd-37b6-4c43-8697-ca6941c40d5a,alternative rock
1473,ddba86eb-7439-4d81-8204-9843567043ec,pop rock
1473,ddba86eb-7439-4d81-8204-9843567043ec,alternative rock
1474,de23705a-37c5-47d5-a842-8390fcb552da,nu metal
1474,de23705a-37c5-47d5-a842-8390fcb552da,rock
1474,de23705a-37c5-47d5-a842-8390fcb552da,alternative metal
1474,de23705a-37c5-47d5-a842-8390fcb552da,hard rock
1475,de3108c1-61de-42ec-b82b-daa9954ca231,hip hop
1475,de3108c1-61de-42ec-b82b-daa9954ca231,rap
1476,de38a793-3dfa-410c-a237-4ccd5cad30af,emo pop
1476,de38a793-3dfa-410c-a237-4ccd5cad30af,alternative rock
1476,de38a793-3dfa-410c-a237-4ccd5cad30af,pop screamo
1476,de38a793-3dfa-410c-a237-4ccd5cad30af,pop punk
1476,de38a793-3dfa-410c-a237-4ccd5cad30af,post-hardcore
1476,de38a793-3dfa-410c-a237-4ccd5cad30af,metalcore
1476,de38a793-3dfa-410c-a237-4ccd5cad30af,acoustic
1477,df1f5c55-eaa0-4ca4-96a7-43006b1cee97,hip hop
1477,df1f5c55-eaa0-4ca4-96a7-43006b1cee97,contemporary r&b
1477,df1f5c55-eaa0-4ca4-96a7-43006b1cee97,alternative r&b
1477,df1f5c55-eaa0-4ca4-96a7-43006b1cee97,trap soul
1477,df1f5c55-eaa0-4ca4-96a7-43006b1cee97,2010s
1477,df1f5c55-eaa0-4ca4-96a7-43006b1cee97,pop soul
1477,df1f5c55-eaa0-4ca4-96a7-43006b1cee97,hip hop soul
1478,dfc2f4c3-94e1-4385-a3bc-d09c8a83a15e,dance
1478,dfc2f4c3-94e1-4385-a3bc-d09c8a83a15e,experimental hip hop
1478,dfc2f4c3-94e1-4385-a3bc-d09c8a83a15e,pop
1478,dfc2f4c3-94e1-4385-a3bc-d09c8a83a15e,drum and bass
1478,dfc2f4c3-94e1-4385-a3bc-d09c8a83a15e,hip hop
1478,dfc2f4c3-94e1-4385-a3bc-d09c8a83a15e,deep house
1478,dfc2f4c3-94e1-4385-a3bc-d09c8a83a15e,bass house
1478,dfc2f4c3-94e1-4385-a3bc-d09c8a83a15e,electronica
1478,dfc2f4c3-94e1-4385-a3bc-d09c8a83a15e,tech house
1478,dfc2f4c3-94e1-4385-a3bc-d09c8a83a15e,edm
1478,dfc2f4c3-94e1-4385-a3bc-d09c8a83a15e,edm trap music
1478,dfc2f4c3-94e1-4385-a3bc-d09c8a83a15e,african
1478,dfc2f4c3-94e1-4385-a3bc-d09c8a83a15e,latin
1478,dfc2f4c3-94e1-4385-a3bc-d09c8a83a15e,hip hop
1478,dfc2f4c3-94e1-4385-a3bc-d09c8a83a15e,dubstep
1478,dfc2f4c3-94e1-4385-a3bc-d09c8a83a15e,southern hip hop
1478,dfc2f4c3-94e1-4385-a3bc-d09c8a83a15e,breakbeat
1478,dfc2f4c3-94e1-4385-a3bc-d09c8a83a15e,amapiano
1478,dfc2f4c3-94e1-4385-a3bc-d09c8a83a15e,rap
1478,dfc2f4c3-94e1-4385-a3bc-d09c8a83a15e,hip hop
1478,dfc2f4c3-94e1-4385-a3bc-d09c8a83a15e,electropop
1478,dfc2f4c3-94e1-4385-a3bc-d09c8a83a15e,pop rap
1478,dfc2f4c3-94e1-4385-a3bc-d09c8a83a15e,breaks
1478,dfc2f4c3-94e1-4385-a3bc-d09c8a83a15e,southern hip hop
1478,dfc2f4c3-94e1-4385-a3bc-d09c8a83a15e,english
1478,dfc2f4c3-94e1-4385-a3bc-d09c8a83a15e,hardcore
1478,dfc2f4c3-94e1-4385-a3bc-d09c8a83a15e,contemporary r&b
1478,dfc2f4c3-94e1-4385-a3bc-d09c8a83a15e,2010s
1478,dfc2f4c3-94e1-4385-a3bc-d09c8a83a15e,afro house
1478,dfc2f4c3-94e1-4385-a3bc-d09c8a83a15e,trap
1478,dfc2f4c3-94e1-4385-a3bc-d09c8a83a15e,alternative r&b
1478,dfc2f4c3-94e1-4385-a3bc-d09c8a83a15e,trap
1478,dfc2f4c3-94e1-4385-a3bc-d09c8a83a15e,moombahton
1478,dfc2f4c3-94e1-4385-a3bc-d09c8a83a15e,future bass
1478,dfc2f4c3-94e1-4385-a3bc-d09c8a83a15e,trap
1479,e0d85543-b8e4-4aae-bc9e-071e718b5599,top 100
1479,e0d85543-b8e4-4aae-bc9e-071e718b5599,j. cole
1479,e0d85543-b8e4-4aae-bc9e-071e718b5599,hip hop
1479,e0d85543-b8e4-4aae-bc9e-071e718b5599,rap
1479,e0d85543-b8e4-4aae-bc9e-071e718b5599,trap
1480,e10a3196-f052-4fcc-805f-3f9f9e970f67,pop rock
1480,e10a3196-f052-4fcc-805f-3f9f9e970f67,pop-punk
1480,e10a3196-f052-4fcc-805f-3f9f9e970f67,nu metal
1480,e10a3196-f052-4fcc-805f-3f9f9e970f67,hard rock
1480,e10a3196-f052-4fcc-805f-3f9f9e970f67,alternative metal
1480,e10a3196-f052-4fcc-805f-3f9f9e970f67,metalcore
1480,e10a3196-f052-4fcc-805f-3f9f9e970f67,metal
1480,e10a3196-f052-4fcc-805f-3f9f9e970f67,post-hardcore
1480,e10a3196-f052-4fcc-805f-3f9f9e970f67,melodic metalcore
1480,e10a3196-f052-4fcc-805f-3f9f9e970f67,rock
1481,e147e8e6-ac7c-4242-8374-37ab2f80afe4,americana
1481,e147e8e6-ac7c-4242-8374-37ab2f80afe4,country
1481,e147e8e6-ac7c-4242-8374-37ab2f80afe4,alternative country
1481,e147e8e6-ac7c-4242-8374-37ab2f80afe4,pop
1481,e147e8e6-ac7c-4242-8374-37ab2f80afe4,red dirt
1481,e147e8e6-ac7c-4242-8374-37ab2f80afe4,folk
1481,e147e8e6-ac7c-4242-8374-37ab2f80afe4,folk pop
1482,e1677961-cda7-41ad-929e-82259fddb059,metal
1482,e1677961-cda7-41ad-929e-82259fddb059,heavy metal
1482,e1677961-cda7-41ad-929e-82259fddb059,post-hardcore
1482,e1677961-cda7-41ad-929e-82259fddb059,alternative metal
1482,e1677961-cda7-41ad-929e-82259fddb059,rock
1482,e1677961-cda7-41ad-929e-82259fddb059,metalcore
1482,e1677961-cda7-41ad-929e-82259fddb059,post-hardcore
1483,e2ed03af-0140-47ca-93d3-1b20de03db59,djent
1483,e2ed03af-0140-47ca-93d3-1b20de03db59,progressive rock
1483,e2ed03af-0140-47ca-93d3-1b20de03db59,progressive metal
1483,e2ed03af-0140-47ca-93d3-1b20de03db59,alternative metal
1483,e2ed03af-0140-47ca-93d3-1b20de03db59,alternative pop
1483,e2ed03af-0140-47ca-93d3-1b20de03db59,art pop
1483,e2ed03af-0140-47ca-93d3-1b20de03db59,alternative r&b
1484,e36b2bc7-0bf6-47f7-8c2a-1646450fb327,rock
1484,e36b2bc7-0bf6-47f7-8c2a-1646450fb327,hard rock
1484,e36b2bc7-0bf6-47f7-8c2a-1646450fb327,all-female
1484,e36b2bc7-0bf6-47f7-8c2a-1646450fb327,alternative rock
1485,e3ca5d22-9f3d-4a11-8141-6af33129ed93,hardcore hip hop
1485,e3ca5d22-9f3d-4a11-8141-6af33129ed93,trap
1485,e3ca5d22-9f3d-4a11-8141-6af33129ed93,contemporary rap
1485,e3ca5d22-9f3d-4a11-8141-6af33129ed93,jazz rap
1485,e3ca5d22-9f3d-4a11-8141-6af33129ed93,hip hop
1485,e3ca5d22-9f3d-4a11-8141-6af33129ed93,future bass
1485,e3ca5d22-9f3d-4a11-8141-6af33129ed93,r&b
1485,e3ca5d22-9f3d-4a11-8141-6af33129ed93,underground hip hop
1485,e3ca5d22-9f3d-4a11-8141-6af33129ed93,house
1485,e3ca5d22-9f3d-4a11-8141-6af33129ed93,alternative hip hop
1485,e3ca5d22-9f3d-4a11-8141-6af33129ed93,hip hop
1485,e3ca5d22-9f3d-4a11-8141-6af33129ed93,trap
1485,e3ca5d22-9f3d-4a11-8141-6af33129ed93,midwest rap
1485,e3ca5d22-9f3d-4a11-8141-6af33129ed93,hardcore hip hop
1485,e3ca5d22-9f3d-4a11-8141-6af33129ed93,west coast hip hop
1485,e3ca5d22-9f3d-4a11-8141-6af33129ed93,electronica
1485,e3ca5d22-9f3d-4a11-8141-6af33129ed93,gangsta rap
1485,e3ca5d22-9f3d-4a11-8141-6af33129ed93,gangsta rap
1486,e5da9a22-5258-46af-8592-5bef6f85fb05,post-screamo
1486,e5da9a22-5258-46af-8592-5bef6f85fb05,alternative rock
1486,e5da9a22-5258-46af-8592-5bef6f85fb05,rock
1486,e5da9a22-5258-46af-8592-5bef6f85fb05,pop rock
1486,e5da9a22-5258-46af-8592-5bef6f85fb05,post-hardcore
1487,e5ff4b85-7ced-48a6-994b-f334db32749f,soul
1487,e5ff4b85-7ced-48a6-994b-f334db32749f,funk soul
1487,e5ff4b85-7ced-48a6-994b-f334db32749f,soul and reggae
1487,e5ff4b85-7ced-48a6-994b-f334db32749f,funk
1487,e5ff4b85-7ced-48a6-994b-f334db32749f,neo-soul
1487,e5ff4b85-7ced-48a6-994b-f334db32749f,acid jazz
1487,e5ff4b85-7ced-48a6-994b-f334db32749f,neo soul
1487,e5ff4b85-7ced-48a6-994b-f334db32749f,rap
1487,e5ff4b85-7ced-48a6-994b-f334db32749f,hip hop
1487,e5ff4b85-7ced-48a6-994b-f334db32749f,contemporary r&b
1487,e5ff4b85-7ced-48a6-994b-f334db32749f,jazz
1487,e5ff4b85-7ced-48a6-994b-f334db32749f,hip hop
1488,e6002c7f-0ef9-4f76-a26f-d20011036ac2,alternative rock
1488,e6002c7f-0ef9-4f76-a26f-d20011036ac2,dream pop
1488,e6002c7f-0ef9-4f76-a26f-d20011036ac2,spacegrunge
1488,e6002c7f-0ef9-4f76-a26f-d20011036ac2,synth-pop
1488,e6002c7f-0ef9-4f76-a26f-d20011036ac2,symphonic rock
1488,e6002c7f-0ef9-4f76-a26f-d20011036ac2,progressive rock
1488,e6002c7f-0ef9-4f76-a26f-d20011036ac2,neo-psychedelia
1488,e6002c7f-0ef9-4f76-a26f-d20011036ac2,shoegaze
1488,e6002c7f-0ef9-4f76-a26f-d20011036ac2,grunge
1488,e6002c7f-0ef9-4f76-a26f-d20011036ac2,rock
1489,e77f26ae-8caf-4c27-a869-8a66d37d1b69,indie pop
1489,e77f26ae-8caf-4c27-a869-8a66d37d1b69,tumblr
1489,e77f26ae-8caf-4c27-a869-8a66d37d1b69,alternative rock
1490,e79785b1-c27c-4ed5-9c6d-e596e3382120,alternative
1490,e79785b1-c27c-4ed5-9c6d-e596e3382120,acoustic rock
1490,e79785b1-c27c-4ed5-9c6d-e596e3382120,power pop
1490,e79785b1-c27c-4ed5-9c6d-e596e3382120,emo pop
1490,e79785b1-c27c-4ed5-9c6d-e596e3382120,pop punk
1490,e79785b1-c27c-4ed5-9c6d-e596e3382120,pop
1490,e79785b1-c27c-4ed5-9c6d-e596e3382120,female vocalists
1490,e79785b1-c27c-4ed5-9c6d-e596e3382120,emo
1490,e79785b1-c27c-4ed5-9c6d-e596e3382120,pop rock
1490,e79785b1-c27c-4ed5-9c6d-e596e3382120,emo-pop
1490,e79785b1-c27c-4ed5-9c6d-e596e3382120,new wave
1490,e79785b1-c27c-4ed5-9c6d-e596e3382120,female fronted
1490,e79785b1-c27c-4ed5-9c6d-e596e3382120,alternative rock
1490,e79785b1-c27c-4ed5-9c6d-e596e3382120,nuno
1490,e79785b1-c27c-4ed5-9c6d-e596e3382120,rock
1491,e7ada1d0-0604-4ff2-9361-939ebf5b53af,pop punk
1491,e7ada1d0-0604-4ff2-9361-939ebf5b53af,alternative rock
1491,e7ada1d0-0604-4ff2-9361-939ebf5b53af,emo
1491,e7ada1d0-0604-4ff2-9361-939ebf5b53af,mainstream rock
1491,e7ada1d0-0604-4ff2-9361-939ebf5b53af,geek rock
1491,e7ada1d0-0604-4ff2-9361-939ebf5b53af,power pop
1491,e7ada1d0-0604-4ff2-9361-939ebf5b53af,nerd music
1491,e7ada1d0-0604-4ff2-9361-939ebf5b53af,garage rock
1491,e7ada1d0-0604-4ff2-9361-939ebf5b53af,rock
1491,e7ada1d0-0604-4ff2-9361-939ebf5b53af,pop
1491,e7ada1d0-0604-4ff2-9361-939ebf5b53af,alternative pop
1491,e7ada1d0-0604-4ff2-9361-939ebf5b53af,alternative
1491,e7ada1d0-0604-4ff2-9361-939ebf5b53af,alternative/indie rock
1491,e7ada1d0-0604-4ff2-9361-939ebf5b53af,indie rock
1491,e7ada1d0-0604-4ff2-9361-939ebf5b53af,pop rock
1492,e7c9603b-b121-4318-a0cf-e8037fc7d5f3,alternative rock
1492,e7c9603b-b121-4318-a0cf-e8037fc7d5f3,indie pop
1492,e7c9603b-b121-4318-a0cf-e8037fc7d5f3,tumblr
1493,e7e57d30-bd5d-4463-876c-63bf70ca1f66,pop screamo
1493,e7e57d30-bd5d-4463-876c-63bf70ca1f66,emo pop
1493,e7e57d30-bd5d-4463-876c-63bf70ca1f66,post-hardcore
1493,e7e57d30-bd5d-4463-876c-63bf70ca1f66,pop punk
1493,e7e57d30-bd5d-4463-876c-63bf70ca1f66,acoustic
1493,e7e57d30-bd5d-4463-876c-63bf70ca1f66,metalcore
1493,e7e57d30-bd5d-4463-876c-63bf70ca1f66,alternative rock
1494,e877483e-0d88-4546-9042-f7868e27147b,rap
1494,e877483e-0d88-4546-9042-f7868e27147b,pop soul
1494,e877483e-0d88-4546-9042-f7868e27147b,2010s
1494,e877483e-0d88-4546-9042-f7868e27147b,trap soul
1494,e877483e-0d88-4546-9042-f7868e27147b,alternative r&b
1494,e877483e-0d88-4546-9042-f7868e27147b,contemporary r&b
1494,e877483e-0d88-4546-9042-f7868e27147b,hip hop
1494,e877483e-0d88-4546-9042-f7868e27147b,hip hop
1494,e877483e-0d88-4546-9042-f7868e27147b,hip hop soul
1495,e8d49121-d263-48a7-a0bc-e629f7c54aa7,baroque pop
1495,e8d49121-d263-48a7-a0bc-e629f7c54aa7,chamber pop
1495,e8d49121-d263-48a7-a0bc-e629f7c54aa7,emo pop
1495,e8d49121-d263-48a7-a0bc-e629f7c54aa7,group turned solo project
1495,e8d49121-d263-48a7-a0bc-e629f7c54aa7,alternative rock
1495,e8d49121-d263-48a7-a0bc-e629f7c54aa7,pop punk
1495,e8d49121-d263-48a7-a0bc-e629f7c54aa7,electropop
1495,e8d49121-d263-48a7-a0bc-e629f7c54aa7,pop rock
1495,e8d49121-d263-48a7-a0bc-e629f7c54aa7,power pop
1495,e8d49121-d263-48a7-a0bc-e629f7c54aa7,rock
1495,e8d49121-d263-48a7-a0bc-e629f7c54aa7,emo
1496,e94c10ad-c6c1-4898-860e-7947c53fd3b9,metalcore
1497,e97155dd-6cb4-4b52-a772-95fb8d1decc5,metalcore
1497,e97155dd-6cb4-4b52-a772-95fb8d1decc5,post-hardcore
1497,e97155dd-6cb4-4b52-a772-95fb8d1decc5,alternative rock
1498,e9d2f48c-7525-4c71-8c5b-e62895d73884,hip hop
1498,e9d2f48c-7525-4c71-8c5b-e62895d73884,rap
1498,e9d2f48c-7525-4c71-8c5b-e62895d73884,southern hip hop
1499,ea570f81-40b0-4675-a13a-ceffb8c26013,metalcore
1499,ea570f81-40b0-4675-a13a-ceffb8c26013,hardcore
1499,ea570f81-40b0-4675-a13a-ceffb8c26013,emocore
1499,ea570f81-40b0-4675-a13a-ceffb8c26013,post-hardcore
1500,eab5039f-86e2-49bd-bfde-642780e21478,west coast hip hop
1500,eab5039f-86e2-49bd-bfde-642780e21478,hip hop
1501,eb25e547-e131-4165-924f-5065127d0332,east coast hip hop
1501,eb25e547-e131-4165-924f-5065127d0332,hip hop
1501,eb25e547-e131-4165-924f-5065127d0332,trap
1501,eb25e547-e131-4165-924f-5065127d0332,pop rap
1501,eb25e547-e131-4165-924f-5065127d0332,rage
1501,eb25e547-e131-4165-924f-5065127d0332,rap
1501,eb25e547-e131-4165-924f-5065127d0332,southern hip hop
1501,eb25e547-e131-4165-924f-5065127d0332,plugg
1501,eb25e547-e131-4165-924f-5065127d0332,cloud rap
1501,eb25e547-e131-4165-924f-5065127d0332,english
1501,eb25e547-e131-4165-924f-5065127d0332,hip hop
1501,eb25e547-e131-4165-924f-5065127d0332,cloud rap
1501,eb25e547-e131-4165-924f-5065127d0332,hardcore hip hop
1501,eb25e547-e131-4165-924f-5065127d0332,trap
1501,eb25e547-e131-4165-924f-5065127d0332,experimental hip hop
1502,eb2d0d83-2dc4-4492-9206-7c8f7a33bf5f,alternative rock
1502,eb2d0d83-2dc4-4492-9206-7c8f7a33bf5f,rock
1502,eb2d0d83-2dc4-4492-9206-7c8f7a33bf5f,rock
1502,eb2d0d83-2dc4-4492-9206-7c8f7a33bf5f,blues rock
1502,eb2d0d83-2dc4-4492-9206-7c8f7a33bf5f,alternative rock
1502,eb2d0d83-2dc4-4492-9206-7c8f7a33bf5f,hard rock
1502,eb2d0d83-2dc4-4492-9206-7c8f7a33bf5f,all-female
1503,eb42a83e-dc51-436a-9972-1520a80c5115,progressive rap
1503,eb42a83e-dc51-436a-9972-1520a80c5115,contemporary rap
1503,eb42a83e-dc51-436a-9972-1520a80c5115,conscious rapper
1503,eb42a83e-dc51-436a-9972-1520a80c5115,2010s
1503,eb42a83e-dc51-436a-9972-1520a80c5115,2020s
1503,eb42a83e-dc51-436a-9972-1520a80c5115,gangsta rap
1503,eb42a83e-dc51-436a-9972-1520a80c5115,alternative hip hop
1503,eb42a83e-dc51-436a-9972-1520a80c5115,jazz rap
1503,eb42a83e-dc51-436a-9972-1520a80c5115,conscious hip hop
1503,eb42a83e-dc51-436a-9972-1520a80c5115,hip hop
1503,eb42a83e-dc51-436a-9972-1520a80c5115,hardcore hip hop
1503,eb42a83e-dc51-436a-9972-1520a80c5115,west coast hip hop
1503,eb42a83e-dc51-436a-9972-1520a80c5115,rap
1503,eb42a83e-dc51-436a-9972-1520a80c5115,r&b
1503,eb42a83e-dc51-436a-9972-1520a80c5115,pop rap
1503,eb42a83e-dc51-436a-9972-1520a80c5115,trap
1503,eb42a83e-dc51-436a-9972-1520a80c5115,pop
1503,eb42a83e-dc51-436a-9972-1520a80c5115,future bass
1503,eb42a83e-dc51-436a-9972-1520a80c5115,house
1503,eb42a83e-dc51-436a-9972-1520a80c5115,dance
1503,eb42a83e-dc51-436a-9972-1520a80c5115,disco
1503,eb42a83e-dc51-436a-9972-1520a80c5115,jazz
1504,eb5af8a1-7770-4f7d-acb8-196e0be2dac0,djent
1504,eb5af8a1-7770-4f7d-acb8-196e0be2dac0,progressive metal
1504,eb5af8a1-7770-4f7d-acb8-196e0be2dac0,alternative r&b
1504,eb5af8a1-7770-4f7d-acb8-196e0be2dac0,progressive rock
1504,eb5af8a1-7770-4f7d-acb8-196e0be2dac0,alternative metal
1504,eb5af8a1-7770-4f7d-acb8-196e0be2dac0,alternative pop
1504,eb5af8a1-7770-4f7d-acb8-196e0be2dac0,art pop
1505,ebe2fc53-175e-4217-a3c5-451659c3d352,metalcore
1505,ebe2fc53-175e-4217-a3c5-451659c3d352,hard rock
1506,ebfceda0-c47c-42e5-b4c3-8157a18f6d14,indie pop
1506,ebfceda0-c47c-42e5-b4c3-8157a18f6d14,alternative rock
1506,ebfceda0-c47c-42e5-b4c3-8157a18f6d14,tumblr
1507,ec0a778c-979a-453b-ad2c-87169f497dca,millennial
1507,ec0a778c-979a-453b-ad2c-87169f497dca,cloud rap
1507,ec0a778c-979a-453b-ad2c-87169f497dca,trap
1507,ec0a778c-979a-453b-ad2c-87169f497dca,east coast hip hop
1507,ec0a778c-979a-453b-ad2c-87169f497dca,2010s
1507,ec0a778c-979a-453b-ad2c-87169f497dca,rage
1507,ec0a778c-979a-453b-ad2c-87169f497dca,pop rap
1507,ec0a778c-979a-453b-ad2c-87169f497dca,hip hop
1507,ec0a778c-979a-453b-ad2c-87169f497dca,2020s
1507,ec0a778c-979a-453b-ad2c-87169f497dca,proto-rage
1507,ec0a778c-979a-453b-ad2c-87169f497dca,emo rap
1507,ec0a778c-979a-453b-ad2c-87169f497dca,pescetarian
1508,ec2c0dd0-b8d0-45eb-b4e3-dc9e5936546d,alternative rock
1508,ec2c0dd0-b8d0-45eb-b4e3-dc9e5936546d,progressive rock
1508,ec2c0dd0-b8d0-45eb-b4e3-dc9e5936546d,pop punk
1509,ec956a0c-5e4e-48db-b536-eed5357603f3,pop rap
1509,ec956a0c-5e4e-48db-b536-eed5357603f3,alternative r&b
1509,ec956a0c-5e4e-48db-b536-eed5357603f3,rap
1509,ec956a0c-5e4e-48db-b536-eed5357603f3,hip hop
1509,ec956a0c-5e4e-48db-b536-eed5357603f3,english
1510,ecd644ff-aba9-4901-ab6b-276408dc0364,trap rap
1510,ecd644ff-aba9-4901-ab6b-276408dc0364,hip hop
1510,ecd644ff-aba9-4901-ab6b-276408dc0364,2010s
1510,ecd644ff-aba9-4901-ab6b-276408dc0364,2020s
1510,ecd644ff-aba9-4901-ab6b-276408dc0364,trap
1510,ecd644ff-aba9-4901-ab6b-276408dc0364,english
1510,ecd644ff-aba9-4901-ab6b-276408dc0364,southern hip hop
1511,ed383ba1-e4c4-4c3c-9498-b2fc3169ed91,post-hardcore
1511,ed383ba1-e4c4-4c3c-9498-b2fc3169ed91,rapcore
1511,ed383ba1-e4c4-4c3c-9498-b2fc3169ed91,alternative
1511,ed383ba1-e4c4-4c3c-9498-b2fc3169ed91,rock
1511,ed383ba1-e4c4-4c3c-9498-b2fc3169ed91,alternative metal
1512,ed7835f6-c4a1-4b45-8dc1-be4d27f13a50,alternative rock
1512,ed7835f6-c4a1-4b45-8dc1-be4d27f13a50,post-hardcore
1512,ed7835f6-c4a1-4b45-8dc1-be4d27f13a50,metalcore
1513,eda4b4af-21ef-4494-8657-f68ec116d4ad,punk
1513,eda4b4af-21ef-4494-8657-f68ec116d4ad,melodic hardcore
1513,eda4b4af-21ef-4494-8657-f68ec116d4ad,punk rock
1513,eda4b4af-21ef-4494-8657-f68ec116d4ad,hardcore punk
1513,eda4b4af-21ef-4494-8657-f68ec116d4ad,rock
1513,eda4b4af-21ef-4494-8657-f68ec116d4ad,pop punk
1514,ee815faa-e07b-4a18-b3da-f7ccb229ac7f,future bass
1514,ee815faa-e07b-4a18-b3da-f7ccb229ac7f,house
1514,ee815faa-e07b-4a18-b3da-f7ccb229ac7f,dance
1514,ee815faa-e07b-4a18-b3da-f7ccb229ac7f,disco
1514,ee815faa-e07b-4a18-b3da-f7ccb229ac7f,progressive rap
1514,ee815faa-e07b-4a18-b3da-f7ccb229ac7f,hip hop
1514,ee815faa-e07b-4a18-b3da-f7ccb229ac7f,hardcore hip hop
1514,ee815faa-e07b-4a18-b3da-f7ccb229ac7f,west coast hip hop
1514,ee815faa-e07b-4a18-b3da-f7ccb229ac7f,rap
1514,ee815faa-e07b-4a18-b3da-f7ccb229ac7f,r&b
1514,ee815faa-e07b-4a18-b3da-f7ccb229ac7f,jazz
1514,ee815faa-e07b-4a18-b3da-f7ccb229ac7f,contemporary rap
1514,ee815faa-e07b-4a18-b3da-f7ccb229ac7f,pop rap
1514,ee815faa-e07b-4a18-b3da-f7ccb229ac7f,trap
1514,ee815faa-e07b-4a18-b3da-f7ccb229ac7f,2010s
1514,ee815faa-e07b-4a18-b3da-f7ccb229ac7f,2020s
1514,ee815faa-e07b-4a18-b3da-f7ccb229ac7f,pop
1514,ee815faa-e07b-4a18-b3da-f7ccb229ac7f,gangsta rap
1514,ee815faa-e07b-4a18-b3da-f7ccb229ac7f,conscious hip hop
1514,ee815faa-e07b-4a18-b3da-f7ccb229ac7f,jazz rap
1514,ee815faa-e07b-4a18-b3da-f7ccb229ac7f,alternative hip hop
1514,ee815faa-e07b-4a18-b3da-f7ccb229ac7f,conscious rapper
1515,ef80404d-35db-44c3-9d27-371aeba4d6fc,alternative r&b
1515,ef80404d-35db-44c3-9d27-371aeba4d6fc,neo soul
1515,ef80404d-35db-44c3-9d27-371aeba4d6fc,soul
1515,ef80404d-35db-44c3-9d27-371aeba4d6fc,r&b
1516,f094b32c-d8ec-46a0-a1b6-b4f3a9fc8d83,hip hop
1516,f094b32c-d8ec-46a0-a1b6-b4f3a9fc8d83,trap latino
1516,f094b32c-d8ec-46a0-a1b6-b4f3a9fc8d83,latin trap
1516,f094b32c-d8ec-46a0-a1b6-b4f3a9fc8d83,reggaeton
1516,f094b32c-d8ec-46a0-a1b6-b4f3a9fc8d83,latin
1517,f1475d0f-04ca-4dc4-b3d4-4188a3fd0033,
1518,f18849e6-e805-4bbb-ab79-f2d4f0a236e5,metalcore
1518,f18849e6-e805-4bbb-ab79-f2d4f0a236e5,metal
1518,f18849e6-e805-4bbb-ab79-f2d4f0a236e5,emo
1518,f18849e6-e805-4bbb-ab79-f2d4f0a236e5,metalcore
1518,f18849e6-e805-4bbb-ab79-f2d4f0a236e5,post-hardcore
1518,f18849e6-e805-4bbb-ab79-f2d4f0a236e5,rock
1519,f1b3f5a1-5087-407c-beb1-cc2e5b4c565e,alternative rock
1519,f1b3f5a1-5087-407c-beb1-cc2e5b4c565e,indie pop
1519,f1b3f5a1-5087-407c-beb1-cc2e5b4c565e,tumblr
1520,f1e57531-e0df-4b3e-938f-1ae30c5b1a11,psychedelic pop
1520,f1e57531-e0df-4b3e-938f-1ae30c5b1a11,pop
1520,f1e57531-e0df-4b3e-938f-1ae30c5b1a11,rock
1520,f1e57531-e0df-4b3e-938f-1ae30c5b1a11,uk
1520,f1e57531-e0df-4b3e-938f-1ae30c5b1a11,neo-psychedelia
1520,f1e57531-e0df-4b3e-938f-1ae30c5b1a11,garage rock revival
1520,f1e57531-e0df-4b3e-938f-1ae30c5b1a11,alternative
1520,f1e57531-e0df-4b3e-938f-1ae30c5b1a11,dance
1520,f1e57531-e0df-4b3e-938f-1ae30c5b1a11,alternative rock
1520,f1e57531-e0df-4b3e-938f-1ae30c5b1a11,alternative/indie rock
1520,f1e57531-e0df-4b3e-938f-1ae30c5b1a11,sheffield
1520,f1e57531-e0df-4b3e-938f-1ae30c5b1a11,indie rock
1520,f1e57531-e0df-4b3e-938f-1ae30c5b1a11,art rock
1520,f1e57531-e0df-4b3e-938f-1ae30c5b1a11,post-punk revival
1520,f1e57531-e0df-4b3e-938f-1ae30c5b1a11,electronica
1520,f1e57531-e0df-4b3e-938f-1ae30c5b1a11,baroque pop
1520,f1e57531-e0df-4b3e-938f-1ae30c5b1a11,psychedelic rock
1520,f1e57531-e0df-4b3e-938f-1ae30c5b1a11,garage rock
1520,f1e57531-e0df-4b3e-938f-1ae30c5b1a11,british
1520,f1e57531-e0df-4b3e-938f-1ae30c5b1a11,house
1521,f24e6453-f3a2-4c5c-aae4-2950a4486030,cloud rap
1521,f24e6453-f3a2-4c5c-aae4-2950a4486030,hip hop
1521,f24e6453-f3a2-4c5c-aae4-2950a4486030,hardcore hip hop
1521,f24e6453-f3a2-4c5c-aae4-2950a4486030,east coast hip hop
1521,f24e6453-f3a2-4c5c-aae4-2950a4486030,cloud rap
1521,f24e6453-f3a2-4c5c-aae4-2950a4486030,trap
1521,f24e6453-f3a2-4c5c-aae4-2950a4486030,hardcore hip hop
1521,f24e6453-f3a2-4c5c-aae4-2950a4486030,hip hop
1521,f24e6453-f3a2-4c5c-aae4-2950a4486030,hip hop
1521,f24e6453-f3a2-4c5c-aae4-2950a4486030,horrorcore
1521,f24e6453-f3a2-4c5c-aae4-2950a4486030,west coast hip hop
1521,f24e6453-f3a2-4c5c-aae4-2950a4486030,pop rap
1521,f24e6453-f3a2-4c5c-aae4-2950a4486030,pop rap
1521,f24e6453-f3a2-4c5c-aae4-2950a4486030,east coast hip hop
1521,f24e6453-f3a2-4c5c-aae4-2950a4486030,rap
1521,f24e6453-f3a2-4c5c-aae4-2950a4486030,english
1521,f24e6453-f3a2-4c5c-aae4-2950a4486030,southern hip hop
1521,f24e6453-f3a2-4c5c-aae4-2950a4486030,experimental hip hop
1521,f24e6453-f3a2-4c5c-aae4-2950a4486030,rage
1521,f24e6453-f3a2-4c5c-aae4-2950a4486030,trap
1521,f24e6453-f3a2-4c5c-aae4-2950a4486030,cloud rap
1521,f24e6453-f3a2-4c5c-aae4-2950a4486030,plugg
1521,f24e6453-f3a2-4c5c-aae4-2950a4486030,hip hop
1521,f24e6453-f3a2-4c5c-aae4-2950a4486030,trap
1522,f2ec3b75-8f32-45ba-970f-05d994e1fd19,hip hop
1522,f2ec3b75-8f32-45ba-970f-05d994e1fd19,rapper
1522,f2ec3b75-8f32-45ba-970f-05d994e1fd19,southern hip hop
1522,f2ec3b75-8f32-45ba-970f-05d994e1fd19,trap
1523,f2f81099-d189-47a5-8947-bd1146061149,pop rap
1523,f2f81099-d189-47a5-8947-bd1146061149,contemporary r&b
1523,f2f81099-d189-47a5-8947-bd1146061149,hip house
1523,f2f81099-d189-47a5-8947-bd1146061149,electropop
1523,f2f81099-d189-47a5-8947-bd1146061149,electro house
1523,f2f81099-d189-47a5-8947-bd1146061149,dance-pop
1523,f2f81099-d189-47a5-8947-bd1146061149,hip hop
1524,f34a505d-db1e-430d-913a-9daed181b7c0,
1525,f34e1492-ccbf-4c40-af1b-ac8fbeef30b7,tumblr
1525,f34e1492-ccbf-4c40-af1b-ac8fbeef30b7,alternative rock
1525,f34e1492-ccbf-4c40-af1b-ac8fbeef30b7,indie pop
1526,f36d7744-296e-47b5-add8-9181592dd2da,progressive rock
1526,f36d7744-296e-47b5-add8-9181592dd2da,easycore
1526,f36d7744-296e-47b5-add8-9181592dd2da,alternative/indie rock
1526,f36d7744-296e-47b5-add8-9181592dd2da,melodic hardcore
1526,f36d7744-296e-47b5-add8-9181592dd2da,screamo
1526,f36d7744-296e-47b5-add8-9181592dd2da,millennial
1526,f36d7744-296e-47b5-add8-9181592dd2da,pop
1526,f36d7744-296e-47b5-add8-9181592dd2da,rock
1526,f36d7744-296e-47b5-add8-9181592dd2da,post-hardcore
1526,f36d7744-296e-47b5-add8-9181592dd2da,alternative
1526,f36d7744-296e-47b5-add8-9181592dd2da,alternative rock
1526,f36d7744-296e-47b5-add8-9181592dd2da,pop screamo
1526,f36d7744-296e-47b5-add8-9181592dd2da,pop punk
1526,f36d7744-296e-47b5-add8-9181592dd2da,pop rock
1526,f36d7744-296e-47b5-add8-9181592dd2da,scene
1526,f36d7744-296e-47b5-add8-9181592dd2da,emo
1526,f36d7744-296e-47b5-add8-9181592dd2da,hardcore punk
1526,f36d7744-296e-47b5-add8-9181592dd2da,experimental rock
1527,f3997e75-ab27-494e-b93e-d38b19ebdb9b,rap
1527,f3997e75-ab27-494e-b93e-d38b19ebdb9b,hip hop
1528,f3b4e242-03f3-49fe-ba46-4b60b648df95,pop punk
1528,f3b4e242-03f3-49fe-ba46-4b60b648df95,post-hardcore
1528,f3b4e242-03f3-49fe-ba46-4b60b648df95,pop screamo
1528,f3b4e242-03f3-49fe-ba46-4b60b648df95,acoustic
1528,f3b4e242-03f3-49fe-ba46-4b60b648df95,metalcore
1528,f3b4e242-03f3-49fe-ba46-4b60b648df95,alternative rock
1528,f3b4e242-03f3-49fe-ba46-4b60b648df95,emo pop
1529,f41c929e-ba45-456e-979d-58d9d7ea73ec,post-hardcore
1529,f41c929e-ba45-456e-979d-58d9d7ea73ec,experimental rock
1530,f454f301-aeaf-4536-8e78-eb428bdf13fe,rapper
1530,f454f301-aeaf-4536-8e78-eb428bdf13fe,trap
1530,f454f301-aeaf-4536-8e78-eb428bdf13fe,hip hop
1530,f454f301-aeaf-4536-8e78-eb428bdf13fe,southern hip hop
1531,f47d2a02-51cd-409c-9d57-759fc45000d1,rap
1531,f47d2a02-51cd-409c-9d57-759fc45000d1,hip hop
1532,f5132c2a-203e-454a-9518-e994e40daf3a,columbus [oh]
1532,f5132c2a-203e-454a-9518-e994e40daf3a,alternative electronic
1532,f5132c2a-203e-454a-9518-e994e40daf3a,pop rap
1532,f5132c2a-203e-454a-9518-e994e40daf3a,hip hop
1532,f5132c2a-203e-454a-9518-e994e40daf3a,alternative rap
1532,f5132c2a-203e-454a-9518-e994e40daf3a,rap
1532,f5132c2a-203e-454a-9518-e994e40daf3a,alternative rock
1532,f5132c2a-203e-454a-9518-e994e40daf3a,alternative pop
1532,f5132c2a-203e-454a-9518-e994e40daf3a,piano rock
1532,f5132c2a-203e-454a-9518-e994e40daf3a,indie pop
1532,f5132c2a-203e-454a-9518-e994e40daf3a,indietronica
1532,f5132c2a-203e-454a-9518-e994e40daf3a,alternative hip hop
1532,f5132c2a-203e-454a-9518-e994e40daf3a,indie
1532,f5132c2a-203e-454a-9518-e994e40daf3a,rock
1532,f5132c2a-203e-454a-9518-e994e40daf3a,electropop
1533,f55b8704-f119-4103-9988-0eb4f713c880,rap
1533,f55b8704-f119-4103-9988-0eb4f713c880,gen z
1533,f55b8704-f119-4103-9988-0eb4f713c880,trap metal
1533,f55b8704-f119-4103-9988-0eb4f713c880,emo rap
1533,f55b8704-f119-4103-9988-0eb4f713c880,death by murder
1533,f55b8704-f119-4103-9988-0eb4f713c880,hip hop
1533,f55b8704-f119-4103-9988-0eb4f713c880,trap
1533,f55b8704-f119-4103-9988-0eb4f713c880,2010s
1534,f63cd83d-cfcc-4531-972e-630caf71c4b3,rapper
1534,f63cd83d-cfcc-4531-972e-630caf71c4b3,southern hip hop
1534,f63cd83d-cfcc-4531-972e-630caf71c4b3,trap
1534,f63cd83d-cfcc-4531-972e-630caf71c4b3,hip hop
1534,f63cd83d-cfcc-4531-972e-630caf71c4b3,hip hop
1534,f63cd83d-cfcc-4531-972e-630caf71c4b3,contemporary r&b
1534,f63cd83d-cfcc-4531-972e-630caf71c4b3,alternative r&b
1534,f63cd83d-cfcc-4531-972e-630caf71c4b3,trap soul
1534,f63cd83d-cfcc-4531-972e-630caf71c4b3,2010s
1534,f63cd83d-cfcc-4531-972e-630caf71c4b3,pop soul
1534,f63cd83d-cfcc-4531-972e-630caf71c4b3,hip hop soul
1534,f63cd83d-cfcc-4531-972e-630caf71c4b3,pop rap
1534,f63cd83d-cfcc-4531-972e-630caf71c4b3,dance-pop
1534,f63cd83d-cfcc-4531-972e-630caf71c4b3,pop
1534,f63cd83d-cfcc-4531-972e-630caf71c4b3,trap soul
1534,f63cd83d-cfcc-4531-972e-630caf71c4b3,contemporary r&b
1534,f63cd83d-cfcc-4531-972e-630caf71c4b3,alternative r&b
1535,f647ef98-2468-40fe-a33b-04a91e955990,rapper
1535,f647ef98-2468-40fe-a33b-04a91e955990,southern hip hop
1535,f647ef98-2468-40fe-a33b-04a91e955990,trap
1535,f647ef98-2468-40fe-a33b-04a91e955990,hip hop
1535,f647ef98-2468-40fe-a33b-04a91e955990,r&b
1536,f68694bf-b0bc-4af9-94da-2bdd5f24e790,progressive rock
1536,f68694bf-b0bc-4af9-94da-2bdd5f24e790,post-hardcore
1536,f68694bf-b0bc-4af9-94da-2bdd5f24e790,swancore
1537,f6d454f4-9d17-4b4e-9bcb-ef92563e356f,red dirt
1537,f6d454f4-9d17-4b4e-9bcb-ef92563e356f,americana
1537,f6d454f4-9d17-4b4e-9bcb-ef92563e356f,alternative country
1537,f6d454f4-9d17-4b4e-9bcb-ef92563e356f,country soul
1537,f6d454f4-9d17-4b4e-9bcb-ef92563e356f,country
1538,f7a6b05e-3b55-44dc-b341-74c977de9c73,pop rap
1538,f7a6b05e-3b55-44dc-b341-74c977de9c73,boom bap
1538,f7a6b05e-3b55-44dc-b341-74c977de9c73,hip hop
1538,f7a6b05e-3b55-44dc-b341-74c977de9c73,east coast hip hop
1538,f7a6b05e-3b55-44dc-b341-74c977de9c73,conscious hip hop
1538,f7a6b05e-3b55-44dc-b341-74c977de9c73,alternative hip hop
1539,f87dc257-fa1f-41d4-b630-fd36f9175c3e,new wave
1539,f87dc257-fa1f-41d4-b630-fd36f9175c3e,power pop
1539,f87dc257-fa1f-41d4-b630-fd36f9175c3e,female fronted
1539,f87dc257-fa1f-41d4-b630-fd36f9175c3e,nuno
1539,f87dc257-fa1f-41d4-b630-fd36f9175c3e,emo pop
1539,f87dc257-fa1f-41d4-b630-fd36f9175c3e,alternative rock
1539,f87dc257-fa1f-41d4-b630-fd36f9175c3e,rock
1539,f87dc257-fa1f-41d4-b630-fd36f9175c3e,pop
1539,f87dc257-fa1f-41d4-b630-fd36f9175c3e,emo-pop
1539,f87dc257-fa1f-41d4-b630-fd36f9175c3e,emo
1539,f87dc257-fa1f-41d4-b630-fd36f9175c3e,pop punk
1539,f87dc257-fa1f-41d4-b630-fd36f9175c3e,alternative
1539,f87dc257-fa1f-41d4-b630-fd36f9175c3e,female vocalists
1539,f87dc257-fa1f-41d4-b630-fd36f9175c3e,acoustic rock
1539,f87dc257-fa1f-41d4-b630-fd36f9175c3e,pop rock
1540,f9054a16-05ae-4eea-ac20-a71af04de7c9,rock
1540,f9054a16-05ae-4eea-ac20-a71af04de7c9,emo-pop
1540,f9054a16-05ae-4eea-ac20-a71af04de7c9,acoustic rock
1540,f9054a16-05ae-4eea-ac20-a71af04de7c9,pop rock
1540,f9054a16-05ae-4eea-ac20-a71af04de7c9,new wave
1540,f9054a16-05ae-4eea-ac20-a71af04de7c9,pop punk
1540,f9054a16-05ae-4eea-ac20-a71af04de7c9,pop
1540,f9054a16-05ae-4eea-ac20-a71af04de7c9,nuno
1540,f9054a16-05ae-4eea-ac20-a71af04de7c9,alternative
1540,f9054a16-05ae-4eea-ac20-a71af04de7c9,power pop
1540,f9054a16-05ae-4eea-ac20-a71af04de7c9,alternative rock
1540,f9054a16-05ae-4eea-ac20-a71af04de7c9,female vocalists
1540,f9054a16-05ae-4eea-ac20-a71af04de7c9,emo
1540,f9054a16-05ae-4eea-ac20-a71af04de7c9,emo pop
1540,f9054a16-05ae-4eea-ac20-a71af04de7c9,female fronted
1541,f90ebe43-e00f-4ceb-b74a-74d9b77c8800,j. cole
1541,f90ebe43-e00f-4ceb-b74a-74d9b77c8800,top 100
1541,f90ebe43-e00f-4ceb-b74a-74d9b77c8800,rapper
1541,f90ebe43-e00f-4ceb-b74a-74d9b77c8800,southern hip hop
1541,f90ebe43-e00f-4ceb-b74a-74d9b77c8800,trap
1541,f90ebe43-e00f-4ceb-b74a-74d9b77c8800,hip hop
1541,f90ebe43-e00f-4ceb-b74a-74d9b77c8800,southern hip hop
1541,f90ebe43-e00f-4ceb-b74a-74d9b77c8800,hip hop
1541,f90ebe43-e00f-4ceb-b74a-74d9b77c8800,hip hop
1541,f90ebe43-e00f-4ceb-b74a-74d9b77c8800,contemporary r&b
1541,f90ebe43-e00f-4ceb-b74a-74d9b77c8800,alternative r&b
1541,f90ebe43-e00f-4ceb-b74a-74d9b77c8800,trap soul
1541,f90ebe43-e00f-4ceb-b74a-74d9b77c8800,2010s
1541,f90ebe43-e00f-4ceb-b74a-74d9b77c8800,pop soul
1541,f90ebe43-e00f-4ceb-b74a-74d9b77c8800,hip hop soul
1542,f93ab292-594b-4bdd-93dd-7abc8c905314,2020s
1542,f93ab292-594b-4bdd-93dd-7abc8c905314,2010s
1542,f93ab292-594b-4bdd-93dd-7abc8c905314,country
1543,f9462766-8938-4bb8-8d4a-1d4f5d4b0144,alternative rock
1543,f9462766-8938-4bb8-8d4a-1d4f5d4b0144,pop rock
1543,f9462766-8938-4bb8-8d4a-1d4f5d4b0144,hard rock
1544,f957d1f4-e81c-4766-9585-a1611d4231d5,rap
1544,f957d1f4-e81c-4766-9585-a1611d4231d5,hip hop
1544,f957d1f4-e81c-4766-9585-a1611d4231d5,hip hop
1544,f957d1f4-e81c-4766-9585-a1611d4231d5,hip hop rnb and dance hall
1545,f95fd73e-5629-4c76-bfb1-3dea29735367,alternative rock
1545,f95fd73e-5629-4c76-bfb1-3dea29735367,hard rock
1545,f95fd73e-5629-4c76-bfb1-3dea29735367,metal
1545,f95fd73e-5629-4c76-bfb1-3dea29735367,rock
1546,faa94bd2-f31d-4eda-90c3-8b2eaf860939,alternative metal
1546,faa94bd2-f31d-4eda-90c3-8b2eaf860939,gothic metal
1546,faa94bd2-f31d-4eda-90c3-8b2eaf860939,post-hardcore
1546,faa94bd2-f31d-4eda-90c3-8b2eaf860939,industrial metal
1546,faa94bd2-f31d-4eda-90c3-8b2eaf860939,nu metal
1546,faa94bd2-f31d-4eda-90c3-8b2eaf860939,metal
1546,faa94bd2-f31d-4eda-90c3-8b2eaf860939,hardcore
1546,faa94bd2-f31d-4eda-90c3-8b2eaf860939,metalcore
1547,fae3baf5-c2df-4955-b8a3-934cca56ef8f,pop rock
1547,fae3baf5-c2df-4955-b8a3-934cca56ef8f,emo-pop
1547,fae3baf5-c2df-4955-b8a3-934cca56ef8f,alternative rock
1547,fae3baf5-c2df-4955-b8a3-934cca56ef8f,punk
1547,fae3baf5-c2df-4955-b8a3-934cca56ef8f,power pop
1547,fae3baf5-c2df-4955-b8a3-934cca56ef8f,neon pop
1547,fae3baf5-c2df-4955-b8a3-934cca56ef8f,alternative
1547,fae3baf5-c2df-4955-b8a3-934cca56ef8f,rock
1547,fae3baf5-c2df-4955-b8a3-934cca56ef8f,pop
1547,fae3baf5-c2df-4955-b8a3-934cca56ef8f,emo pop
1547,fae3baf5-c2df-4955-b8a3-934cca56ef8f,pop punk
1547,fae3baf5-c2df-4955-b8a3-934cca56ef8f,alternative/indie rock
1547,fae3baf5-c2df-4955-b8a3-934cca56ef8f,powerpop
1547,fae3baf5-c2df-4955-b8a3-934cca56ef8f,modern rock
1547,fae3baf5-c2df-4955-b8a3-934cca56ef8f,emo
1548,fb3663d8-4e75-4a31-8cb5-6ab09671e955,nu metal
1548,fb3663d8-4e75-4a31-8cb5-6ab09671e955,electronic
1548,fb3663d8-4e75-4a31-8cb5-6ab09671e955,drum and bass
1548,fb3663d8-4e75-4a31-8cb5-6ab09671e955,alternative rock
1548,fb3663d8-4e75-4a31-8cb5-6ab09671e955,hard rock
1548,fb3663d8-4e75-4a31-8cb5-6ab09671e955,pop
1548,fb3663d8-4e75-4a31-8cb5-6ab09671e955,melodic metalcore
1548,fb3663d8-4e75-4a31-8cb5-6ab09671e955,electronic rock
1548,fb3663d8-4e75-4a31-8cb5-6ab09671e955,deathcore
1548,fb3663d8-4e75-4a31-8cb5-6ab09671e955,emo
1548,fb3663d8-4e75-4a31-8cb5-6ab09671e955,alternative/indie rock
1548,fb3663d8-4e75-4a31-8cb5-6ab09671e955,metalcore
1548,fb3663d8-4e75-4a31-8cb5-6ab09671e955,post-hardcore
1548,fb3663d8-4e75-4a31-8cb5-6ab09671e955,pop rock
1548,fb3663d8-4e75-4a31-8cb5-6ab09671e955,alternative metal
1548,fb3663d8-4e75-4a31-8cb5-6ab09671e955,house
1548,fb3663d8-4e75-4a31-8cb5-6ab09671e955,heavy metal
1548,fb3663d8-4e75-4a31-8cb5-6ab09671e955,psychedelic rock
1548,fb3663d8-4e75-4a31-8cb5-6ab09671e955,screamo
1548,fb3663d8-4e75-4a31-8cb5-6ab09671e955,rock
1549,fd148908-3045-4a39-83b9-70a56706c194,alternative rock
1549,fd148908-3045-4a39-83b9-70a56706c194,group turned solo project
1549,fd148908-3045-4a39-83b9-70a56706c194,emo pop
1549,fd148908-3045-4a39-83b9-70a56706c194,baroque pop
1549,fd148908-3045-4a39-83b9-70a56706c194,emo
1549,fd148908-3045-4a39-83b9-70a56706c194,electropop
1549,fd148908-3045-4a39-83b9-70a56706c194,rock
1549,fd148908-3045-4a39-83b9-70a56706c194,pop punk
1549,fd148908-3045-4a39-83b9-70a56706c194,pop rock
1549,fd148908-3045-4a39-83b9-70a56706c194,power pop
1549,fd148908-3045-4a39-83b9-70a56706c194,chamber pop
1550,fd69efd1-fce5-49aa-96b6-c10c51d3404b,rap
1550,fd69efd1-fce5-49aa-96b6-c10c51d3404b,hip hop
1551,fd8bddea-3038-48bd-82fc-adc137f29c00,rock
1551,fd8bddea-3038-48bd-82fc-adc137f29c00,alternative rock
1551,fd8bddea-3038-48bd-82fc-adc137f29c00,pop rock
1552,fd9d5344-379d-4cc5-9b4b-88cdd6ed9e76,metalcore
1552,fd9d5344-379d-4cc5-9b4b-88cdd6ed9e76,emo pop
1552,fd9d5344-379d-4cc5-9b4b-88cdd6ed9e76,post-hardcore
1552,fd9d5344-379d-4cc5-9b4b-88cdd6ed9e76,acoustic
1552,fd9d5344-379d-4cc5-9b4b-88cdd6ed9e76,pop screamo
1552,fd9d5344-379d-4cc5-9b4b-88cdd6ed9e76,pop punk
1552,fd9d5344-379d-4cc5-9b4b-88cdd6ed9e76,alternative rock
1553,fdc14ab6-3403-496b-99b3-1dd3fb4a8fa8,sxsw
1553,fdc14ab6-3403-496b-99b3-1dd3fb4a8fa8,rap
1553,fdc14ab6-3403-496b-99b3-1dd3fb4a8fa8,trap rap
1553,fdc14ab6-3403-496b-99b3-1dd3fb4a8fa8,pop rap
1553,fdc14ab6-3403-496b-99b3-1dd3fb4a8fa8,trap
1553,fdc14ab6-3403-496b-99b3-1dd3fb4a8fa8,southern hip hop
1553,fdc14ab6-3403-496b-99b3-1dd3fb4a8fa8,southern hip hop
1553,fdc14ab6-3403-496b-99b3-1dd3fb4a8fa8,trap
1553,fdc14ab6-3403-496b-99b3-1dd3fb4a8fa8,hip hop
1553,fdc14ab6-3403-496b-99b3-1dd3fb4a8fa8,pop rap
1553,fdc14ab6-3403-496b-99b3-1dd3fb4a8fa8,pop rap
1553,fdc14ab6-3403-496b-99b3-1dd3fb4a8fa8,english
1553,fdc14ab6-3403-496b-99b3-1dd3fb4a8fa8,top 100
1553,fdc14ab6-3403-496b-99b3-1dd3fb4a8fa8,hip hop
1553,fdc14ab6-3403-496b-99b3-1dd3fb4a8fa8,alternative r&b
1553,fdc14ab6-3403-496b-99b3-1dd3fb4a8fa8,r&b
1553,fdc14ab6-3403-496b-99b3-1dd3fb4a8fa8,hardcore hip hop
1553,fdc14ab6-3403-496b-99b3-1dd3fb4a8fa8,hip hop
1553,fdc14ab6-3403-496b-99b3-1dd3fb4a8fa8,trap
1553,fdc14ab6-3403-496b-99b3-1dd3fb4a8fa8,top 5
1553,fdc14ab6-3403-496b-99b3-1dd3fb4a8fa8,top 10
1553,fdc14ab6-3403-496b-99b3-1dd3fb4a8fa8,pop
1553,fdc14ab6-3403-496b-99b3-1dd3fb4a8fa8,hip-hop
1553,fdc14ab6-3403-496b-99b3-1dd3fb4a8fa8,experimental hip hop
1553,fdc14ab6-3403-496b-99b3-1dd3fb4a8fa8,rap
1553,fdc14ab6-3403-496b-99b3-1dd3fb4a8fa8,contemporary r&b
1554,fddb92b8-f9f1-4545-9d7d-bf2931bd9b54,alternative r&b
1554,fddb92b8-f9f1-4545-9d7d-bf2931bd9b54,hip hop
1554,fddb92b8-f9f1-4545-9d7d-bf2931bd9b54,trap
1555,fe57a3fa-883e-4dad-9d5d-0ec9ae71774f,folk
1555,fe57a3fa-883e-4dad-9d5d-0ec9ae71774f,pop
1555,fe57a3fa-883e-4dad-9d5d-0ec9ae71774f,folk pop
1556,fea0cca5-29eb-4670-afdb-1d9b39a57717,pop punk
1556,fea0cca5-29eb-4670-afdb-1d9b39a57717,pop rock
1556,fea0cca5-29eb-4670-afdb-1d9b39a57717,punk
